{
  "area": [
    [
      0,
      0
    ],
    [
      0,
      0
    ],
    [
      0,
      0
    ],
    [
      0,
      0
    ]
  ],
  "area_number": 0,
  "bodyPitchOffset": [
    0
  ],
  "bodyYawOffset": [
    0
  ],
  "castAction": "attack1",
  "castActionTime": -1,
  "castEffect": {
    "effect": "asset/Actor/Gavel Green Dwarf/g2021_pet_gebuling2.effect",
    "once": true,
    "pos": {
      "x": 0,
      "y": 0,
      "z": 0
    },
    "scale": {
      "x": 1,
      "y": 1,
      "z": 1
    },
    "selfOnly": true,
    "yaw": 0
  },
  "cdMaskConfig": {
    "AntiClockwise": false,
    "FillPosition": "",
    "FillType": "Horizontal",
    "horizontalAlignment": 1,
    "verticalAlignment": 1
  },
  "cdTime": 100,
  "consumeVp": 0,
  "customizeSkill": true,
  "draggingEnabled": false,
  "enableCdMask": false,
  "enableCdTip": false,
  "frontSight": "",
  "horizontalAlignment": 1,
  "hurtDistance": 0.1,
  "icon": "",
  "icon_pushed": "",
  "ignoreCastSkillPreS": true,
  "isClick": false,
  "isShowCdPoint": false,
  "isTouch": false,
  "missileCfg": [
    "myplugin/898c69b6-98d0-4435-b966-f5d7c50b7ba5"
  ],
  "missileCount": 1,
  "preSwingTime": 0,
  "sensitivityFactor": 1,
  "startAction": "",
  "startActionTime": 0,
  "startFrom": "foot",
  "startPitch": [
    0
  ],
  "startPos": [
    {
      "x": 0,
      "y": 1.6,
      "z": 0
    }
  ],
  "startWait": [
    0
  ],
  "startYaw": [
    0
  ],
  "sustainAction": "",
  "targetType": "Self",
  "type": "Missile"
}