{
  "antiGravity": 0.0,
  "continueDamage": 0,
  "continueHeal": 0,
  "damage": 0,
  "damagePct": 0,
  "deadRemove": false,
  "deDmgPct": 0,
  "dropDamageRatio": 0,
  "dropDamageStart": 0,
  "gravity": 0.0,
  "hide": 0,
  "jumpSpeed": 0.0,
  "maxHp": 0,
  "moveAcc": 0.0,
  "moveFactor": 0,
  "moveSpeed": 0.0,
  "needSave": false,
  "reachDistance": 0,
  "skin": [],
  "sound": {
    "loop": true,
    "path": "asset/Etc/Audio/Smile for me.mp3",
    "selfOnly": true,
    "sound": "@Etc/Audio/Smile for me.mp3",
    "volume": 0.64
  },
  "sync": "all",
  "unassailable": 0,
  "undamageable": 0
}