{
  "additionalData": {
    "local_transform": [
      "1 0 -4.76837e-07 0 1 0 -3.72529e-09 0 1 -2.5332e-07 0 0",
      "0.998629 0 0.60835 0 1.65194 0 -0.00450245 0 0.998629 -0.65622 0.044342 0.0166993"
    ],
    "tillBaseScale": {
      "x": 0.34299695491791,
      "y": 0.18099695444107,
      "z": 3.986968755722
    }
  },
  "basicShapesData": [
    {
      "class": "Part",
      "properties": {
        "angleVelocity": "x:0 y:0 z:0",
        "batchType": "Static",
        "bloom": "false",
        "booleanOperation": "0",
        "cameraCollideEnable": "true",
        "collisionFidelity": "0",
        "collisionGroup": "1",
        "collisionUniqueKey": "",
        "customColor": "r:0.407843 g:0.403922 b:0.447059 a:1",
        "customThreshold": "1",
        "density": "2.2",
        "friction": "0.37",
        "id": "8782781793864646657",
        "individual": "false",
        "isLockedInEditor": "false",
        "isSelectInEditor": "false",
        "isVisibleInEditor": "true",
        "lineVelocity": "x:0 y:0 z:0",
        "materialAlpha": "1",
        "materialColor": "r:0.407843 g:0.403922 b:0.447059 a:1",
        "materialOffset": "x:1 y:1 z:1",
        "materialTexture": "part_suliao.tga",
        "name": "Part",
        "needSync": "true",
        "networkOwner": "0",
        "originSize": "x:1 y:1 z:1",
        "partNavMeshType": "1",
        "position": "x:0 y:0 z:0",
        "restitution": "0.3",
        "rotation": "x:-0 y:2.13443e-07 z:0",
        "scale": "x:1 y:1 z:1",
        "selectable": "true",
        "shape": "1",
        "sides": "24",
        "sideStack": "5",
        "sphereDivision": "3",
        "staticBatchNo": "",
        "staticObject": "false",
        "templateInstanceId": "8782781793864646657",
        "unionLastBox": "false",
        "useAnchor": "false",
        "useCollide": "true",
        "useGravity": "true"
      }
    },
    {
      "class": "Part",
      "properties": {
        "angleVelocity": "x:0 y:0 z:0",
        "batchType": "Static",
        "bloom": "false",
        "booleanOperation": "2",
        "cameraCollideEnable": "true",
        "collisionFidelity": "0",
        "collisionGroup": "1",
        "collisionUniqueKey": "",
        "customColor": "r:0.0196078 g:0.447059 b:0.282353 a:1",
        "customThreshold": "1",
        "density": "2.2",
        "friction": "0.37",
        "id": "8782781793874935809",
        "individual": "false",
        "isLockedInEditor": "false",
        "isSelectInEditor": "false",
        "isVisibleInEditor": "true",
        "lineVelocity": "x:0 y:0 z:0",
        "materialAlpha": "1",
        "materialColor": "r:0.0196078 g:0.447059 b:0.282353 a:1",
        "materialOffset": "x:1 y:1 z:1",
        "materialTexture": "part_suliao.tga",
        "name": "Part",
        "needSync": "true",
        "networkOwner": "0",
        "originSize": "x:1 y:1 z:1",
        "partNavMeshType": "1",
        "position": "x:-0.656219 y:0.044342 z:0.0166993",
        "restitution": "0.3",
        "rotation": "x:-0 y:0.258319 z:0",
        "scale": "x:0.99864 y:1.65194 z:1.16934",
        "selectable": "true",
        "shape": "1",
        "sides": "24",
        "sideStack": "5",
        "sphereDivision": "3",
        "staticBatchNo": "",
        "staticObject": "false",
        "templateInstanceId": "8782781793874935809",
        "unionLastBox": "false",
        "useAnchor": "false",
        "useCollide": "true",
        "useGravity": "true"
      }
    }
  ],
  "brushData": {
    "colors": [
      0,
      0,
      0,
      0,
      0,
      0,
      0,
      0,
      0,
      0,
      0,
      0,
      0,
      0,
      0,
      0,
      0,
      0,
      0,
      0,
      0,
      0,
      0,
      0,
      0,
      0,
      0,
      0,
      0,
      0,
      0,
      0,
      0,
      0,
      0,
      0,
      0,
      0,
      0,
      0
    ],
    "lightmapUVs": [
      {
        "x": 0.0,
        "y": 0.0
      },
      {
        "x": 0.0,
        "y": 0.0
      },
      {
        "x": 0.0,
        "y": 0.0
      },
      {
        "x": 0.0,
        "y": 0.0
      },
      {
        "x": 0.0,
        "y": 0.0
      },
      {
        "x": 0.0,
        "y": 0.0
      },
      {
        "x": 0.0,
        "y": 0.0
      },
      {
        "x": 0.0,
        "y": 0.0
      },
      {
        "x": 0.0,
        "y": 0.0
      },
      {
        "x": 0.0,
        "y": 0.0
      },
      {
        "x": 0.0,
        "y": 0.0
      },
      {
        "x": 0.0,
        "y": 0.0
      },
      {
        "x": 0.0,
        "y": 0.0
      },
      {
        "x": 0.0,
        "y": 0.0
      },
      {
        "x": 0.0,
        "y": 0.0
      },
      {
        "x": 0.0,
        "y": 0.0
      },
      {
        "x": 0.0,
        "y": 0.0
      },
      {
        "x": 0.0,
        "y": 0.0
      },
      {
        "x": 0.0,
        "y": 0.0
      },
      {
        "x": 0.0,
        "y": 0.0
      },
      {
        "x": 0.0,
        "y": 0.0
      },
      {
        "x": 0.0,
        "y": 0.0
      },
      {
        "x": 0.0,
        "y": 0.0
      },
      {
        "x": 0.0,
        "y": 0.0
      },
      {
        "x": 0.0,
        "y": 0.0
      },
      {
        "x": 0.0,
        "y": 0.0
      },
      {
        "x": 0.0,
        "y": 0.0
      },
      {
        "x": 0.0,
        "y": 0.0
      },
      {
        "x": 0.0,
        "y": 0.0
      },
      {
        "x": 0.0,
        "y": 0.0
      },
      {
        "x": 0.0,
        "y": 0.0
      },
      {
        "x": 0.0,
        "y": 0.0
      },
      {
        "x": 0.0,
        "y": 0.0
      },
      {
        "x": 0.0,
        "y": 0.0
      },
      {
        "x": 0.0,
        "y": 0.0
      },
      {
        "x": 0.0,
        "y": 0.0
      },
      {
        "x": 0.0,
        "y": 0.0
      },
      {
        "x": 0.0,
        "y": 0.0
      },
      {
        "x": 0.0,
        "y": 0.0
      },
      {
        "x": 0.0,
        "y": 0.0
      },
      {
        "x": 0.0,
        "y": 0.0
      },
      {
        "x": 0.0,
        "y": 0.0
      },
      {
        "x": 0.0,
        "y": 0.0
      },
      {
        "x": 0.0,
        "y": 0.0
      },
      {
        "x": 0.0,
        "y": 0.0
      },
      {
        "x": 0.0,
        "y": 0.0
      },
      {
        "x": 0.0,
        "y": 0.0
      },
      {
        "x": 0.0,
        "y": 0.0
      },
      {
        "x": 0.0,
        "y": 0.0
      },
      {
        "x": 0.0,
        "y": 0.0
      },
      {
        "x": 0.0,
        "y": 0.0
      },
      {
        "x": 0.0,
        "y": 0.0
      },
      {
        "x": 0.0,
        "y": 0.0
      },
      {
        "x": 0.0,
        "y": 0.0
      },
      {
        "x": 0.0,
        "y": 0.0
      },
      {
        "x": 0.0,
        "y": 0.0
      },
      {
        "x": 0.0,
        "y": 0.0
      },
      {
        "x": 0.0,
        "y": 0.0
      },
      {
        "x": 0.0,
        "y": 0.0
      },
      {
        "x": 0.0,
        "y": 0.0
      },
      {
        "x": 0.0,
        "y": 0.0
      },
      {
        "x": 0.0,
        "y": 0.0
      },
      {
        "x": 0.0,
        "y": 0.0
      },
      {
        "x": 0.0,
        "y": 0.0
      },
      {
        "x": 0.0,
        "y": 0.0
      },
      {
        "x": 0.0,
        "y": 0.0
      },
      {
        "x": 0.0,
        "y": 0.0
      },
      {
        "x": 0.0,
        "y": 0.0
      },
      {
        "x": 0.0,
        "y": 0.0
      },
      {
        "x": 0.0,
        "y": 0.0
      },
      {
        "x": 0.0,
        "y": 0.0
      },
      {
        "x": 0.0,
        "y": 0.0
      },
      {
        "x": 0.0,
        "y": 0.0
      },
      {
        "x": 0.0,
        "y": 0.0
      },
      {
        "x": 0.0,
        "y": 0.0
      },
      {
        "x": 0.0,
        "y": 0.0
      },
      {
        "x": 0.0,
        "y": 0.0
      },
      {
        "x": 0.0,
        "y": 0.0
      },
      {
        "x": 0.0,
        "y": 0.0
      },
      {
        "x": 0.0,
        "y": 0.0
      },
      {
        "x": 0.0,
        "y": 0.0
      },
      {
        "x": 0.0,
        "y": 0.0
      },
      {
        "x": 0.0,
        "y": 0.0
      },
      {
        "x": 0.0,
        "y": 0.0
      },
      {
        "x": 0.0,
        "y": 0.0
      },
      {
        "x": 0.0,
        "y": 0.0
      },
      {
        "x": 0.0,
        "y": 0.0
      },
      {
        "x": 0.0,
        "y": 0.0
      },
      {
        "x": 0.0,
        "y": 0.0
      },
      {
        "x": 0.0,
        "y": 0.0
      },
      {
        "x": 0.0,
        "y": 0.0
      },
      {
        "x": 0.0,
        "y": 0.0
      },
      {
        "x": 0.0,
        "y": 0.0
      },
      {
        "x": 0.0,
        "y": 0.0
      },
      {
        "x": 0.0,
        "y": 0.0
      },
      {
        "x": 0.0,
        "y": 0.0
      },
      {
        "x": 0.0,
        "y": 0.0
      },
      {
        "x": 0.0,
        "y": 0.0
      },
      {
        "x": 0.0,
        "y": 0.0
      },
      {
        "x": 0.0,
        "y": 0.0
      },
      {
        "x": 0.0,
        "y": 0.0
      },
      {
        "x": 0.0,
        "y": 0.0
      },
      {
        "x": 0.0,
        "y": 0.0
      },
      {
        "x": 0.0,
        "y": 0.0
      },
      {
        "x": 0.0,
        "y": 0.0
      },
      {
        "x": 0.0,
        "y": 0.0
      },
      {
        "x": 0.0,
        "y": 0.0
      },
      {
        "x": 0.0,
        "y": 0.0
      },
      {
        "x": 0.0,
        "y": 0.0
      },
      {
        "x": 0.0,
        "y": 0.0
      },
      {
        "x": 0.0,
        "y": 0.0
      },
      {
        "x": 0.0,
        "y": 0.0
      },
      {
        "x": 0.0,
        "y": 0.0
      },
      {
        "x": 0.0,
        "y": 0.0
      },
      {
        "x": 0.0,
        "y": 0.0
      },
      {
        "x": 0.0,
        "y": 0.0
      },
      {
        "x": 0.0,
        "y": 0.0
      },
      {
        "x": 0.0,
        "y": 0.0
      },
      {
        "x": 0.0,
        "y": 0.0
      },
      {
        "x": 0.0,
        "y": 0.0
      }
    ],
    "uv2s": [
      {
        "x": 0.0,
        "y": 0.0
      },
      {
        "x": 0.0,
        "y": 0.0
      },
      {
        "x": 0.0,
        "y": 0.0
      },
      {
        "x": 0.0,
        "y": 0.0
      },
      {
        "x": 0.0,
        "y": 0.0
      },
      {
        "x": 0.0,
        "y": 0.0
      },
      {
        "x": 0.0,
        "y": 0.0
      },
      {
        "x": 0.0,
        "y": 0.0
      },
      {
        "x": 0.0,
        "y": 0.0
      },
      {
        "x": 0.0,
        "y": 0.0
      },
      {
        "x": 0.0,
        "y": 0.0
      },
      {
        "x": 0.0,
        "y": 0.0
      },
      {
        "x": 0.0,
        "y": 0.0
      },
      {
        "x": 0.0,
        "y": 0.0
      },
      {
        "x": 0.0,
        "y": 0.0
      },
      {
        "x": 0.0,
        "y": 0.0
      },
      {
        "x": 0.0,
        "y": 0.0
      },
      {
        "x": 0.0,
        "y": 0.0
      },
      {
        "x": 0.0,
        "y": 0.0
      },
      {
        "x": 0.0,
        "y": 0.0
      },
      {
        "x": 0.0,
        "y": 0.0
      },
      {
        "x": 0.0,
        "y": 0.0
      },
      {
        "x": 0.0,
        "y": 0.0
      },
      {
        "x": 0.0,
        "y": 0.0
      },
      {
        "x": 0.0,
        "y": 0.0
      },
      {
        "x": 0.0,
        "y": 0.0
      },
      {
        "x": 0.0,
        "y": 0.0
      },
      {
        "x": 0.0,
        "y": 0.0
      },
      {
        "x": 0.0,
        "y": 0.0
      },
      {
        "x": 0.0,
        "y": 0.0
      },
      {
        "x": 0.0,
        "y": 0.0
      },
      {
        "x": 0.0,
        "y": 0.0
      },
      {
        "x": 0.0,
        "y": 0.0
      },
      {
        "x": 0.0,
        "y": 0.0
      },
      {
        "x": 0.0,
        "y": 0.0
      },
      {
        "x": 0.0,
        "y": 0.0
      },
      {
        "x": 0.0,
        "y": 0.0
      },
      {
        "x": 0.0,
        "y": 0.0
      },
      {
        "x": 0.0,
        "y": 0.0
      },
      {
        "x": 0.0,
        "y": 0.0
      },
      {
        "x": 0.0,
        "y": 0.0
      },
      {
        "x": 0.0,
        "y": 0.0
      },
      {
        "x": 0.0,
        "y": 0.0
      },
      {
        "x": 0.0,
        "y": 0.0
      },
      {
        "x": 0.0,
        "y": 0.0
      },
      {
        "x": 0.0,
        "y": 0.0
      },
      {
        "x": 0.0,
        "y": 0.0
      },
      {
        "x": 0.0,
        "y": 0.0
      },
      {
        "x": 0.0,
        "y": 0.0
      },
      {
        "x": 0.0,
        "y": 0.0
      },
      {
        "x": 0.0,
        "y": 0.0
      },
      {
        "x": 0.0,
        "y": 0.0
      },
      {
        "x": 0.0,
        "y": 0.0
      },
      {
        "x": 0.0,
        "y": 0.0
      },
      {
        "x": 0.0,
        "y": 0.0
      },
      {
        "x": 0.0,
        "y": 0.0
      },
      {
        "x": 0.0,
        "y": 0.0
      },
      {
        "x": 0.0,
        "y": 0.0
      },
      {
        "x": 0.0,
        "y": 0.0
      },
      {
        "x": 0.0,
        "y": 0.0
      },
      {
        "x": 0.0,
        "y": 0.0
      },
      {
        "x": 0.0,
        "y": 0.0
      },
      {
        "x": 0.0,
        "y": 0.0
      },
      {
        "x": 0.0,
        "y": 0.0
      },
      {
        "x": 0.0,
        "y": 0.0
      },
      {
        "x": 0.0,
        "y": 0.0
      },
      {
        "x": 0.0,
        "y": 0.0
      },
      {
        "x": 0.0,
        "y": 0.0
      },
      {
        "x": 0.0,
        "y": 0.0
      },
      {
        "x": 0.0,
        "y": 0.0
      },
      {
        "x": 0.0,
        "y": 0.0
      },
      {
        "x": 0.0,
        "y": 0.0
      },
      {
        "x": 0.0,
        "y": 0.0
      },
      {
        "x": 0.0,
        "y": 0.0
      },
      {
        "x": 0.0,
        "y": 0.0
      },
      {
        "x": 0.0,
        "y": 0.0
      },
      {
        "x": 0.0,
        "y": 0.0
      },
      {
        "x": 0.0,
        "y": 0.0
      },
      {
        "x": 0.0,
        "y": 0.0
      },
      {
        "x": 0.0,
        "y": 0.0
      },
      {
        "x": 0.0,
        "y": 0.0
      },
      {
        "x": 0.0,
        "y": 0.0
      },
      {
        "x": 0.0,
        "y": 0.0
      },
      {
        "x": 0.0,
        "y": 0.0
      },
      {
        "x": 0.0,
        "y": 0.0
      },
      {
        "x": 0.0,
        "y": 0.0
      },
      {
        "x": 0.0,
        "y": 0.0
      },
      {
        "x": 0.0,
        "y": 0.0
      },
      {
        "x": 0.0,
        "y": 0.0
      },
      {
        "x": 0.0,
        "y": 0.0
      },
      {
        "x": 0.0,
        "y": 0.0
      },
      {
        "x": 0.0,
        "y": 0.0
      },
      {
        "x": 0.0,
        "y": 0.0
      },
      {
        "x": 0.0,
        "y": 0.0
      },
      {
        "x": 0.0,
        "y": 0.0
      },
      {
        "x": 0.0,
        "y": 0.0
      },
      {
        "x": 0.0,
        "y": 0.0
      },
      {
        "x": 0.0,
        "y": 0.0
      },
      {
        "x": 0.0,
        "y": 0.0
      },
      {
        "x": 0.0,
        "y": 0.0
      },
      {
        "x": 0.0,
        "y": 0.0
      },
      {
        "x": 0.0,
        "y": 0.0
      },
      {
        "x": 0.0,
        "y": 0.0
      },
      {
        "x": 0.0,
        "y": 0.0
      },
      {
        "x": 0.0,
        "y": 0.0
      },
      {
        "x": 0.0,
        "y": 0.0
      },
      {
        "x": 0.0,
        "y": 0.0
      },
      {
        "x": 0.0,
        "y": 0.0
      },
      {
        "x": 0.0,
        "y": 0.0
      },
      {
        "x": 0.0,
        "y": 0.0
      },
      {
        "x": 0.0,
        "y": 0.0
      },
      {
        "x": 0.0,
        "y": 0.0
      },
      {
        "x": 0.0,
        "y": 0.0
      },
      {
        "x": 0.0,
        "y": 0.0
      },
      {
        "x": 0.0,
        "y": 0.0
      },
      {
        "x": 0.0,
        "y": 0.0
      },
      {
        "x": 0.0,
        "y": 0.0
      },
      {
        "x": 0.0,
        "y": 0.0
      },
      {
        "x": 0.0,
        "y": 0.0
      },
      {
        "x": 0.0,
        "y": 0.0
      }
    ],
    "uv3s": [
      {
        "x": 3.9869694709778,
        "y": 0.18099696934223
      },
      {
        "x": 0.0,
        "y": 0.18099696934223
      },
      {
        "x": 0.0,
        "y": 0.0
      },
      {
        "x": 0.0,
        "y": 0.0
      },
      {
        "x": 3.9869694709778,
        "y": 0.0
      },
      {
        "x": 3.9869694709778,
        "y": 0.18099696934223
      },
      {
        "x": 0.21913613379002,
        "y": 0.11563652008772
      },
      {
        "x": 0.34299695491791,
        "y": 0.18099696934223
      },
      {
        "x": 0.21913614869118,
        "y": 0.18099696934223
      },
      {
        "x": 0.21913614869118,
        "y": 0.0
      },
      {
        "x": 0.34299695491791,
        "y": 0.0
      },
      {
        "x": 0.34299695491791,
        "y": 0.18099696934223
      },
      {
        "x": 0.21913614869118,
        "y": 0.0
      },
      {
        "x": 0.34299695491791,
        "y": 0.18099696934223
      },
      {
        "x": 0.21913610398769,
        "y": 0.11563651263714
      },
      {
        "x": 0.061035946011543,
        "y": 0.18099696934223
      },
      {
        "x": 0.0,
        "y": 0.18099696934223
      },
      {
        "x": 0.0,
        "y": 0.0
      },
      {
        "x": 0.061035946011543,
        "y": 0.18099696934223
      },
      {
        "x": 0.0,
        "y": 0.0
      },
      {
        "x": 0.061035826802254,
        "y": 0.0027708513662219
      },
      {
        "x": 0.061035946011543,
        "y": 0.0027708567213267
      },
      {
        "x": 0.0,
        "y": 0.0
      },
      {
        "x": 0.061035946011543,
        "y": 0.0
      },
      {
        "x": 0.34299695491791,
        "y": 0.18099696934223
      },
      {
        "x": 0.0,
        "y": 0.18099696934223
      },
      {
        "x": 0.0,
        "y": 0.0
      },
      {
        "x": 0.0,
        "y": 0.0
      },
      {
        "x": 0.34299695491791,
        "y": 0.0
      },
      {
        "x": 0.34299695491791,
        "y": 0.18099696934223
      },
      {
        "x": 3.9869694709778,
        "y": 0.34299695491791
      },
      {
        "x": 0.0,
        "y": 0.34299695491791
      },
      {
        "x": 0.8376572728157,
        "y": 0.1752362549305
      },
      {
        "x": 0.8376572728157,
        "y": 0.1752362549305
      },
      {
        "x": 0.0,
        "y": 0.34299695491791
      },
      {
        "x": 0.0,
        "y": 0.21913616359234
      },
      {
        "x": 1.5829254388809,
        "y": 0.13617826998234
      },
      {
        "x": 3.9869694709778,
        "y": 0.34299695491791
      },
      {
        "x": 0.8376572728157,
        "y": 0.1752362549305
      },
      {
        "x": 3.925933599472,
        "y": 0.0
      },
      {
        "x": 3.9869694709778,
        "y": 0.0
      },
      {
        "x": 3.9266331195831,
        "y": 0.01334941573441
      },
      {
        "x": 3.9869694709778,
        "y": 0.0
      },
      {
        "x": 3.9869694709778,
        "y": 0.34299695491791
      },
      {
        "x": 3.9266331195831,
        "y": 0.01334941573441
      },
      {
        "x": 3.9266331195831,
        "y": 0.01334941573441
      },
      {
        "x": 3.9869694709778,
        "y": 0.34299695491791
      },
      {
        "x": 1.5829255580902,
        "y": 0.1361782848835
      },
      {
        "x": 3.9869694709778,
        "y": 0.34299695491791
      },
      {
        "x": 0.0,
        "y": 0.34299695491791
      },
      {
        "x": 0.060336329042912,
        "y": 0.013349376618862
      },
      {
        "x": 0.0,
        "y": 0.34299695491791
      },
      {
        "x": 0.0,
        "y": 0.0
      },
      {
        "x": 0.060336329042912,
        "y": 0.013349376618862
      },
      {
        "x": 0.30299907922745,
        "y": 0.026066854596138
      },
      {
        "x": 3.9869694709778,
        "y": 0.34299695491791
      },
      {
        "x": 0.060336329042912,
        "y": 0.013349376618862
      },
      {
        "x": 0.060336329042912,
        "y": 0.013349376618862
      },
      {
        "x": 0.0,
        "y": 0.0
      },
      {
        "x": 0.060761958360672,
        "y": 0.0052273203618824
      },
      {
        "x": 0.060824859887362,
        "y": 0.0040260581299663
      },
      {
        "x": 0.0,
        "y": 0.0
      },
      {
        "x": 0.061035949736834,
        "y": 0.0
      },
      {
        "x": 3.9869694709778,
        "y": 0.21913614869118
      },
      {
        "x": 3.9869694709778,
        "y": 0.34299695491791
      },
      {
        "x": 0.73911917209625,
        "y": 0.048922996968031
      },
      {
        "x": 0.060762003064156,
        "y": 0.0052273240871727
      },
      {
        "x": 0.0,
        "y": 0.0
      },
      {
        "x": 0.060824859887362,
        "y": 0.0040260581299663
      },
      {
        "x": 0.73911917209625,
        "y": 0.048922996968031
      },
      {
        "x": 3.9869694709778,
        "y": 0.34299695491791
      },
      {
        "x": 0.30299890041351,
        "y": 0.026066839694977
      },
      {
        "x": 0.013781607151031,
        "y": 0.82951593399048
      },
      {
        "x": 0.56786984205246,
        "y": 0.82951599359512
      },
      {
        "x": 0.013781551271677,
        "y": 0.61091703176498
      },
      {
        "x": 0.78328466415405,
        "y": 0.82951593399048
      },
      {
        "x": 0.82951587438583,
        "y": 0.82951587438583
      },
      {
        "x": 0.013781679794192,
        "y": 0.22416873276234
      },
      {
        "x": 0.013781679794192,
        "y": 0.22416873276234
      },
      {
        "x": 0.82951587438583,
        "y": 0.82951587438583
      },
      {
        "x": 0.22416867315769,
        "y": 0.22416867315769
      },
      {
        "x": 0.56786984205246,
        "y": 0.82951599359512
      },
      {
        "x": 0.013781679794192,
        "y": 0.22416873276234
      },
      {
        "x": 0.013781551271677,
        "y": 0.61091703176498
      },
      {
        "x": 0.56786984205246,
        "y": 0.82951599359512
      },
      {
        "x": 0.78328466415405,
        "y": 0.82951593399048
      },
      {
        "x": 0.013781679794192,
        "y": 0.22416873276234
      },
      {
        "x": 0.82951599359512,
        "y": 0.82951599359512
      },
      {
        "x": 0.87064814567566,
        "y": 0.82951593399048
      },
      {
        "x": 0.22416865825653,
        "y": 0.22416865825653
      },
      {
        "x": 0.22416865825653,
        "y": 0.22416865825653
      },
      {
        "x": 0.87064814567566,
        "y": 0.82951593399048
      },
      {
        "x": 0.41135132312775,
        "y": 0.22416873276234
      },
      {
        "x": 0.93905264139175,
        "y": 0.82951581478119
      },
      {
        "x": 1.0,
        "y": 0.82951587438583
      },
      {
        "x": 1.0,
        "y": 0.22416873276234
      },
      {
        "x": 0.87064814567566,
        "y": 0.82951593399048
      },
      {
        "x": 0.93905264139175,
        "y": 0.82951581478119
      },
      {
        "x": 0.41135132312775,
        "y": 0.22416873276234
      },
      {
        "x": 0.41135132312775,
        "y": 0.22416873276234
      },
      {
        "x": 0.93905264139175,
        "y": 0.82951581478119
      },
      {
        "x": 1.0,
        "y": 0.22416873276234
      },
      {
        "x": 0.0036075757816434,
        "y": 0.067025743424892
      },
      {
        "x": 0.0,
        "y": 0.067025743424892
      },
      {
        "x": 0.013349508866668,
        "y": 0.24802273511887
      },
      {
        "x": 0.012819594703615,
        "y": 0.067025765776634
      },
      {
        "x": 0.0036075757816434,
        "y": 0.067025743424892
      },
      {
        "x": 0.013349560089409,
        "y": 0.06979662925005
      },
      {
        "x": 0.013349560089409,
        "y": 0.06979662925005
      },
      {
        "x": 0.0036075757816434,
        "y": 0.067025743424892
      },
      {
        "x": 0.013349508866668,
        "y": 0.24802273511887
      },
      {
        "x": 0.013349522836506,
        "y": 0.067025780677795
      },
      {
        "x": 0.012819594703615,
        "y": 0.067025765776634
      },
      {
        "x": 0.013349560089409,
        "y": 0.06979662925005
      },
      {
        "x": 0.0,
        "y": 0.24802273511887
      },
      {
        "x": 0.0081221479922533,
        "y": 0.24802275002003
      },
      {
        "x": 0.0,
        "y": 0.067025743424892
      },
      {
        "x": 0.0,
        "y": 0.067025743424892
      },
      {
        "x": 0.0081221479922533,
        "y": 0.24802275002003
      },
      {
        "x": 0.013349508866668,
        "y": 0.24802273511887
      }
    ],
    "uvs": [
      {
        "x": 1.0,
        "y": 1.0
      },
      {
        "x": 0.0,
        "y": 1.0
      },
      {
        "x": 0.0,
        "y": 0.0
      },
      {
        "x": 0.0,
        "y": 0.0
      },
      {
        "x": 1.0,
        "y": 0.0
      },
      {
        "x": 1.0,
        "y": 1.0
      },
      {
        "x": 0.63888651132584,
        "y": 0.63888651132584
      },
      {
        "x": 1.0,
        "y": 1.0
      },
      {
        "x": 0.63888657093048,
        "y": 1.0
      },
      {
        "x": 0.63888657093048,
        "y": 0.0
      },
      {
        "x": 1.0,
        "y": 0.0
      },
      {
        "x": 1.0,
        "y": 1.0
      },
      {
        "x": 0.63888657093048,
        "y": 0.0
      },
      {
        "x": 1.0,
        "y": 1.0
      },
      {
        "x": 0.63888645172119,
        "y": 0.63888645172119
      },
      {
        "x": 0.015308856964111,
        "y": 1.0
      },
      {
        "x": 0.0,
        "y": 1.0
      },
      {
        "x": 0.0,
        "y": 0.0
      },
      {
        "x": 0.015308856964111,
        "y": 1.0
      },
      {
        "x": 0.0,
        "y": 0.0
      },
      {
        "x": 0.015308827161789,
        "y": 0.015308827161789
      },
      {
        "x": 0.015308856964111,
        "y": 0.015308856964111
      },
      {
        "x": 0.0,
        "y": 0.0
      },
      {
        "x": 0.015308856964111,
        "y": 0.0
      },
      {
        "x": 1.0,
        "y": 1.0
      },
      {
        "x": 0.0,
        "y": 1.0
      },
      {
        "x": 0.0,
        "y": 0.0
      },
      {
        "x": 0.0,
        "y": 0.0
      },
      {
        "x": 1.0,
        "y": 0.0
      },
      {
        "x": 1.0,
        "y": 1.0
      },
      {
        "x": 1.0,
        "y": 1.0
      },
      {
        "x": 0.0,
        "y": 1.0
      },
      {
        "x": 0.21009874343872,
        "y": 0.510897397995
      },
      {
        "x": 0.21009874343872,
        "y": 0.510897397995
      },
      {
        "x": 0.0,
        "y": 1.0
      },
      {
        "x": 0.0,
        "y": 0.63888663053513
      },
      {
        "x": 0.39702472090721,
        "y": 0.39702472090721
      },
      {
        "x": 1.0,
        "y": 1.0
      },
      {
        "x": 0.21009874343872,
        "y": 0.510897397995
      },
      {
        "x": 0.98469114303589,
        "y": 0.0
      },
      {
        "x": 1.0,
        "y": 0.0
      },
      {
        "x": 0.98486661911011,
        "y": 0.038919925689697
      },
      {
        "x": 1.0,
        "y": 0.0
      },
      {
        "x": 1.0,
        "y": 1.0
      },
      {
        "x": 0.98486661911011,
        "y": 0.038919925689697
      },
      {
        "x": 0.98486661911011,
        "y": 0.038919925689697
      },
      {
        "x": 1.0,
        "y": 1.0
      },
      {
        "x": 0.39702475070953,
        "y": 0.39702475070953
      },
      {
        "x": 1.0,
        "y": 1.0
      },
      {
        "x": 0.0,
        "y": 1.0
      },
      {
        "x": 0.015133380889893,
        "y": 0.038919810205698
      },
      {
        "x": 0.0,
        "y": 1.0
      },
      {
        "x": 0.0,
        "y": 0.0
      },
      {
        "x": 0.015133380889893,
        "y": 0.038919810205698
      },
      {
        "x": 0.075997337698936,
        "y": 0.075997337698936
      },
      {
        "x": 1.0,
        "y": 1.0
      },
      {
        "x": 0.015133380889893,
        "y": 0.038919810205698
      },
      {
        "x": 0.015133380889893,
        "y": 0.038919810205698
      },
      {
        "x": 0.0,
        "y": 0.0
      },
      {
        "x": 0.015240136533976,
        "y": 0.015240136533976
      },
      {
        "x": 0.01525591313839,
        "y": 0.011737883090973
      },
      {
        "x": 0.0,
        "y": 0.0
      },
      {
        "x": 0.015308857895434,
        "y": 0.0
      },
      {
        "x": 1.0,
        "y": 0.63888657093048
      },
      {
        "x": 1.0,
        "y": 1.0
      },
      {
        "x": 0.18538370728493,
        "y": 0.14263391494751
      },
      {
        "x": 0.015240147709846,
        "y": 0.015240147709846
      },
      {
        "x": 0.0,
        "y": 0.0
      },
      {
        "x": 0.01525591313839,
        "y": 0.011737883090973
      },
      {
        "x": 0.18538370728493,
        "y": 0.14263391494751
      },
      {
        "x": 1.0,
        "y": 1.0
      },
      {
        "x": 0.075997292995453,
        "y": 0.075997292995453
      },
      {
        "x": 0.013781607151031,
        "y": 0.82951593399048
      },
      {
        "x": 0.56786984205246,
        "y": 0.82951599359512
      },
      {
        "x": 0.013781551271677,
        "y": 0.61091703176498
      },
      {
        "x": 0.78328466415405,
        "y": 0.82951593399048
      },
      {
        "x": 0.82951587438583,
        "y": 0.82951587438583
      },
      {
        "x": 0.013781679794192,
        "y": 0.22416873276234
      },
      {
        "x": 0.013781679794192,
        "y": 0.22416873276234
      },
      {
        "x": 0.82951587438583,
        "y": 0.82951587438583
      },
      {
        "x": 0.22416867315769,
        "y": 0.22416867315769
      },
      {
        "x": 0.56786984205246,
        "y": 0.82951599359512
      },
      {
        "x": 0.013781679794192,
        "y": 0.22416873276234
      },
      {
        "x": 0.013781551271677,
        "y": 0.61091703176498
      },
      {
        "x": 0.56786984205246,
        "y": 0.82951599359512
      },
      {
        "x": 0.78328466415405,
        "y": 0.82951593399048
      },
      {
        "x": 0.013781679794192,
        "y": 0.22416873276234
      },
      {
        "x": 0.82951599359512,
        "y": 0.82951599359512
      },
      {
        "x": 0.87064814567566,
        "y": 0.82951593399048
      },
      {
        "x": 0.22416865825653,
        "y": 0.22416865825653
      },
      {
        "x": 0.22416865825653,
        "y": 0.22416865825653
      },
      {
        "x": 0.87064814567566,
        "y": 0.82951593399048
      },
      {
        "x": 0.41135132312775,
        "y": 0.22416873276234
      },
      {
        "x": 0.93905264139175,
        "y": 0.82951581478119
      },
      {
        "x": 1.0,
        "y": 0.82951587438583
      },
      {
        "x": 1.0,
        "y": 0.22416873276234
      },
      {
        "x": 0.87064814567566,
        "y": 0.82951593399048
      },
      {
        "x": 0.93905264139175,
        "y": 0.82951581478119
      },
      {
        "x": 0.41135132312775,
        "y": 0.22416873276234
      },
      {
        "x": 0.41135132312775,
        "y": 0.22416873276234
      },
      {
        "x": 0.93905264139175,
        "y": 0.82951581478119
      },
      {
        "x": 1.0,
        "y": 0.22416873276234
      },
      {
        "x": 0.010532134212554,
        "y": 0.22416865825653
      },
      {
        "x": 0.0,
        "y": 0.22416865825653
      },
      {
        "x": 0.038973212242126,
        "y": 0.82951593399048
      },
      {
        "x": 0.03742615506053,
        "y": 0.22416871786118
      },
      {
        "x": 0.010532134212554,
        "y": 0.22416865825653
      },
      {
        "x": 0.038973361253738,
        "y": 0.2334359139204
      },
      {
        "x": 0.038973361253738,
        "y": 0.2334359139204
      },
      {
        "x": 0.010532134212554,
        "y": 0.22416865825653
      },
      {
        "x": 0.038973212242126,
        "y": 0.82951593399048
      },
      {
        "x": 0.03897325322032,
        "y": 0.22416876256466
      },
      {
        "x": 0.03742615506053,
        "y": 0.22416871786118
      },
      {
        "x": 0.038973361253738,
        "y": 0.2334359139204
      },
      {
        "x": 0.0,
        "y": 0.82951593399048
      },
      {
        "x": 0.023712199181318,
        "y": 0.82951599359512
      },
      {
        "x": 0.0,
        "y": 0.22416865825653
      },
      {
        "x": 0.0,
        "y": 0.22416865825653
      },
      {
        "x": 0.023712199181318,
        "y": 0.82951599359512
      },
      {
        "x": 0.038973212242126,
        "y": 0.82951593399048
      }
    ],
    "vertices": [
      {
        "x": 0.5,
        "y": -0.5,
        "z": -0.5
      },
      {
        "x": 0.4999994635582,
        "y": -0.5,
        "z": 0.5
      },
      {
        "x": 0.4999994635582,
        "y": 0.5,
        "z": 0.5
      },
      {
        "x": 0.4999994635582,
        "y": 0.5,
        "z": 0.5
      },
      {
        "x": 0.5,
        "y": 0.5,
        "z": -0.5
      },
      {
        "x": 0.5,
        "y": -0.5,
        "z": -0.5
      },
      {
        "x": 0.13888601958752,
        "y": -0.13888651132584,
        "z": 0.5
      },
      {
        "x": 0.4999994635582,
        "y": -0.5,
        "z": 0.5
      },
      {
        "x": 0.13888601958752,
        "y": -0.5,
        "z": 0.5
      },
      {
        "x": 0.13888607919216,
        "y": 0.5,
        "z": 0.5
      },
      {
        "x": 0.4999994635582,
        "y": 0.5,
        "z": 0.5
      },
      {
        "x": 0.4999994635582,
        "y": -0.5,
        "z": 0.5
      },
      {
        "x": 0.13888607919216,
        "y": 0.5,
        "z": 0.5
      },
      {
        "x": 0.4999994635582,
        "y": -0.5,
        "z": 0.5
      },
      {
        "x": 0.13888601958752,
        "y": -0.13888651132584,
        "z": 0.5
      },
      {
        "x": -0.5,
        "y": -0.5,
        "z": -0.48469114303589
      },
      {
        "x": -0.5,
        "y": -0.5,
        "z": -0.5
      },
      {
        "x": -0.5,
        "y": 0.5,
        "z": -0.5
      },
      {
        "x": -0.5,
        "y": -0.5,
        "z": -0.48469114303589
      },
      {
        "x": -0.5,
        "y": 0.5,
        "z": -0.5
      },
      {
        "x": -0.5,
        "y": 0.48469120264053,
        "z": -0.48469114303589
      },
      {
        "x": -0.5,
        "y": 0.48469120264053,
        "z": -0.48469114303589
      },
      {
        "x": -0.5,
        "y": 0.5,
        "z": -0.5
      },
      {
        "x": -0.5,
        "y": 0.5,
        "z": -0.48469114303589
      },
      {
        "x": -0.5,
        "y": -0.5,
        "z": -0.5
      },
      {
        "x": 0.5,
        "y": -0.5,
        "z": -0.5
      },
      {
        "x": 0.5,
        "y": 0.5,
        "z": -0.5
      },
      {
        "x": 0.5,
        "y": 0.5,
        "z": -0.5
      },
      {
        "x": -0.5,
        "y": 0.5,
        "z": -0.5
      },
      {
        "x": -0.5,
        "y": -0.5,
        "z": -0.5
      },
      {
        "x": 0.5,
        "y": 0.5,
        "z": -0.5
      },
      {
        "x": 0.4999994635582,
        "y": 0.5,
        "z": 0.5
      },
      {
        "x": 0.010897025465965,
        "y": 0.5,
        "z": 0.28990125656128
      },
      {
        "x": 0.010897025465965,
        "y": 0.5,
        "z": 0.28990125656128
      },
      {
        "x": 0.4999994635582,
        "y": 0.5,
        "z": 0.5
      },
      {
        "x": 0.13888607919216,
        "y": 0.5,
        "z": 0.5
      },
      {
        "x": -0.10297556221485,
        "y": 0.5,
        "z": 0.10297524929047
      },
      {
        "x": 0.5,
        "y": 0.5,
        "z": -0.5
      },
      {
        "x": 0.010897025465965,
        "y": 0.5,
        "z": 0.28990125656128
      },
      {
        "x": -0.5,
        "y": 0.5,
        "z": -0.48469114303589
      },
      {
        "x": -0.5,
        "y": 0.5,
        "z": -0.5
      },
      {
        "x": -0.46108013391495,
        "y": 0.5,
        "z": -0.48486661911011
      },
      {
        "x": -0.5,
        "y": 0.5,
        "z": -0.5
      },
      {
        "x": 0.5,
        "y": 0.5,
        "z": -0.5
      },
      {
        "x": -0.46108013391495,
        "y": 0.5,
        "z": -0.48486661911011
      },
      {
        "x": -0.46108013391495,
        "y": 0.5,
        "z": -0.48486661911011
      },
      {
        "x": 0.5,
        "y": 0.5,
        "z": -0.5
      },
      {
        "x": -0.10297556221485,
        "y": 0.5,
        "z": 0.10297524929047
      },
      {
        "x": 0.4999994635582,
        "y": -0.5,
        "z": 0.5
      },
      {
        "x": 0.5,
        "y": -0.5,
        "z": -0.5
      },
      {
        "x": -0.46108013391495,
        "y": -0.5,
        "z": -0.48486661911011
      },
      {
        "x": 0.5,
        "y": -0.5,
        "z": -0.5
      },
      {
        "x": -0.5,
        "y": -0.5,
        "z": -0.5
      },
      {
        "x": -0.46108013391495,
        "y": -0.5,
        "z": -0.48486661911011
      },
      {
        "x": -0.42400270700455,
        "y": -0.5,
        "z": -0.4240026473999
      },
      {
        "x": 0.4999994635582,
        "y": -0.5,
        "z": 0.5
      },
      {
        "x": -0.46108013391495,
        "y": -0.5,
        "z": -0.48486661911011
      },
      {
        "x": -0.46108013391495,
        "y": -0.5,
        "z": -0.48486661911011
      },
      {
        "x": -0.5,
        "y": -0.5,
        "z": -0.5
      },
      {
        "x": -0.48475986719131,
        "y": -0.5,
        "z": -0.48475986719131
      },
      {
        "x": -0.48826211690903,
        "y": -0.5,
        "z": -0.48474407196045
      },
      {
        "x": -0.5,
        "y": -0.5,
        "z": -0.5
      },
      {
        "x": -0.5,
        "y": -0.5,
        "z": -0.48469114303589
      },
      {
        "x": 0.13888601958752,
        "y": -0.5,
        "z": 0.5
      },
      {
        "x": 0.4999994635582,
        "y": -0.5,
        "z": 0.5
      },
      {
        "x": -0.35736614465714,
        "y": -0.5,
        "z": -0.31461626291275
      },
      {
        "x": -0.48475986719131,
        "y": -0.5,
        "z": -0.48475986719131
      },
      {
        "x": -0.5,
        "y": -0.5,
        "z": -0.5
      },
      {
        "x": -0.48826211690903,
        "y": -0.5,
        "z": -0.48474407196045
      },
      {
        "x": -0.35736614465714,
        "y": -0.5,
        "z": -0.31461626291275
      },
      {
        "x": 0.4999994635582,
        "y": -0.5,
        "z": 0.5
      },
      {
        "x": -0.42400270700455,
        "y": -0.5,
        "z": -0.4240026473999
      },
      {
        "x": 0.13888601958752,
        "y": -0.5,
        "z": 0.5
      },
      {
        "x": -0.19819371402264,
        "y": -0.5,
        "z": -0.05332887172699
      },
      {
        "x": 0.13888601958752,
        "y": -0.13888651132584,
        "z": 0.5
      },
      {
        "x": -0.329241335392,
        "y": -0.5,
        "z": -0.2684483230114
      },
      {
        "x": -0.35736614465714,
        "y": -0.5,
        "z": -0.31461626291275
      },
      {
        "x": 0.13888607919216,
        "y": 0.5,
        "z": 0.5
      },
      {
        "x": 0.13888607919216,
        "y": 0.5,
        "z": 0.5
      },
      {
        "x": -0.35736614465714,
        "y": -0.5,
        "z": -0.31461626291275
      },
      {
        "x": 0.010897025465965,
        "y": 0.5,
        "z": 0.28990125656128
      },
      {
        "x": -0.19819371402264,
        "y": -0.5,
        "z": -0.05332887172699
      },
      {
        "x": 0.13888607919216,
        "y": 0.5,
        "z": 0.5
      },
      {
        "x": 0.13888601958752,
        "y": -0.13888651132584,
        "z": 0.5
      },
      {
        "x": -0.19819371402264,
        "y": -0.5,
        "z": -0.05332887172699
      },
      {
        "x": -0.329241335392,
        "y": -0.5,
        "z": -0.2684483230114
      },
      {
        "x": 0.13888607919216,
        "y": 0.5,
        "z": 0.5
      },
      {
        "x": -0.35736614465714,
        "y": -0.5,
        "z": -0.31461626291275
      },
      {
        "x": -0.38238888978958,
        "y": -0.50000005960464,
        "z": -0.35569202899933
      },
      {
        "x": 0.010897025465965,
        "y": 0.5,
        "z": 0.28990125656128
      },
      {
        "x": 0.010897025465965,
        "y": 0.5,
        "z": 0.28990125656128
      },
      {
        "x": -0.38238888978958,
        "y": -0.50000005960464,
        "z": -0.35569202899933
      },
      {
        "x": -0.10297556221485,
        "y": 0.5,
        "z": 0.10297524929047
      },
      {
        "x": -0.42400270700455,
        "y": -0.5,
        "z": -0.4240026473999
      },
      {
        "x": -0.46108013391495,
        "y": -0.5,
        "z": -0.48486661911011
      },
      {
        "x": -0.46108013391495,
        "y": 0.5,
        "z": -0.48486661911011
      },
      {
        "x": -0.38238888978958,
        "y": -0.50000005960464,
        "z": -0.35569202899933
      },
      {
        "x": -0.42400270700455,
        "y": -0.5,
        "z": -0.4240026473999
      },
      {
        "x": -0.10297556221485,
        "y": 0.5,
        "z": 0.10297524929047
      },
      {
        "x": -0.10297556221485,
        "y": 0.5,
        "z": 0.10297524929047
      },
      {
        "x": -0.42400270700455,
        "y": -0.5,
        "z": -0.4240026473999
      },
      {
        "x": -0.46108013391495,
        "y": 0.5,
        "z": -0.48486661911011
      },
      {
        "x": -0.47159779071808,
        "y": 0.50000005960464,
        "z": -0.48481920361519
      },
      {
        "x": -0.46108013391495,
        "y": 0.5,
        "z": -0.48486661911011
      },
      {
        "x": -0.5,
        "y": -0.5,
        "z": -0.48469114303589
      },
      {
        "x": -0.49845486879349,
        "y": 0.50000005960464,
        "z": -0.48469811677933
      },
      {
        "x": -0.47159779071808,
        "y": 0.50000005960464,
        "z": -0.48481920361519
      },
      {
        "x": -0.5,
        "y": 0.48469120264053,
        "z": -0.48469114303589
      },
      {
        "x": -0.5,
        "y": 0.48469120264053,
        "z": -0.48469114303589
      },
      {
        "x": -0.47159779071808,
        "y": 0.50000005960464,
        "z": -0.48481920361519
      },
      {
        "x": -0.5,
        "y": -0.5,
        "z": -0.48469114303589
      },
      {
        "x": -0.5,
        "y": 0.5,
        "z": -0.48469114303589
      },
      {
        "x": -0.49845486879349,
        "y": 0.50000005960464,
        "z": -0.48469811677933
      },
      {
        "x": -0.5,
        "y": 0.48469120264053,
        "z": -0.48469114303589
      },
      {
        "x": -0.46108013391495,
        "y": -0.5,
        "z": -0.48486661911011
      },
      {
        "x": -0.48475986719131,
        "y": -0.5,
        "z": -0.48475986719131
      },
      {
        "x": -0.46108013391495,
        "y": 0.5,
        "z": -0.48486661911011
      },
      {
        "x": -0.46108013391495,
        "y": 0.5,
        "z": -0.48486661911011
      },
      {
        "x": -0.48475986719131,
        "y": -0.5,
        "z": -0.48475986719131
      },
      {
        "x": -0.5,
        "y": -0.5,
        "z": -0.48469114303589
      }
    ]
  }
}