{
  "additionalData": {
    "local_transform": [
      "1 0 0 0 1 0 0 0 1 0 -2.98023e-08 0",
      "1.2449 0 0 0 0.766044 -1.36917 0 0.30177 0.766044 -0.00257874 -0.468506 -0.502937"
    ],
    "tillBaseScale": {
      "x": 0.19599796831608,
      "y": 0.34599494934082,
      "z": 0.73698890209198
    }
  },
  "basicShapesData": [
    {
      "class": "PartOperation",
      "properties": {
        "angleVelocity": "x:0 y:0 z:0",
        "batchType": "Static",
        "bloom": "false",
        "booleanOperation": "0",
        "cameraCollideEnable": "true",
        "collisionFidelity": "0",
        "collisionGroup": "1",
        "collisionUniqueKey": "8782798398909349889",
        "customColor": "r:1 g:1 b:1 a:1",
        "customThreshold": "1",
        "density": "2.2",
        "friction": "0.37",
        "id": "8782812552532312065",
        "individual": "false",
        "isLockedInEditor": "false",
        "isSelectInEditor": "false",
        "isVisibleInEditor": "true",
        "lineVelocity": "x:0 y:0 z:0",
        "materialAlpha": "1",
        "materialColor": "r:1 g:1 b:1 a:1",
        "materialOffset": "x:1 y:1 z:1",
        "materialTexture": "part_suliao.tga",
        "mergeShapesDataKey": "8782798398773248001",
        "name": "Union",
        "needSync": "true",
        "networkOwner": "0",
        "originSize": "x:1 y:1 z:1",
        "partNavMeshType": "1",
        "position": "x:-30.5476 y:85.7123 z:-39.5532",
        "restitution": "0.3",
        "rotation": "x:-0 y:0 z:0",
        "scale": "x:0.195998 y:0.345995 z:0.736989",
        "selectable": "true",
        "staticBatchNo": "",
        "staticObject": "false",
        "templateInstanceId": "8782812552532312065",
        "unionLastBox": "false",
        "useAnchor": "true",
        "useCollide": "true",
        "useGravity": "true"
      }
    },
    {
      "class": "Part",
      "properties": {
        "angleVelocity": "x:0 y:0 z:0",
        "batchType": "Static",
        "bloom": "false",
        "booleanOperation": "2",
        "cameraCollideEnable": "true",
        "collisionFidelity": "0",
        "collisionGroup": "1",
        "collisionUniqueKey": "",
        "customColor": "r:1 g:1 b:1 a:1",
        "customThreshold": "1",
        "density": "2.2",
        "friction": "0.37",
        "id": "8782812552545058817",
        "individual": "false",
        "isLockedInEditor": "false",
        "isSelectInEditor": "false",
        "isVisibleInEditor": "true",
        "lineVelocity": "x:0 y:0 z:0",
        "materialAlpha": "1",
        "materialColor": "r:1 g:1 b:1 a:1",
        "materialOffset": "x:1 y:1 z:1",
        "materialTexture": "part_suliao.tga",
        "name": "Part",
        "needSync": "true",
        "networkOwner": "0",
        "originSize": "x:1 y:1 z:1",
        "partNavMeshType": "1",
        "position": "x:-30.5481 y:85.5502 z:-39.9239",
        "restitution": "0.3",
        "rotation": "x:40 y:0 z:0",
        "scale": "x:0.243998 y:0.345995 z:0.736989",
        "selectable": "true",
        "shape": "1",
        "sides": "24",
        "sideStack": "5",
        "sphereDivision": "3",
        "staticBatchNo": "",
        "staticObject": "false",
        "templateInstanceId": "8782812552545058817",
        "unionLastBox": "false",
        "useAnchor": "true",
        "useCollide": "true",
        "useGravity": "true"
      }
    }
  ],
  "brushData": {
    "colors": [
      0,
      0,
      0,
      0,
      0,
      0,
      0,
      0,
      0,
      0,
      0,
      0,
      0,
      0,
      0,
      0,
      0,
      0,
      0,
      0,
      0,
      0,
      0,
      0,
      0,
      0,
      0,
      0,
      0,
      0,
      0,
      0,
      0,
      0,
      0,
      0,
      0,
      0,
      0,
      0,
      0,
      0,
      0,
      0,
      0,
      0,
      0,
      0,
      0,
      0
    ],
    "lightmapUVs": [
      {
        "x": 0.0,
        "y": 0.0
      },
      {
        "x": 0.0,
        "y": 0.0
      },
      {
        "x": 0.0,
        "y": 0.0
      },
      {
        "x": 0.0,
        "y": 0.0
      },
      {
        "x": 0.0,
        "y": 0.0
      },
      {
        "x": 0.0,
        "y": 0.0
      },
      {
        "x": 0.0,
        "y": 0.0
      },
      {
        "x": 0.0,
        "y": 0.0
      },
      {
        "x": 0.0,
        "y": 0.0
      },
      {
        "x": 0.0,
        "y": 0.0
      },
      {
        "x": 0.0,
        "y": 0.0
      },
      {
        "x": 0.0,
        "y": 0.0
      },
      {
        "x": 0.0,
        "y": 0.0
      },
      {
        "x": 0.0,
        "y": 0.0
      },
      {
        "x": 0.0,
        "y": 0.0
      },
      {
        "x": 0.0,
        "y": 0.0
      },
      {
        "x": 0.0,
        "y": 0.0
      },
      {
        "x": 0.0,
        "y": 0.0
      },
      {
        "x": 0.0,
        "y": 0.0
      },
      {
        "x": 0.0,
        "y": 0.0
      },
      {
        "x": 0.0,
        "y": 0.0
      },
      {
        "x": 0.0,
        "y": 0.0
      },
      {
        "x": 0.0,
        "y": 0.0
      },
      {
        "x": 0.0,
        "y": 0.0
      },
      {
        "x": 0.0,
        "y": 0.0
      },
      {
        "x": 0.0,
        "y": 0.0
      },
      {
        "x": 0.0,
        "y": 0.0
      },
      {
        "x": 0.0,
        "y": 0.0
      },
      {
        "x": 0.0,
        "y": 0.0
      },
      {
        "x": 0.0,
        "y": 0.0
      },
      {
        "x": 0.0,
        "y": 0.0
      },
      {
        "x": 0.0,
        "y": 0.0
      },
      {
        "x": 0.0,
        "y": 0.0
      },
      {
        "x": 0.0,
        "y": 0.0
      },
      {
        "x": 0.0,
        "y": 0.0
      },
      {
        "x": 0.0,
        "y": 0.0
      },
      {
        "x": 0.0,
        "y": 0.0
      },
      {
        "x": 0.0,
        "y": 0.0
      },
      {
        "x": 0.0,
        "y": 0.0
      },
      {
        "x": 0.0,
        "y": 0.0
      },
      {
        "x": 0.0,
        "y": 0.0
      },
      {
        "x": 0.0,
        "y": 0.0
      },
      {
        "x": 0.0,
        "y": 0.0
      },
      {
        "x": 0.0,
        "y": 0.0
      },
      {
        "x": 0.0,
        "y": 0.0
      },
      {
        "x": 0.0,
        "y": 0.0
      },
      {
        "x": 0.0,
        "y": 0.0
      },
      {
        "x": 0.0,
        "y": 0.0
      },
      {
        "x": 0.0,
        "y": 0.0
      },
      {
        "x": 0.0,
        "y": 0.0
      },
      {
        "x": 0.0,
        "y": 0.0
      },
      {
        "x": 0.0,
        "y": 0.0
      },
      {
        "x": 0.0,
        "y": 0.0
      },
      {
        "x": 0.0,
        "y": 0.0
      },
      {
        "x": 0.0,
        "y": 0.0
      },
      {
        "x": 0.0,
        "y": 0.0
      },
      {
        "x": 0.0,
        "y": 0.0
      },
      {
        "x": 0.0,
        "y": 0.0
      },
      {
        "x": 0.0,
        "y": 0.0
      },
      {
        "x": 0.0,
        "y": 0.0
      },
      {
        "x": 0.0,
        "y": 0.0
      },
      {
        "x": 0.0,
        "y": 0.0
      },
      {
        "x": 0.0,
        "y": 0.0
      },
      {
        "x": 0.0,
        "y": 0.0
      },
      {
        "x": 0.0,
        "y": 0.0
      },
      {
        "x": 0.0,
        "y": 0.0
      },
      {
        "x": 0.0,
        "y": 0.0
      },
      {
        "x": 0.0,
        "y": 0.0
      },
      {
        "x": 0.0,
        "y": 0.0
      },
      {
        "x": 0.0,
        "y": 0.0
      },
      {
        "x": 0.0,
        "y": 0.0
      },
      {
        "x": 0.0,
        "y": 0.0
      },
      {
        "x": 0.0,
        "y": 0.0
      },
      {
        "x": 0.0,
        "y": 0.0
      },
      {
        "x": 0.0,
        "y": 0.0
      },
      {
        "x": 0.0,
        "y": 0.0
      },
      {
        "x": 0.0,
        "y": 0.0
      },
      {
        "x": 0.0,
        "y": 0.0
      },
      {
        "x": 0.0,
        "y": 0.0
      },
      {
        "x": 0.0,
        "y": 0.0
      },
      {
        "x": 0.0,
        "y": 0.0
      },
      {
        "x": 0.0,
        "y": 0.0
      },
      {
        "x": 0.0,
        "y": 0.0
      },
      {
        "x": 0.0,
        "y": 0.0
      },
      {
        "x": 0.0,
        "y": 0.0
      },
      {
        "x": 0.0,
        "y": 0.0
      },
      {
        "x": 0.0,
        "y": 0.0
      },
      {
        "x": 0.0,
        "y": 0.0
      },
      {
        "x": 0.0,
        "y": 0.0
      },
      {
        "x": 0.0,
        "y": 0.0
      },
      {
        "x": 0.0,
        "y": 0.0
      },
      {
        "x": 0.0,
        "y": 0.0
      },
      {
        "x": 0.0,
        "y": 0.0
      },
      {
        "x": 0.0,
        "y": 0.0
      },
      {
        "x": 0.0,
        "y": 0.0
      },
      {
        "x": 0.0,
        "y": 0.0
      },
      {
        "x": 0.0,
        "y": 0.0
      },
      {
        "x": 0.0,
        "y": 0.0
      },
      {
        "x": 0.0,
        "y": 0.0
      },
      {
        "x": 0.0,
        "y": 0.0
      },
      {
        "x": 0.0,
        "y": 0.0
      },
      {
        "x": 0.0,
        "y": 0.0
      },
      {
        "x": 0.0,
        "y": 0.0
      },
      {
        "x": 0.0,
        "y": 0.0
      },
      {
        "x": 0.0,
        "y": 0.0
      },
      {
        "x": 0.0,
        "y": 0.0
      },
      {
        "x": 0.0,
        "y": 0.0
      },
      {
        "x": 0.0,
        "y": 0.0
      },
      {
        "x": 0.0,
        "y": 0.0
      },
      {
        "x": 0.0,
        "y": 0.0
      },
      {
        "x": 0.0,
        "y": 0.0
      },
      {
        "x": 0.0,
        "y": 0.0
      },
      {
        "x": 0.0,
        "y": 0.0
      },
      {
        "x": 0.0,
        "y": 0.0
      },
      {
        "x": 0.0,
        "y": 0.0
      },
      {
        "x": 0.0,
        "y": 0.0
      },
      {
        "x": 0.0,
        "y": 0.0
      },
      {
        "x": 0.0,
        "y": 0.0
      },
      {
        "x": 0.0,
        "y": 0.0
      },
      {
        "x": 0.0,
        "y": 0.0
      },
      {
        "x": 0.0,
        "y": 0.0
      },
      {
        "x": 0.0,
        "y": 0.0
      },
      {
        "x": 0.0,
        "y": 0.0
      },
      {
        "x": 0.0,
        "y": 0.0
      },
      {
        "x": 0.0,
        "y": 0.0
      },
      {
        "x": 0.0,
        "y": 0.0
      },
      {
        "x": 0.0,
        "y": 0.0
      },
      {
        "x": 0.0,
        "y": 0.0
      },
      {
        "x": 0.0,
        "y": 0.0
      },
      {
        "x": 0.0,
        "y": 0.0
      },
      {
        "x": 0.0,
        "y": 0.0
      },
      {
        "x": 0.0,
        "y": 0.0
      },
      {
        "x": 0.0,
        "y": 0.0
      },
      {
        "x": 0.0,
        "y": 0.0
      },
      {
        "x": 0.0,
        "y": 0.0
      },
      {
        "x": 0.0,
        "y": 0.0
      },
      {
        "x": 0.0,
        "y": 0.0
      },
      {
        "x": 0.0,
        "y": 0.0
      },
      {
        "x": 0.0,
        "y": 0.0
      },
      {
        "x": 0.0,
        "y": 0.0
      },
      {
        "x": 0.0,
        "y": 0.0
      },
      {
        "x": 0.0,
        "y": 0.0
      },
      {
        "x": 0.0,
        "y": 0.0
      },
      {
        "x": 0.0,
        "y": 0.0
      },
      {
        "x": 0.0,
        "y": 0.0
      },
      {
        "x": 0.0,
        "y": 0.0
      },
      {
        "x": 0.0,
        "y": 0.0
      },
      {
        "x": 0.0,
        "y": 0.0
      },
      {
        "x": 0.0,
        "y": 0.0
      },
      {
        "x": 0.0,
        "y": 0.0
      }
    ],
    "uv2s": [
      {
        "x": 0.0,
        "y": 0.42459166049957
      },
      {
        "x": 0.0,
        "y": 1.1920928955078e-07
      },
      {
        "x": 0.32193756103516,
        "y": 1.0000002384186
      },
      {
        "x": 0.62013292312622,
        "y": 1.0000001192093
      },
      {
        "x": 0.32193756103516,
        "y": 1.0000002384186
      },
      {
        "x": 0.75641644001007,
        "y": 0.75641644001007
      },
      {
        "x": 0.32193756103516,
        "y": 1.0000002384186
      },
      {
        "x": 0.0,
        "y": 1.1920928955078e-07
      },
      {
        "x": 0.75641644001007,
        "y": 0.75641644001007
      },
      {
        "x": 0.75641644001007,
        "y": 0.75641644001007
      },
      {
        "x": 0.0,
        "y": 1.1920928955078e-07
      },
      {
        "x": 1.0,
        "y": 0.32105219364166
      },
      {
        "x": 0.0,
        "y": 1.1920928955078e-07
      },
      {
        "x": 1.0,
        "y": 1.1920928955078e-07
      },
      {
        "x": 1.0,
        "y": 0.32105219364166
      },
      {
        "x": 0.0,
        "y": 0.42459154129028
      },
      {
        "x": 0.0,
        "y": 1.1920928955078e-07
      },
      {
        "x": 0.24853551387787,
        "y": 0.42459154129028
      },
      {
        "x": 0.24853551387787,
        "y": 0.42459154129028
      },
      {
        "x": 0.0,
        "y": 1.1920928955078e-07
      },
      {
        "x": 0.42459148168564,
        "y": 0.42459154129028
      },
      {
        "x": 0.42459148168564,
        "y": 0.42459154129028
      },
      {
        "x": 0.0,
        "y": 1.1920928955078e-07
      },
      {
        "x": 1.0,
        "y": 0.42459166049957
      },
      {
        "x": 0.0,
        "y": 1.1920928955078e-07
      },
      {
        "x": 1.0,
        "y": 1.1920928955078e-07
      },
      {
        "x": 1.0,
        "y": 0.42459166049957
      },
      {
        "x": 0.0,
        "y": 0.3210523724556
      },
      {
        "x": 0.0,
        "y": 0.0
      },
      {
        "x": 0.37986707687378,
        "y": 1.0
      },
      {
        "x": 0.0,
        "y": 0.0
      },
      {
        "x": 0.67806243896484,
        "y": 1.0
      },
      {
        "x": 0.37986707687378,
        "y": 1.0
      },
      {
        "x": 0.67806243896484,
        "y": 1.0
      },
      {
        "x": 0.0,
        "y": 0.0
      },
      {
        "x": 0.79356276988983,
        "y": 0.79356288909912
      },
      {
        "x": 0.79356276988983,
        "y": 0.79356288909912
      },
      {
        "x": 0.0,
        "y": 0.0
      },
      {
        "x": 1.0,
        "y": 0.42459154129028
      },
      {
        "x": 0.0,
        "y": 0.0
      },
      {
        "x": 1.0,
        "y": 1.1920928955078e-07
      },
      {
        "x": 1.0,
        "y": 0.42459154129028
      },
      {
        "x": 0.0,
        "y": 0.32105219364166
      },
      {
        "x": 0.0,
        "y": 1.1920928955078e-07
      },
      {
        "x": 0.26214855909348,
        "y": 0.32105231285095
      },
      {
        "x": 0.26214855909348,
        "y": 0.32105231285095
      },
      {
        "x": 0.0,
        "y": 1.1920928955078e-07
      },
      {
        "x": 0.32105219364166,
        "y": 0.32105231285095
      },
      {
        "x": 0.32105219364166,
        "y": 0.32105231285095
      },
      {
        "x": 0.0,
        "y": 1.1920928955078e-07
      },
      {
        "x": 1.0,
        "y": 0.3210523724556
      },
      {
        "x": 0.0,
        "y": 1.1920928955078e-07
      },
      {
        "x": 1.0,
        "y": 0.0
      },
      {
        "x": 1.0,
        "y": 0.3210523724556
      },
      {
        "x": 1.0,
        "y": 1.0
      },
      {
        "x": 0.0,
        "y": 1.0
      },
      {
        "x": 0.0,
        "y": 0.0
      },
      {
        "x": 0.0,
        "y": 0.0
      },
      {
        "x": 1.0,
        "y": 0.0
      },
      {
        "x": 1.0,
        "y": 1.0
      },
      {
        "x": 0.62013292312622,
        "y": 0.032992303371429
      },
      {
        "x": 0.32193756103516,
        "y": 0.058891236782074
      },
      {
        "x": 0.62013292312622,
        "y": 0.0
      },
      {
        "x": 0.32193756103516,
        "y": 0.058891236782074
      },
      {
        "x": 0.32193756103516,
        "y": 0.0
      },
      {
        "x": 0.62013292312622,
        "y": 0.0
      },
      {
        "x": 0.62013292312622,
        "y": 0.47276794910431
      },
      {
        "x": 0.32193756103516,
        "y": 0.058891236782074
      },
      {
        "x": 0.62013292312622,
        "y": 0.032992303371429
      },
      {
        "x": 0.62013304233551,
        "y": 0.62013304233551
      },
      {
        "x": 0.32193750143051,
        "y": 0.32193756103516
      },
      {
        "x": 0.62013292312622,
        "y": 0.47276794910431
      },
      {
        "x": 0.32193750143051,
        "y": 0.32193756103516
      },
      {
        "x": 0.32193756103516,
        "y": 0.058891236782074
      },
      {
        "x": 0.62013292312622,
        "y": 0.47276794910431
      },
      {
        "x": 0.62013298273087,
        "y": 0.87947130203247
      },
      {
        "x": 0.32193750143051,
        "y": 0.32193756103516
      },
      {
        "x": 0.62013304233551,
        "y": 0.62013304233551
      },
      {
        "x": 0.62013292312622,
        "y": 1.0
      },
      {
        "x": 0.32193756103516,
        "y": 1.0
      },
      {
        "x": 0.62013298273087,
        "y": 0.87947130203247
      },
      {
        "x": 0.32193756103516,
        "y": 1.0
      },
      {
        "x": 0.32193750143051,
        "y": 0.32193756103516
      },
      {
        "x": 0.62013298273087,
        "y": 0.87947130203247
      },
      {
        "x": 1.0,
        "y": 1.0000002384186
      },
      {
        "x": 0.94110876321793,
        "y": 1.0000001192093
      },
      {
        "x": 0.24853551387787,
        "y": 0.42459154129028
      },
      {
        "x": 0.24853551387787,
        "y": 0.42459154129028
      },
      {
        "x": 0.27655619382858,
        "y": 0.42459154129028
      },
      {
        "x": 1.0,
        "y": 1.0000002384186
      },
      {
        "x": 0.27655619382858,
        "y": 0.42459154129028
      },
      {
        "x": 0.42459148168564,
        "y": 0.42459154129028
      },
      {
        "x": 1.0,
        "y": 1.0000002384186
      },
      {
        "x": 1.0,
        "y": 1.0000002384186
      },
      {
        "x": 0.42459148168564,
        "y": 0.42459154129028
      },
      {
        "x": 1.0,
        "y": 0.42459166049957
      },
      {
        "x": 0.94110876321793,
        "y": 1.0000001192093
      },
      {
        "x": 0.86143881082535,
        "y": 1.0000001192093
      },
      {
        "x": 0.24853551387787,
        "y": 0.42459154129028
      },
      {
        "x": 0.24853551387787,
        "y": 0.42459154129028
      },
      {
        "x": 0.86143881082535,
        "y": 1.0000001192093
      },
      {
        "x": 0.0,
        "y": 0.42459154129028
      },
      {
        "x": 0.5476610660553,
        "y": 1.0000001192093
      },
      {
        "x": 0.0,
        "y": 1.0
      },
      {
        "x": 0.0,
        "y": 0.79356288909912
      },
      {
        "x": 0.86143881082535,
        "y": 1.0000001192093
      },
      {
        "x": 0.67806243896484,
        "y": 1.0000001192093
      },
      {
        "x": 0.0,
        "y": 0.42459154129028
      },
      {
        "x": 0.0,
        "y": 0.42459154129028
      },
      {
        "x": 0.67806243896484,
        "y": 1.0000001192093
      },
      {
        "x": 0.0,
        "y": 0.79356288909912
      },
      {
        "x": 0.67806243896484,
        "y": 1.0000001192093
      },
      {
        "x": 0.5476610660553,
        "y": 1.0000001192093
      },
      {
        "x": 0.0,
        "y": 0.79356288909912
      },
      {
        "x": 0.87947130203247,
        "y": 1.0000001192093
      },
      {
        "x": 0.80486935377121,
        "y": 1.0000001192093
      },
      {
        "x": 0.26214855909348,
        "y": 0.32105231285095
      },
      {
        "x": 0.26214855909348,
        "y": 0.32105231285095
      },
      {
        "x": 0.80486935377121,
        "y": 1.0000001192093
      },
      {
        "x": 0.0,
        "y": 0.32105219364166
      },
      {
        "x": 0.0,
        "y": 0.75641644001007
      },
      {
        "x": 0.032992303371429,
        "y": 1.0000001192093
      },
      {
        "x": 0.0,
        "y": 1.0000001192093
      },
      {
        "x": 0.53350776433945,
        "y": 1.0000001192093
      },
      {
        "x": 0.47276794910431,
        "y": 1.0000001192093
      },
      {
        "x": 0.0,
        "y": 0.75641644001007
      },
      {
        "x": 0.0,
        "y": 0.75641644001007
      },
      {
        "x": 0.47276794910431,
        "y": 1.0000001192093
      },
      {
        "x": 0.032992303371429,
        "y": 1.0000001192093
      },
      {
        "x": 0.62013304233551,
        "y": 1.0000001192093
      },
      {
        "x": 0.53350776433945,
        "y": 1.0000001192093
      },
      {
        "x": 0.0,
        "y": 0.75641644001007
      },
      {
        "x": 0.80486935377121,
        "y": 1.0000001192093
      },
      {
        "x": 0.62013304233551,
        "y": 1.0000001192093
      },
      {
        "x": 0.0,
        "y": 0.32105219364166
      },
      {
        "x": 0.0,
        "y": 0.32105219364166
      },
      {
        "x": 0.62013304233551,
        "y": 1.0000001192093
      },
      {
        "x": 0.0,
        "y": 0.75641644001007
      },
      {
        "x": 1.0,
        "y": 1.0
      },
      {
        "x": 0.87947130203247,
        "y": 1.0000001192093
      },
      {
        "x": 0.26214855909348,
        "y": 0.32105231285095
      },
      {
        "x": 0.26214855909348,
        "y": 0.32105231285095
      },
      {
        "x": 0.30822312831879,
        "y": 0.32105231285095
      },
      {
        "x": 1.0,
        "y": 1.0
      },
      {
        "x": 0.30822312831879,
        "y": 0.32105231285095
      },
      {
        "x": 0.32105219364166,
        "y": 0.32105231285095
      },
      {
        "x": 1.0,
        "y": 1.0
      },
      {
        "x": 1.0,
        "y": 1.0
      },
      {
        "x": 0.32105219364166,
        "y": 0.32105231285095
      },
      {
        "x": 1.0,
        "y": 0.3210523724556
      }
    ],
    "uv3s": [
      {
        "x": 0.0,
        "y": 0.14690652489662
      },
      {
        "x": 0.0,
        "y": 0.0
      },
      {
        "x": 0.23726442456245,
        "y": 0.34599497914314
      },
      {
        "x": 0.45703113079071,
        "y": 0.34599494934082
      },
      {
        "x": 0.23726442456245,
        "y": 0.34599497914314
      },
      {
        "x": 0.55747050046921,
        "y": 0.2617162168026
      },
      {
        "x": 0.23726442456245,
        "y": 0.34599497914314
      },
      {
        "x": 0.0,
        "y": 0.0
      },
      {
        "x": 0.55747050046921,
        "y": 0.2617162168026
      },
      {
        "x": 0.55747056007385,
        "y": 0.26171624660492
      },
      {
        "x": 0.0,
        "y": 0.0
      },
      {
        "x": 0.73698896169662,
        "y": 0.11108241975307
      },
      {
        "x": 0.0,
        "y": 0.0
      },
      {
        "x": 0.73698896169662,
        "y": 0.0
      },
      {
        "x": 0.73698896169662,
        "y": 0.11108241975307
      },
      {
        "x": 0.0,
        "y": 0.1469064950943
      },
      {
        "x": 0.0,
        "y": 0.0
      },
      {
        "x": 0.048712458461523,
        "y": 0.1469064950943
      },
      {
        "x": 0.048712458461523,
        "y": 0.1469064950943
      },
      {
        "x": 0.0,
        "y": 0.0
      },
      {
        "x": 0.083219073712826,
        "y": 0.1469064950943
      },
      {
        "x": 0.083219073712826,
        "y": 0.1469064950943
      },
      {
        "x": 0.0,
        "y": 0.0
      },
      {
        "x": 0.19599798321724,
        "y": 0.14690652489662
      },
      {
        "x": 0.0,
        "y": 0.0
      },
      {
        "x": 0.19599798321724,
        "y": 0.0
      },
      {
        "x": 0.19599798321724,
        "y": 0.14690652489662
      },
      {
        "x": 0.0,
        "y": 0.11108246445656
      },
      {
        "x": 0.0,
        "y": 0.0
      },
      {
        "x": 0.27995780110359,
        "y": 0.34599494934082
      },
      {
        "x": 0.0,
        "y": 0.0
      },
      {
        "x": 0.49972453713417,
        "y": 0.34599494934082
      },
      {
        "x": 0.27995780110359,
        "y": 0.34599494934082
      },
      {
        "x": 0.49972453713417,
        "y": 0.34599494934082
      },
      {
        "x": 0.0,
        "y": 0.0
      },
      {
        "x": 0.58484697341919,
        "y": 0.27456870675087
      },
      {
        "x": 0.58484697341919,
        "y": 0.27456870675087
      },
      {
        "x": 0.0,
        "y": 0.0
      },
      {
        "x": 0.73698896169662,
        "y": 0.1469064950943
      },
      {
        "x": 0.0,
        "y": 0.0
      },
      {
        "x": 0.73698896169662,
        "y": 0.0
      },
      {
        "x": 0.73698896169662,
        "y": 0.1469064950943
      },
      {
        "x": 0.0,
        "y": 0.11108242720366
      },
      {
        "x": 0.0,
        "y": 0.0
      },
      {
        "x": 0.051380589604378,
        "y": 0.11108245700598
      },
      {
        "x": 0.051380589604378,
        "y": 0.11108245700598
      },
      {
        "x": 0.0,
        "y": 0.0
      },
      {
        "x": 0.062925584614277,
        "y": 0.11108243465424
      },
      {
        "x": 0.062925584614277,
        "y": 0.11108242720366
      },
      {
        "x": 0.0,
        "y": 0.0
      },
      {
        "x": 0.19599798321724,
        "y": 0.11108245700598
      },
      {
        "x": 0.0,
        "y": 0.0
      },
      {
        "x": 0.19599798321724,
        "y": 0.0
      },
      {
        "x": 0.19599798321724,
        "y": 0.11108245700598
      },
      {
        "x": 0.73698896169662,
        "y": 0.19599798321724
      },
      {
        "x": 0.0,
        "y": 0.19599798321724
      },
      {
        "x": 0.0,
        "y": 0.0
      },
      {
        "x": 0.0,
        "y": 0.0
      },
      {
        "x": 0.73698896169662,
        "y": 0.0
      },
      {
        "x": 0.73698896169662,
        "y": 0.19599798321724
      },
      {
        "x": 0.45703116059303,
        "y": 0.0064664240926504
      },
      {
        "x": 0.23726442456245,
        "y": 0.011542563326657
      },
      {
        "x": 0.45703113079071,
        "y": 0.0
      },
      {
        "x": 0.23726442456245,
        "y": 0.011542563326657
      },
      {
        "x": 0.23726442456245,
        "y": 0.0
      },
      {
        "x": 0.45703113079071,
        "y": 0.0
      },
      {
        "x": 0.45703113079071,
        "y": 0.092661574482918
      },
      {
        "x": 0.23726442456245,
        "y": 0.011542563326657
      },
      {
        "x": 0.45703116059303,
        "y": 0.0064664240926504
      },
      {
        "x": 0.45703122019768,
        "y": 0.1215448230505
      },
      {
        "x": 0.23726442456245,
        "y": 0.06309911608696
      },
      {
        "x": 0.45703122019768,
        "y": 0.09266159683466
      },
      {
        "x": 0.23726442456245,
        "y": 0.06309911608696
      },
      {
        "x": 0.23726442456245,
        "y": 0.011542563326657
      },
      {
        "x": 0.45703122019768,
        "y": 0.09266159683466
      },
      {
        "x": 0.45703116059303,
        "y": 0.17237460613251
      },
      {
        "x": 0.23726442456245,
        "y": 0.06309911608696
      },
      {
        "x": 0.45703116059303,
        "y": 0.12154481559992
      },
      {
        "x": 0.45703116059303,
        "y": 0.19599798321724
      },
      {
        "x": 0.23726442456245,
        "y": 0.19599798321724
      },
      {
        "x": 0.45703116059303,
        "y": 0.17237460613251
      },
      {
        "x": 0.23726442456245,
        "y": 0.19599798321724
      },
      {
        "x": 0.23726442456245,
        "y": 0.06309911608696
      },
      {
        "x": 0.45703116059303,
        "y": 0.17237460613251
      },
      {
        "x": 1.0,
        "y": 1.0
      },
      {
        "x": 0.94110876321793,
        "y": 0.99999988079071
      },
      {
        "x": 0.24853551387787,
        "y": 0.42459142208099
      },
      {
        "x": 0.24853551387787,
        "y": 0.42459142208099
      },
      {
        "x": 0.27655619382858,
        "y": 0.42459136247635
      },
      {
        "x": 1.0,
        "y": 1.0
      },
      {
        "x": 0.27655619382858,
        "y": 0.42459136247635
      },
      {
        "x": 0.42459148168564,
        "y": 0.42459142208099
      },
      {
        "x": 1.0,
        "y": 1.0
      },
      {
        "x": 1.0,
        "y": 1.0
      },
      {
        "x": 0.42459148168564,
        "y": 0.42459142208099
      },
      {
        "x": 1.0,
        "y": 0.42459148168564
      },
      {
        "x": 0.94110876321793,
        "y": 0.99999988079071
      },
      {
        "x": 0.86143881082535,
        "y": 0.99999988079071
      },
      {
        "x": 0.24853551387787,
        "y": 0.42459142208099
      },
      {
        "x": 0.24853551387787,
        "y": 0.42459142208099
      },
      {
        "x": 0.86143881082535,
        "y": 0.99999988079071
      },
      {
        "x": 0.0,
        "y": 0.42459142208099
      },
      {
        "x": 0.5476610660553,
        "y": 0.99999988079071
      },
      {
        "x": 0.0,
        "y": 0.99999988079071
      },
      {
        "x": 0.0,
        "y": 0.79356271028519
      },
      {
        "x": 0.86143881082535,
        "y": 0.99999988079071
      },
      {
        "x": 0.67806243896484,
        "y": 0.99999988079071
      },
      {
        "x": 0.0,
        "y": 0.42459142208099
      },
      {
        "x": 0.0,
        "y": 0.42459142208099
      },
      {
        "x": 0.67806243896484,
        "y": 0.99999988079071
      },
      {
        "x": 0.0,
        "y": 0.79356271028519
      },
      {
        "x": 0.67806243896484,
        "y": 0.99999988079071
      },
      {
        "x": 0.5476610660553,
        "y": 0.99999988079071
      },
      {
        "x": 0.0,
        "y": 0.79356271028519
      },
      {
        "x": 0.19725082814693,
        "y": 0.19725082814693
      },
      {
        "x": 0.19725075364113,
        "y": 0.25717687606812
      },
      {
        "x": 0.69313204288483,
        "y": 0.69313204288483
      },
      {
        "x": 0.69313204288483,
        "y": 0.69313204288483
      },
      {
        "x": 0.19725075364113,
        "y": 0.25717687606812
      },
      {
        "x": 0.69313180446625,
        "y": 0.90371012687683
      },
      {
        "x": 0.3751562833786,
        "y": 0.90371000766754
      },
      {
        "x": 0.19725087285042,
        "y": 0.8772080540657
      },
      {
        "x": 0.19725079834461,
        "y": 0.9037099480629
      },
      {
        "x": 0.19725081324577,
        "y": 0.47515541315079
      },
      {
        "x": 0.1972504556179,
        "y": 0.52394515275955
      },
      {
        "x": 0.3751562833786,
        "y": 0.90371000766754
      },
      {
        "x": 0.3751562833786,
        "y": 0.90371000766754
      },
      {
        "x": 0.1972504556179,
        "y": 0.52394515275955
      },
      {
        "x": 0.19725087285042,
        "y": 0.8772080540657
      },
      {
        "x": 0.19725087285042,
        "y": 0.40557140111923
      },
      {
        "x": 0.19725081324577,
        "y": 0.47515541315079
      },
      {
        "x": 0.3751562833786,
        "y": 0.90371000766754
      },
      {
        "x": 0.19725075364113,
        "y": 0.25717687606812
      },
      {
        "x": 0.19725087285042,
        "y": 0.40557140111923
      },
      {
        "x": 0.69313180446625,
        "y": 0.90371012687683
      },
      {
        "x": 0.69313180446625,
        "y": 0.90371012687683
      },
      {
        "x": 0.19725087285042,
        "y": 0.40557140111923
      },
      {
        "x": 0.3751562833786,
        "y": 0.90371000766754
      },
      {
        "x": 0.1972508430481,
        "y": 0.10043291002512
      },
      {
        "x": 0.19725090265274,
        "y": 0.19725090265274
      },
      {
        "x": 0.69313204288483,
        "y": 0.69313204288483
      },
      {
        "x": 0.69313204288483,
        "y": 0.69313204288483
      },
      {
        "x": 0.69313210248947,
        "y": 0.65612137317657
      },
      {
        "x": 0.1972508430481,
        "y": 0.10043291002512
      },
      {
        "x": 0.69313210248947,
        "y": 0.65612137317657
      },
      {
        "x": 0.69313210248947,
        "y": 0.64581596851349
      },
      {
        "x": 0.1972508430481,
        "y": 0.10043291002512
      },
      {
        "x": 0.1972508430481,
        "y": 0.10043291002512
      },
      {
        "x": 0.69313210248947,
        "y": 0.64581596851349
      },
      {
        "x": 0.69313204288483,
        "y": 0.10043290257454
      }
    ],
    "uvs": [
      {
        "x": 0.0,
        "y": 0.42459154129028
      },
      {
        "x": 0.0,
        "y": 1.1920928955078e-07
      },
      {
        "x": 0.32193756103516,
        "y": 1.0
      },
      {
        "x": 0.62013292312622,
        "y": 0.99999988079071
      },
      {
        "x": 0.32193756103516,
        "y": 1.0
      },
      {
        "x": 0.75641644001007,
        "y": 0.75641632080078
      },
      {
        "x": 0.32193756103516,
        "y": 1.0
      },
      {
        "x": 0.0,
        "y": 1.1920928955078e-07
      },
      {
        "x": 0.75641644001007,
        "y": 0.75641632080078
      },
      {
        "x": 0.75641644001007,
        "y": 0.75641632080078
      },
      {
        "x": 0.0,
        "y": 1.1920928955078e-07
      },
      {
        "x": 1.0,
        "y": 0.32105213403702
      },
      {
        "x": 0.0,
        "y": 1.1920928955078e-07
      },
      {
        "x": 1.0,
        "y": 1.1920928955078e-07
      },
      {
        "x": 1.0,
        "y": 0.32105213403702
      },
      {
        "x": 0.0,
        "y": 0.42459142208099
      },
      {
        "x": 0.0,
        "y": 1.1920928955078e-07
      },
      {
        "x": 0.24853551387787,
        "y": 0.42459142208099
      },
      {
        "x": 0.24853551387787,
        "y": 0.42459142208099
      },
      {
        "x": 0.0,
        "y": 1.1920928955078e-07
      },
      {
        "x": 0.42459148168564,
        "y": 0.42459142208099
      },
      {
        "x": 0.42459148168564,
        "y": 0.42459142208099
      },
      {
        "x": 0.0,
        "y": 1.1920928955078e-07
      },
      {
        "x": 1.0,
        "y": 0.42459154129028
      },
      {
        "x": 0.0,
        "y": 1.1920928955078e-07
      },
      {
        "x": 1.0,
        "y": 1.1920928955078e-07
      },
      {
        "x": 1.0,
        "y": 0.42459154129028
      },
      {
        "x": 0.0,
        "y": 0.32105231285095
      },
      {
        "x": 0.0,
        "y": 0.0
      },
      {
        "x": 0.37986707687378,
        "y": 0.99999982118607
      },
      {
        "x": 0.0,
        "y": 0.0
      },
      {
        "x": 0.67806243896484,
        "y": 0.99999982118607
      },
      {
        "x": 0.37986707687378,
        "y": 0.99999982118607
      },
      {
        "x": 0.67806243896484,
        "y": 0.99999982118607
      },
      {
        "x": 0.0,
        "y": 0.0
      },
      {
        "x": 0.79356276988983,
        "y": 0.79356271028519
      },
      {
        "x": 0.79356276988983,
        "y": 0.79356271028519
      },
      {
        "x": 0.0,
        "y": 0.0
      },
      {
        "x": 1.0,
        "y": 0.42459142208099
      },
      {
        "x": 0.0,
        "y": 0.0
      },
      {
        "x": 1.0,
        "y": 1.1920928955078e-07
      },
      {
        "x": 1.0,
        "y": 0.42459142208099
      },
      {
        "x": 0.0,
        "y": 0.32105213403702
      },
      {
        "x": 0.0,
        "y": 1.1920928955078e-07
      },
      {
        "x": 0.26214855909348,
        "y": 0.32105225324631
      },
      {
        "x": 0.26214855909348,
        "y": 0.32105225324631
      },
      {
        "x": 0.0,
        "y": 1.1920928955078e-07
      },
      {
        "x": 0.32105219364166,
        "y": 0.32105225324631
      },
      {
        "x": 0.32105219364166,
        "y": 0.32105225324631
      },
      {
        "x": 0.0,
        "y": 1.1920928955078e-07
      },
      {
        "x": 1.0,
        "y": 0.32105231285095
      },
      {
        "x": 0.0,
        "y": 1.1920928955078e-07
      },
      {
        "x": 1.0,
        "y": 0.0
      },
      {
        "x": 1.0,
        "y": 0.32105231285095
      },
      {
        "x": 1.0,
        "y": 1.0
      },
      {
        "x": 0.0,
        "y": 1.0
      },
      {
        "x": 0.0,
        "y": 0.0
      },
      {
        "x": 0.0,
        "y": 0.0
      },
      {
        "x": 1.0,
        "y": 0.0
      },
      {
        "x": 1.0,
        "y": 1.0
      },
      {
        "x": 0.62013292312622,
        "y": 0.032992303371429
      },
      {
        "x": 0.32193756103516,
        "y": 0.058891236782074
      },
      {
        "x": 0.62013292312622,
        "y": 0.0
      },
      {
        "x": 0.32193756103516,
        "y": 0.058891236782074
      },
      {
        "x": 0.32193756103516,
        "y": 0.0
      },
      {
        "x": 0.62013292312622,
        "y": 0.0
      },
      {
        "x": 0.62013292312622,
        "y": 0.47276794910431
      },
      {
        "x": 0.32193756103516,
        "y": 0.058891236782074
      },
      {
        "x": 0.62013292312622,
        "y": 0.032992303371429
      },
      {
        "x": 0.62013304233551,
        "y": 0.62013304233551
      },
      {
        "x": 0.32193750143051,
        "y": 0.32193756103516
      },
      {
        "x": 0.62013292312622,
        "y": 0.47276794910431
      },
      {
        "x": 0.32193750143051,
        "y": 0.32193756103516
      },
      {
        "x": 0.32193756103516,
        "y": 0.058891236782074
      },
      {
        "x": 0.62013292312622,
        "y": 0.47276794910431
      },
      {
        "x": 0.62013298273087,
        "y": 0.87947130203247
      },
      {
        "x": 0.32193750143051,
        "y": 0.32193756103516
      },
      {
        "x": 0.62013304233551,
        "y": 0.62013304233551
      },
      {
        "x": 0.62013292312622,
        "y": 1.0
      },
      {
        "x": 0.32193756103516,
        "y": 1.0
      },
      {
        "x": 0.62013298273087,
        "y": 0.87947130203247
      },
      {
        "x": 0.32193756103516,
        "y": 1.0
      },
      {
        "x": 0.32193750143051,
        "y": 0.32193756103516
      },
      {
        "x": 0.62013298273087,
        "y": 0.87947130203247
      },
      {
        "x": 1.0,
        "y": 1.0
      },
      {
        "x": 0.94110876321793,
        "y": 0.99999988079071
      },
      {
        "x": 0.24853551387787,
        "y": 0.42459142208099
      },
      {
        "x": 0.24853551387787,
        "y": 0.42459142208099
      },
      {
        "x": 0.27655619382858,
        "y": 0.42459142208099
      },
      {
        "x": 1.0,
        "y": 1.0
      },
      {
        "x": 0.27655619382858,
        "y": 0.42459142208099
      },
      {
        "x": 0.42459148168564,
        "y": 0.42459142208099
      },
      {
        "x": 1.0,
        "y": 1.0
      },
      {
        "x": 1.0,
        "y": 1.0
      },
      {
        "x": 0.42459148168564,
        "y": 0.42459142208099
      },
      {
        "x": 1.0,
        "y": 0.42459154129028
      },
      {
        "x": 0.94110876321793,
        "y": 0.99999988079071
      },
      {
        "x": 0.86143881082535,
        "y": 0.99999988079071
      },
      {
        "x": 0.24853551387787,
        "y": 0.42459142208099
      },
      {
        "x": 0.24853551387787,
        "y": 0.42459142208099
      },
      {
        "x": 0.86143881082535,
        "y": 0.99999988079071
      },
      {
        "x": 0.0,
        "y": 0.42459142208099
      },
      {
        "x": 0.5476610660553,
        "y": 0.99999988079071
      },
      {
        "x": 0.0,
        "y": 0.99999982118607
      },
      {
        "x": 0.0,
        "y": 0.79356271028519
      },
      {
        "x": 0.86143881082535,
        "y": 0.99999988079071
      },
      {
        "x": 0.67806243896484,
        "y": 0.99999988079071
      },
      {
        "x": 0.0,
        "y": 0.42459142208099
      },
      {
        "x": 0.0,
        "y": 0.42459142208099
      },
      {
        "x": 0.67806243896484,
        "y": 0.99999988079071
      },
      {
        "x": 0.0,
        "y": 0.79356271028519
      },
      {
        "x": 0.67806243896484,
        "y": 0.99999988079071
      },
      {
        "x": 0.5476610660553,
        "y": 0.99999988079071
      },
      {
        "x": 0.0,
        "y": 0.79356271028519
      },
      {
        "x": 0.87947130203247,
        "y": 0.99999988079071
      },
      {
        "x": 0.80486935377121,
        "y": 0.99999988079071
      },
      {
        "x": 0.26214855909348,
        "y": 0.32105225324631
      },
      {
        "x": 0.26214855909348,
        "y": 0.32105225324631
      },
      {
        "x": 0.80486935377121,
        "y": 0.99999988079071
      },
      {
        "x": 0.0,
        "y": 0.32105213403702
      },
      {
        "x": 0.0,
        "y": 0.75641632080078
      },
      {
        "x": 0.032992303371429,
        "y": 0.99999988079071
      },
      {
        "x": 0.0,
        "y": 0.99999988079071
      },
      {
        "x": 0.53350776433945,
        "y": 0.99999988079071
      },
      {
        "x": 0.47276794910431,
        "y": 0.99999988079071
      },
      {
        "x": 0.0,
        "y": 0.75641632080078
      },
      {
        "x": 0.0,
        "y": 0.75641632080078
      },
      {
        "x": 0.47276794910431,
        "y": 0.99999988079071
      },
      {
        "x": 0.032992303371429,
        "y": 0.99999988079071
      },
      {
        "x": 0.62013304233551,
        "y": 0.99999988079071
      },
      {
        "x": 0.53350776433945,
        "y": 0.99999988079071
      },
      {
        "x": 0.0,
        "y": 0.75641632080078
      },
      {
        "x": 0.80486935377121,
        "y": 0.99999988079071
      },
      {
        "x": 0.62013304233551,
        "y": 0.99999988079071
      },
      {
        "x": 0.0,
        "y": 0.32105213403702
      },
      {
        "x": 0.0,
        "y": 0.32105213403702
      },
      {
        "x": 0.62013304233551,
        "y": 0.99999988079071
      },
      {
        "x": 0.0,
        "y": 0.75641632080078
      },
      {
        "x": 1.0,
        "y": 0.99999982118607
      },
      {
        "x": 0.87947130203247,
        "y": 0.99999988079071
      },
      {
        "x": 0.26214855909348,
        "y": 0.32105225324631
      },
      {
        "x": 0.26214855909348,
        "y": 0.32105225324631
      },
      {
        "x": 0.30822312831879,
        "y": 0.32105225324631
      },
      {
        "x": 1.0,
        "y": 0.99999982118607
      },
      {
        "x": 0.30822312831879,
        "y": 0.32105225324631
      },
      {
        "x": 0.32105219364166,
        "y": 0.32105225324631
      },
      {
        "x": 1.0,
        "y": 0.99999982118607
      },
      {
        "x": 1.0,
        "y": 0.99999982118607
      },
      {
        "x": 0.32105219364166,
        "y": 0.32105225324631
      },
      {
        "x": 1.0,
        "y": 0.32105231285095
      }
    ],
    "vertices": [
      {
        "x": 0.5,
        "y": 0.075408488512039,
        "z": 0.49999997019768
      },
      {
        "x": 0.5,
        "y": 0.5,
        "z": 0.49999997019768
      },
      {
        "x": 0.5,
        "y": -0.50000011920929,
        "z": 0.17806240916252
      },
      {
        "x": 0.5,
        "y": -0.49999997019768,
        "z": -0.12013295292854
      },
      {
        "x": 0.5,
        "y": -0.50000011920929,
        "z": 0.17806240916252
      },
      {
        "x": 0.5,
        "y": -0.2564163506031,
        "z": -0.25641646981239
      },
      {
        "x": 0.5,
        "y": -0.50000011920929,
        "z": 0.17806240916252
      },
      {
        "x": 0.5,
        "y": 0.5,
        "z": 0.49999997019768
      },
      {
        "x": 0.5,
        "y": -0.2564163506031,
        "z": -0.25641646981239
      },
      {
        "x": 0.5,
        "y": -0.2564163506031,
        "z": -0.25641646981239
      },
      {
        "x": 0.5,
        "y": 0.5,
        "z": 0.49999997019768
      },
      {
        "x": 0.5,
        "y": 0.1789478957653,
        "z": -0.5
      },
      {
        "x": 0.5,
        "y": 0.5,
        "z": 0.49999997019768
      },
      {
        "x": 0.5,
        "y": 0.5,
        "z": -0.5
      },
      {
        "x": 0.5,
        "y": 0.1789478957653,
        "z": -0.5
      },
      {
        "x": -0.5,
        "y": 0.075408548116684,
        "z": 0.49999997019768
      },
      {
        "x": -0.5,
        "y": 0.5,
        "z": 0.49999997019768
      },
      {
        "x": -0.25146448612213,
        "y": 0.075408548116684,
        "z": 0.49999997019768
      },
      {
        "x": -0.25146448612213,
        "y": 0.075408548116684,
        "z": 0.49999997019768
      },
      {
        "x": -0.5,
        "y": 0.5,
        "z": 0.49999997019768
      },
      {
        "x": -0.075408518314362,
        "y": 0.075408548116684,
        "z": 0.49999997019768
      },
      {
        "x": -0.075408518314362,
        "y": 0.075408548116684,
        "z": 0.49999997019768
      },
      {
        "x": -0.5,
        "y": 0.5,
        "z": 0.49999997019768
      },
      {
        "x": 0.5,
        "y": 0.075408488512039,
        "z": 0.49999997019768
      },
      {
        "x": -0.5,
        "y": 0.5,
        "z": 0.49999997019768
      },
      {
        "x": 0.5,
        "y": 0.5,
        "z": 0.49999997019768
      },
      {
        "x": 0.5,
        "y": 0.075408488512039,
        "z": 0.49999997019768
      },
      {
        "x": -0.5,
        "y": 0.17894774675369,
        "z": -0.49999997019768
      },
      {
        "x": -0.5,
        "y": 0.50000011920929,
        "z": -0.49999997019768
      },
      {
        "x": -0.5,
        "y": -0.49999994039536,
        "z": -0.12013295292854
      },
      {
        "x": -0.5,
        "y": 0.50000011920929,
        "z": -0.49999997019768
      },
      {
        "x": -0.5,
        "y": -0.49999994039536,
        "z": 0.17806246876717
      },
      {
        "x": -0.5,
        "y": -0.49999994039536,
        "z": -0.12013295292854
      },
      {
        "x": -0.5,
        "y": -0.49999994039536,
        "z": 0.17806246876717
      },
      {
        "x": -0.5,
        "y": 0.50000011920929,
        "z": -0.49999997019768
      },
      {
        "x": -0.5,
        "y": -0.29356276988983,
        "z": 0.29356279969215
      },
      {
        "x": -0.5,
        "y": -0.29356276988983,
        "z": 0.29356279969215
      },
      {
        "x": -0.5,
        "y": 0.50000011920929,
        "z": -0.49999997019768
      },
      {
        "x": -0.5,
        "y": 0.075408548116684,
        "z": 0.49999997019768
      },
      {
        "x": -0.5,
        "y": 0.50000011920929,
        "z": -0.49999997019768
      },
      {
        "x": -0.5,
        "y": 0.5,
        "z": 0.49999997019768
      },
      {
        "x": -0.5,
        "y": 0.075408548116684,
        "z": 0.49999997019768
      },
      {
        "x": 0.5,
        "y": 0.1789478957653,
        "z": -0.5
      },
      {
        "x": 0.5,
        "y": 0.5,
        "z": -0.5
      },
      {
        "x": 0.23785144090652,
        "y": 0.17894777655602,
        "z": -0.5
      },
      {
        "x": 0.23785144090652,
        "y": 0.17894777655602,
        "z": -0.5
      },
      {
        "x": 0.5,
        "y": 0.5,
        "z": -0.5
      },
      {
        "x": 0.17894780635834,
        "y": 0.17894783616066,
        "z": -0.5
      },
      {
        "x": 0.17894780635834,
        "y": 0.17894783616066,
        "z": -0.5
      },
      {
        "x": 0.5,
        "y": 0.5,
        "z": -0.5
      },
      {
        "x": -0.5,
        "y": 0.17894774675369,
        "z": -0.49999997019768
      },
      {
        "x": 0.5,
        "y": 0.5,
        "z": -0.5
      },
      {
        "x": -0.5,
        "y": 0.50000011920929,
        "z": -0.49999997019768
      },
      {
        "x": -0.5,
        "y": 0.17894774675369,
        "z": -0.49999997019768
      },
      {
        "x": 0.5,
        "y": 0.5,
        "z": -0.5
      },
      {
        "x": 0.5,
        "y": 0.5,
        "z": 0.49999997019768
      },
      {
        "x": -0.5,
        "y": 0.5,
        "z": 0.49999997019768
      },
      {
        "x": -0.5,
        "y": 0.5,
        "z": 0.49999997019768
      },
      {
        "x": -0.5,
        "y": 0.50000011920929,
        "z": -0.49999997019768
      },
      {
        "x": 0.5,
        "y": 0.5,
        "z": -0.5
      },
      {
        "x": 0.46700769662857,
        "y": -0.49999997019768,
        "z": -0.12013295292854
      },
      {
        "x": 0.44110876321793,
        "y": -0.49999997019768,
        "z": 0.17806246876717
      },
      {
        "x": 0.5,
        "y": -0.49999997019768,
        "z": -0.12013295292854
      },
      {
        "x": 0.44110876321793,
        "y": -0.49999997019768,
        "z": 0.17806246876717
      },
      {
        "x": 0.5,
        "y": -0.50000011920929,
        "z": 0.17806240916252
      },
      {
        "x": 0.5,
        "y": -0.49999997019768,
        "z": -0.12013295292854
      },
      {
        "x": 0.027232021093369,
        "y": -0.49999997019768,
        "z": -0.12013295292854
      },
      {
        "x": 0.44110876321793,
        "y": -0.49999997019768,
        "z": 0.17806246876717
      },
      {
        "x": 0.46700769662857,
        "y": -0.49999997019768,
        "z": -0.12013295292854
      },
      {
        "x": -0.12013304233551,
        "y": -0.49999997019768,
        "z": -0.12013301253319
      },
      {
        "x": 0.17806243896484,
        "y": -0.49999997019768,
        "z": 0.17806248366833
      },
      {
        "x": 0.027232021093369,
        "y": -0.49999997019768,
        "z": -0.12013295292854
      },
      {
        "x": 0.17806243896484,
        "y": -0.49999997019768,
        "z": 0.17806248366833
      },
      {
        "x": 0.44110876321793,
        "y": -0.49999997019768,
        "z": 0.17806246876717
      },
      {
        "x": 0.027232021093369,
        "y": -0.49999997019768,
        "z": -0.12013295292854
      },
      {
        "x": -0.37947130203247,
        "y": -0.49999997019768,
        "z": -0.12013298273087
      },
      {
        "x": 0.17806243896484,
        "y": -0.49999997019768,
        "z": 0.17806248366833
      },
      {
        "x": -0.12013304233551,
        "y": -0.49999997019768,
        "z": -0.12013301253319
      },
      {
        "x": -0.5,
        "y": -0.49999994039536,
        "z": -0.12013295292854
      },
      {
        "x": -0.5,
        "y": -0.49999994039536,
        "z": 0.17806246876717
      },
      {
        "x": -0.37947130203247,
        "y": -0.49999997019768,
        "z": -0.12013298273087
      },
      {
        "x": -0.5,
        "y": -0.49999994039536,
        "z": 0.17806246876717
      },
      {
        "x": 0.17806243896484,
        "y": -0.49999997019768,
        "z": 0.17806248366833
      },
      {
        "x": -0.37947130203247,
        "y": -0.49999997019768,
        "z": -0.12013298273087
      },
      {
        "x": 0.5,
        "y": -0.50000011920929,
        "z": 0.17806240916252
      },
      {
        "x": 0.44110876321793,
        "y": -0.49999997019768,
        "z": 0.17806246876717
      },
      {
        "x": -0.25146448612213,
        "y": 0.075408548116684,
        "z": 0.49999997019768
      },
      {
        "x": -0.25146448612213,
        "y": 0.075408548116684,
        "z": 0.49999997019768
      },
      {
        "x": -0.22344380617142,
        "y": 0.075408607721329,
        "z": 0.5
      },
      {
        "x": 0.5,
        "y": -0.50000011920929,
        "z": 0.17806240916252
      },
      {
        "x": -0.22344380617142,
        "y": 0.075408607721329,
        "z": 0.5
      },
      {
        "x": -0.075408518314362,
        "y": 0.075408548116684,
        "z": 0.49999997019768
      },
      {
        "x": 0.5,
        "y": -0.50000011920929,
        "z": 0.17806240916252
      },
      {
        "x": 0.5,
        "y": -0.50000011920929,
        "z": 0.17806240916252
      },
      {
        "x": -0.075408518314362,
        "y": 0.075408548116684,
        "z": 0.49999997019768
      },
      {
        "x": 0.5,
        "y": 0.075408488512039,
        "z": 0.49999997019768
      },
      {
        "x": 0.44110876321793,
        "y": -0.49999997019768,
        "z": 0.17806246876717
      },
      {
        "x": 0.36143881082535,
        "y": -0.49999997019768,
        "z": 0.17806246876717
      },
      {
        "x": -0.25146448612213,
        "y": 0.075408548116684,
        "z": 0.49999997019768
      },
      {
        "x": -0.25146448612213,
        "y": 0.075408548116684,
        "z": 0.49999997019768
      },
      {
        "x": 0.36143881082535,
        "y": -0.49999997019768,
        "z": 0.17806246876717
      },
      {
        "x": -0.5,
        "y": 0.075408548116684,
        "z": 0.49999997019768
      },
      {
        "x": 0.047661066055298,
        "y": -0.49999997019768,
        "z": 0.17806246876717
      },
      {
        "x": -0.5,
        "y": -0.49999994039536,
        "z": 0.17806246876717
      },
      {
        "x": -0.5,
        "y": -0.29356276988983,
        "z": 0.29356279969215
      },
      {
        "x": 0.36143881082535,
        "y": -0.49999997019768,
        "z": 0.17806246876717
      },
      {
        "x": 0.17806243896484,
        "y": -0.49999997019768,
        "z": 0.17806248366833
      },
      {
        "x": -0.5,
        "y": 0.075408548116684,
        "z": 0.49999997019768
      },
      {
        "x": -0.5,
        "y": 0.075408548116684,
        "z": 0.49999997019768
      },
      {
        "x": 0.17806243896484,
        "y": -0.49999997019768,
        "z": 0.17806248366833
      },
      {
        "x": -0.5,
        "y": -0.29356276988983,
        "z": 0.29356279969215
      },
      {
        "x": 0.17806243896484,
        "y": -0.49999997019768,
        "z": 0.17806248366833
      },
      {
        "x": 0.047661066055298,
        "y": -0.49999997019768,
        "z": 0.17806246876717
      },
      {
        "x": -0.5,
        "y": -0.29356276988983,
        "z": 0.29356279969215
      },
      {
        "x": -0.37947130203247,
        "y": -0.49999997019768,
        "z": -0.12013298273087
      },
      {
        "x": -0.30486935377121,
        "y": -0.5,
        "z": -0.12013292312622
      },
      {
        "x": 0.23785144090652,
        "y": 0.17894777655602,
        "z": -0.5
      },
      {
        "x": 0.23785144090652,
        "y": 0.17894777655602,
        "z": -0.5
      },
      {
        "x": -0.30486935377121,
        "y": -0.5,
        "z": -0.12013292312622
      },
      {
        "x": 0.5,
        "y": 0.1789478957653,
        "z": -0.5
      },
      {
        "x": 0.5,
        "y": -0.2564163506031,
        "z": -0.25641646981239
      },
      {
        "x": 0.46700769662857,
        "y": -0.49999997019768,
        "z": -0.12013295292854
      },
      {
        "x": 0.5,
        "y": -0.49999997019768,
        "z": -0.12013295292854
      },
      {
        "x": -0.033507764339447,
        "y": -0.5,
        "z": -0.12013292312622
      },
      {
        "x": 0.027232021093369,
        "y": -0.49999997019768,
        "z": -0.12013295292854
      },
      {
        "x": 0.5,
        "y": -0.2564163506031,
        "z": -0.25641646981239
      },
      {
        "x": 0.5,
        "y": -0.2564163506031,
        "z": -0.25641646981239
      },
      {
        "x": 0.027232021093369,
        "y": -0.49999997019768,
        "z": -0.12013295292854
      },
      {
        "x": 0.46700769662857,
        "y": -0.49999997019768,
        "z": -0.12013295292854
      },
      {
        "x": -0.12013304233551,
        "y": -0.49999997019768,
        "z": -0.12013301253319
      },
      {
        "x": -0.033507764339447,
        "y": -0.5,
        "z": -0.12013292312622
      },
      {
        "x": 0.5,
        "y": -0.2564163506031,
        "z": -0.25641646981239
      },
      {
        "x": -0.30486935377121,
        "y": -0.5,
        "z": -0.12013292312622
      },
      {
        "x": -0.12013304233551,
        "y": -0.49999997019768,
        "z": -0.12013301253319
      },
      {
        "x": 0.5,
        "y": 0.1789478957653,
        "z": -0.5
      },
      {
        "x": 0.5,
        "y": 0.1789478957653,
        "z": -0.5
      },
      {
        "x": -0.12013304233551,
        "y": -0.49999997019768,
        "z": -0.12013301253319
      },
      {
        "x": 0.5,
        "y": -0.2564163506031,
        "z": -0.25641646981239
      },
      {
        "x": -0.5,
        "y": -0.49999994039536,
        "z": -0.12013295292854
      },
      {
        "x": -0.37947130203247,
        "y": -0.49999997019768,
        "z": -0.12013298273087
      },
      {
        "x": 0.23785144090652,
        "y": 0.17894777655602,
        "z": -0.5
      },
      {
        "x": 0.23785144090652,
        "y": 0.17894777655602,
        "z": -0.5
      },
      {
        "x": 0.19177687168121,
        "y": 0.17894783616066,
        "z": -0.5
      },
      {
        "x": -0.5,
        "y": -0.49999994039536,
        "z": -0.12013295292854
      },
      {
        "x": 0.19177687168121,
        "y": 0.17894783616066,
        "z": -0.5
      },
      {
        "x": 0.17894780635834,
        "y": 0.17894783616066,
        "z": -0.5
      },
      {
        "x": -0.5,
        "y": -0.49999994039536,
        "z": -0.12013295292854
      },
      {
        "x": -0.5,
        "y": -0.49999994039536,
        "z": -0.12013295292854
      },
      {
        "x": 0.17894780635834,
        "y": 0.17894783616066,
        "z": -0.5
      },
      {
        "x": -0.5,
        "y": 0.17894774675369,
        "z": -0.49999997019768
      }
    ]
  }
}