{
  "additionalData": {
    "local_transform": [
      "1 0 0 0 1 0 0 0 1 0 5.96046e-08 -2.98023e-08",
      "1.64797 0 0 0 0.766044 1.36917 0 -0.30177 0.766044 -0.0561218 -0.46991 0.560081"
    ],
    "tillBaseScale": {
      "x": 0.19599796831608,
      "y": 0.34599494934082,
      "z": 0.73698890209198
    }
  },
  "basicShapesData": [
    {
      "class": "Part",
      "properties": {
        "angleVelocity": "x:0 y:0 z:0",
        "batchType": "Static",
        "bloom": "false",
        "booleanOperation": "0",
        "cameraCollideEnable": "true",
        "collisionFidelity": "0",
        "collisionGroup": "1",
        "collisionUniqueKey": "",
        "customColor": "r:1 g:1 b:1 a:1",
        "customThreshold": "1",
        "density": "2.2",
        "friction": "0.37",
        "id": "8782812552533393409",
        "individual": "false",
        "isLockedInEditor": "false",
        "isSelectInEditor": "false",
        "isVisibleInEditor": "true",
        "lineVelocity": "x:0 y:0 z:0",
        "materialAlpha": "1",
        "materialColor": "r:1 g:1 b:1 a:1",
        "materialOffset": "x:1 y:1 z:1",
        "materialTexture": "part_suliao.tga",
        "name": "Part",
        "needSync": "true",
        "networkOwner": "0",
        "originSize": "x:1 y:1 z:1",
        "partNavMeshType": "1",
        "position": "x:-30.5476 y:85.7123 z:-39.5532",
        "restitution": "0.3",
        "rotation": "x:-0 y:0 z:0",
        "scale": "x:0.195998 y:0.345995 z:0.736989",
        "selectable": "true",
        "shape": "1",
        "sides": "24",
        "sideStack": "5",
        "sphereDivision": "3",
        "staticBatchNo": "",
        "staticObject": "false",
        "templateInstanceId": "8782812552533393409",
        "unionLastBox": "false",
        "useAnchor": "true",
        "useCollide": "true",
        "useGravity": "true"
      }
    },
    {
      "class": "Part",
      "properties": {
        "angleVelocity": "x:0 y:0 z:0",
        "batchType": "Static",
        "bloom": "false",
        "booleanOperation": "2",
        "cameraCollideEnable": "true",
        "collisionFidelity": "0",
        "collisionGroup": "1",
        "collisionUniqueKey": "",
        "customColor": "r:1 g:1 b:1 a:1",
        "customThreshold": "1",
        "density": "2.2",
        "friction": "0.37",
        "id": "8782812552537407489",
        "individual": "false",
        "isLockedInEditor": "false",
        "isSelectInEditor": "false",
        "isVisibleInEditor": "true",
        "lineVelocity": "x:0 y:0 z:0",
        "materialAlpha": "1",
        "materialColor": "r:1 g:1 b:1 a:1",
        "materialOffset": "x:1 y:1 z:1",
        "materialTexture": "part_suliao.tga",
        "name": "Part",
        "needSync": "true",
        "networkOwner": "0",
        "originSize": "x:1 y:1 z:1",
        "partNavMeshType": "1",
        "position": "x:-30.5586 y:85.5497 z:-39.1405",
        "restitution": "0.3",
        "rotation": "x:-40 y:0 z:0",
        "scale": "x:0.322998 y:0.345995 z:0.736989",
        "selectable": "true",
        "shape": "1",
        "sides": "24",
        "sideStack": "5",
        "sphereDivision": "3",
        "staticBatchNo": "",
        "staticObject": "false",
        "templateInstanceId": "8782812552537407489",
        "unionLastBox": "false",
        "useAnchor": "true",
        "useCollide": "true",
        "useGravity": "true"
      }
    }
  ],
  "brushData": {
    "colors": [
      0,
      0,
      0,
      0,
      0,
      0,
      0,
      0,
      0,
      0,
      0,
      0,
      0,
      0,
      0,
      0,
      0,
      0,
      0,
      0,
      0,
      0,
      0,
      0,
      0,
      0,
      0,
      0,
      0
    ],
    "lightmapUVs": [
      {
        "x": 0.0,
        "y": 0.0
      },
      {
        "x": 0.0,
        "y": 0.0
      },
      {
        "x": 0.0,
        "y": 0.0
      },
      {
        "x": 0.0,
        "y": 0.0
      },
      {
        "x": 0.0,
        "y": 0.0
      },
      {
        "x": 0.0,
        "y": 0.0
      },
      {
        "x": 0.0,
        "y": 0.0
      },
      {
        "x": 0.0,
        "y": 0.0
      },
      {
        "x": 0.0,
        "y": 0.0
      },
      {
        "x": 0.0,
        "y": 0.0
      },
      {
        "x": 0.0,
        "y": 0.0
      },
      {
        "x": 0.0,
        "y": 0.0
      },
      {
        "x": 0.0,
        "y": 0.0
      },
      {
        "x": 0.0,
        "y": 0.0
      },
      {
        "x": 0.0,
        "y": 0.0
      },
      {
        "x": 0.0,
        "y": 0.0
      },
      {
        "x": 0.0,
        "y": 0.0
      },
      {
        "x": 0.0,
        "y": 0.0
      },
      {
        "x": 0.0,
        "y": 0.0
      },
      {
        "x": 0.0,
        "y": 0.0
      },
      {
        "x": 0.0,
        "y": 0.0
      },
      {
        "x": 0.0,
        "y": 0.0
      },
      {
        "x": 0.0,
        "y": 0.0
      },
      {
        "x": 0.0,
        "y": 0.0
      },
      {
        "x": 0.0,
        "y": 0.0
      },
      {
        "x": 0.0,
        "y": 0.0
      },
      {
        "x": 0.0,
        "y": 0.0
      },
      {
        "x": 0.0,
        "y": 0.0
      },
      {
        "x": 0.0,
        "y": 0.0
      },
      {
        "x": 0.0,
        "y": 0.0
      },
      {
        "x": 0.0,
        "y": 0.0
      },
      {
        "x": 0.0,
        "y": 0.0
      },
      {
        "x": 0.0,
        "y": 0.0
      },
      {
        "x": 0.0,
        "y": 0.0
      },
      {
        "x": 0.0,
        "y": 0.0
      },
      {
        "x": 0.0,
        "y": 0.0
      },
      {
        "x": 0.0,
        "y": 0.0
      },
      {
        "x": 0.0,
        "y": 0.0
      },
      {
        "x": 0.0,
        "y": 0.0
      },
      {
        "x": 0.0,
        "y": 0.0
      },
      {
        "x": 0.0,
        "y": 0.0
      },
      {
        "x": 0.0,
        "y": 0.0
      },
      {
        "x": 0.0,
        "y": 0.0
      },
      {
        "x": 0.0,
        "y": 0.0
      },
      {
        "x": 0.0,
        "y": 0.0
      },
      {
        "x": 0.0,
        "y": 0.0
      },
      {
        "x": 0.0,
        "y": 0.0
      },
      {
        "x": 0.0,
        "y": 0.0
      },
      {
        "x": 0.0,
        "y": 0.0
      },
      {
        "x": 0.0,
        "y": 0.0
      },
      {
        "x": 0.0,
        "y": 0.0
      },
      {
        "x": 0.0,
        "y": 0.0
      },
      {
        "x": 0.0,
        "y": 0.0
      },
      {
        "x": 0.0,
        "y": 0.0
      },
      {
        "x": 0.0,
        "y": 0.0
      },
      {
        "x": 0.0,
        "y": 0.0
      },
      {
        "x": 0.0,
        "y": 0.0
      },
      {
        "x": 0.0,
        "y": 0.0
      },
      {
        "x": 0.0,
        "y": 0.0
      },
      {
        "x": 0.0,
        "y": 0.0
      },
      {
        "x": 0.0,
        "y": 0.0
      },
      {
        "x": 0.0,
        "y": 0.0
      },
      {
        "x": 0.0,
        "y": 0.0
      },
      {
        "x": 0.0,
        "y": 0.0
      },
      {
        "x": 0.0,
        "y": 0.0
      },
      {
        "x": 0.0,
        "y": 0.0
      },
      {
        "x": 0.0,
        "y": 0.0
      },
      {
        "x": 0.0,
        "y": 0.0
      },
      {
        "x": 0.0,
        "y": 0.0
      },
      {
        "x": 0.0,
        "y": 0.0
      },
      {
        "x": 0.0,
        "y": 0.0
      },
      {
        "x": 0.0,
        "y": 0.0
      },
      {
        "x": 0.0,
        "y": 0.0
      },
      {
        "x": 0.0,
        "y": 0.0
      },
      {
        "x": 0.0,
        "y": 0.0
      },
      {
        "x": 0.0,
        "y": 0.0
      },
      {
        "x": 0.0,
        "y": 0.0
      },
      {
        "x": 0.0,
        "y": 0.0
      },
      {
        "x": 0.0,
        "y": 0.0
      },
      {
        "x": 0.0,
        "y": 0.0
      },
      {
        "x": 0.0,
        "y": 0.0
      },
      {
        "x": 0.0,
        "y": 0.0
      },
      {
        "x": 0.0,
        "y": 0.0
      },
      {
        "x": 0.0,
        "y": 0.0
      },
      {
        "x": 0.0,
        "y": 0.0
      },
      {
        "x": 0.0,
        "y": 0.0
      },
      {
        "x": 0.0,
        "y": 0.0
      }
    ],
    "uv2s": [
      {
        "x": 0.0,
        "y": 0.42459154129028
      },
      {
        "x": 0.0,
        "y": 0.0
      },
      {
        "x": 0.32193756103516,
        "y": 1.0000001192093
      },
      {
        "x": 0.0,
        "y": 0.0
      },
      {
        "x": 1.0,
        "y": 1.0
      },
      {
        "x": 0.32193756103516,
        "y": 1.0000001192093
      },
      {
        "x": 0.0,
        "y": 0.0
      },
      {
        "x": 1.0,
        "y": 0.0
      },
      {
        "x": 1.0,
        "y": 1.0
      },
      {
        "x": 0.0,
        "y": 0.42459148168564
      },
      {
        "x": 0.0,
        "y": 0.0
      },
      {
        "x": 0.24853551387787,
        "y": 0.42459148168564
      },
      {
        "x": 0.24853551387787,
        "y": 0.42459148168564
      },
      {
        "x": 0.0,
        "y": 0.0
      },
      {
        "x": 0.42459148168564,
        "y": 0.42459148168564
      },
      {
        "x": 0.42459148168564,
        "y": 0.42459148168564
      },
      {
        "x": 0.0,
        "y": 0.0
      },
      {
        "x": 1.0,
        "y": 0.42459154129028
      },
      {
        "x": 0.0,
        "y": 0.0
      },
      {
        "x": 1.0,
        "y": 0.0
      },
      {
        "x": 1.0,
        "y": 0.42459154129028
      },
      {
        "x": 0.67806243896484,
        "y": 1.0
      },
      {
        "x": 0.0,
        "y": 1.0
      },
      {
        "x": 0.0,
        "y": 0.0
      },
      {
        "x": 0.67806243896484,
        "y": 1.0
      },
      {
        "x": 0.0,
        "y": 0.0
      },
      {
        "x": 0.79356276988983,
        "y": 0.79356276988983
      },
      {
        "x": 0.79356276988983,
        "y": 0.79356276988983
      },
      {
        "x": 0.0,
        "y": 0.0
      },
      {
        "x": 1.0,
        "y": 0.42459148168564
      },
      {
        "x": 0.0,
        "y": 0.0
      },
      {
        "x": 1.0,
        "y": 0.0
      },
      {
        "x": 1.0,
        "y": 0.42459148168564
      },
      {
        "x": 1.0,
        "y": 1.0
      },
      {
        "x": 0.0,
        "y": 1.0
      },
      {
        "x": 0.0,
        "y": 0.0
      },
      {
        "x": 0.0,
        "y": 0.0
      },
      {
        "x": 1.0,
        "y": 0.0
      },
      {
        "x": 1.0,
        "y": 1.0
      },
      {
        "x": 1.0,
        "y": 1.0
      },
      {
        "x": 0.0,
        "y": 1.0
      },
      {
        "x": 0.0,
        "y": 0.0
      },
      {
        "x": 0.0,
        "y": 0.0
      },
      {
        "x": 1.0,
        "y": 0.0
      },
      {
        "x": 1.0,
        "y": 1.0
      },
      {
        "x": 0.32193756103516,
        "y": 0.0
      },
      {
        "x": 1.0,
        "y": 0.0
      },
      {
        "x": 0.32193756103516,
        "y": 0.058891236782074
      },
      {
        "x": 1.0,
        "y": 0.0
      },
      {
        "x": 1.0,
        "y": 1.0
      },
      {
        "x": 0.32193756103516,
        "y": 0.058891236782074
      },
      {
        "x": 0.32193756103516,
        "y": 0.058891236782074
      },
      {
        "x": 1.0,
        "y": 1.0
      },
      {
        "x": 0.32193756103516,
        "y": 0.32193756103516
      },
      {
        "x": 0.32193756103516,
        "y": 0.32193756103516
      },
      {
        "x": 1.0,
        "y": 1.0
      },
      {
        "x": 0.32193756103516,
        "y": 1.0
      },
      {
        "x": 1.0,
        "y": 1.0000001192093
      },
      {
        "x": 0.94110876321793,
        "y": 1.0
      },
      {
        "x": 0.24853551387787,
        "y": 0.42459148168564
      },
      {
        "x": 0.24853551387787,
        "y": 0.42459148168564
      },
      {
        "x": 0.27655619382858,
        "y": 0.42459142208099
      },
      {
        "x": 1.0,
        "y": 1.0000001192093
      },
      {
        "x": 0.27655619382858,
        "y": 0.42459142208099
      },
      {
        "x": 0.42459148168564,
        "y": 0.42459148168564
      },
      {
        "x": 1.0,
        "y": 1.0000001192093
      },
      {
        "x": 1.0,
        "y": 1.0000001192093
      },
      {
        "x": 0.42459148168564,
        "y": 0.42459148168564
      },
      {
        "x": 1.0,
        "y": 0.42459154129028
      },
      {
        "x": 0.94110876321793,
        "y": 1.0
      },
      {
        "x": 0.86143881082535,
        "y": 1.0
      },
      {
        "x": 0.24853551387787,
        "y": 0.42459148168564
      },
      {
        "x": 0.24853551387787,
        "y": 0.42459148168564
      },
      {
        "x": 0.86143881082535,
        "y": 1.0
      },
      {
        "x": 0.0,
        "y": 0.42459148168564
      },
      {
        "x": 0.5476610660553,
        "y": 1.0
      },
      {
        "x": 0.0,
        "y": 1.0
      },
      {
        "x": 0.0,
        "y": 0.79356276988983
      },
      {
        "x": 0.86143881082535,
        "y": 1.0
      },
      {
        "x": 0.67806243896484,
        "y": 1.0
      },
      {
        "x": 0.0,
        "y": 0.42459148168564
      },
      {
        "x": 0.0,
        "y": 0.42459148168564
      },
      {
        "x": 0.67806243896484,
        "y": 1.0
      },
      {
        "x": 0.0,
        "y": 0.79356276988983
      },
      {
        "x": 0.67806243896484,
        "y": 1.0
      },
      {
        "x": 0.5476610660553,
        "y": 1.0
      },
      {
        "x": 0.0,
        "y": 0.79356276988983
      }
    ],
    "uv3s": [
      {
        "x": 0.0,
        "y": 0.14690653979778
      },
      {
        "x": 0.0,
        "y": 0.0
      },
      {
        "x": 0.23726442456245,
        "y": 0.34599497914314
      },
      {
        "x": 0.0,
        "y": 0.0
      },
      {
        "x": 0.73698896169662,
        "y": 0.34599497914314
      },
      {
        "x": 0.23726442456245,
        "y": 0.34599497914314
      },
      {
        "x": 0.0,
        "y": 0.0
      },
      {
        "x": 0.73698896169662,
        "y": 0.0
      },
      {
        "x": 0.73698896169662,
        "y": 0.34599497914314
      },
      {
        "x": 0.0,
        "y": 0.14690652489662
      },
      {
        "x": 0.0,
        "y": 0.0
      },
      {
        "x": 0.048712458461523,
        "y": 0.1469064950943
      },
      {
        "x": 0.048712458461523,
        "y": 0.1469064950943
      },
      {
        "x": 0.0,
        "y": 0.0
      },
      {
        "x": 0.083219073712826,
        "y": 0.14690652489662
      },
      {
        "x": 0.083219073712826,
        "y": 0.14690652489662
      },
      {
        "x": 0.0,
        "y": 0.0
      },
      {
        "x": 0.19599798321724,
        "y": 0.14690652489662
      },
      {
        "x": 0.0,
        "y": 0.0
      },
      {
        "x": 0.19599798321724,
        "y": 0.0
      },
      {
        "x": 0.19599798321724,
        "y": 0.14690652489662
      },
      {
        "x": 0.49972456693649,
        "y": 0.34599497914314
      },
      {
        "x": 0.0,
        "y": 0.34599497914314
      },
      {
        "x": 0.0,
        "y": 0.0
      },
      {
        "x": 0.49972456693649,
        "y": 0.34599497914314
      },
      {
        "x": 0.0,
        "y": 0.0
      },
      {
        "x": 0.58484697341919,
        "y": 0.27456873655319
      },
      {
        "x": 0.58484697341919,
        "y": 0.27456873655319
      },
      {
        "x": 0.0,
        "y": 0.0
      },
      {
        "x": 0.73698896169662,
        "y": 0.14690653979778
      },
      {
        "x": 0.0,
        "y": 0.0
      },
      {
        "x": 0.73698896169662,
        "y": 0.0
      },
      {
        "x": 0.73698896169662,
        "y": 0.14690653979778
      },
      {
        "x": 0.19599798321724,
        "y": 0.34599497914314
      },
      {
        "x": 0.0,
        "y": 0.34599497914314
      },
      {
        "x": 0.0,
        "y": 0.0
      },
      {
        "x": 0.0,
        "y": 0.0
      },
      {
        "x": 0.19599798321724,
        "y": 0.0
      },
      {
        "x": 0.19599798321724,
        "y": 0.34599497914314
      },
      {
        "x": 0.73698896169662,
        "y": 0.19599798321724
      },
      {
        "x": 0.0,
        "y": 0.19599798321724
      },
      {
        "x": 0.0,
        "y": 0.0
      },
      {
        "x": 0.0,
        "y": 0.0
      },
      {
        "x": 0.73698896169662,
        "y": 0.0
      },
      {
        "x": 0.73698896169662,
        "y": 0.19599798321724
      },
      {
        "x": 0.49972456693649,
        "y": 0.19599798321724
      },
      {
        "x": 0.0,
        "y": 0.19599798321724
      },
      {
        "x": 0.49972456693649,
        "y": 0.1844554245472
      },
      {
        "x": 0.0,
        "y": 0.19599798321724
      },
      {
        "x": 0.0,
        "y": 0.0
      },
      {
        "x": 0.49972456693649,
        "y": 0.1844554245472
      },
      {
        "x": 0.49972456693649,
        "y": 0.1844554245472
      },
      {
        "x": 0.0,
        "y": 0.0
      },
      {
        "x": 0.49972453713417,
        "y": 0.13289886713028
      },
      {
        "x": 0.49972462654114,
        "y": 0.1328988969326
      },
      {
        "x": 0.0,
        "y": 0.0
      },
      {
        "x": 0.49972456693649,
        "y": 0.0
      },
      {
        "x": 0.80172395706177,
        "y": 0.83745962381363
      },
      {
        "x": 0.80172389745712,
        "y": 0.80172389745712
      },
      {
        "x": 0.38146436214447,
        "y": 0.38146436214447
      },
      {
        "x": 0.38146436214447,
        "y": 0.38146436214447
      },
      {
        "x": 0.38146436214447,
        "y": 0.39846757054329
      },
      {
        "x": 0.80172395706177,
        "y": 0.83745962381363
      },
      {
        "x": 0.38146436214447,
        "y": 0.39846757054329
      },
      {
        "x": 0.38146448135376,
        "y": 0.48829692602158
      },
      {
        "x": 0.80172395706177,
        "y": 0.83745962381363
      },
      {
        "x": 0.80172395706177,
        "y": 0.83745962381363
      },
      {
        "x": 0.38146448135376,
        "y": 0.48829692602158
      },
      {
        "x": 0.38146436214447,
        "y": 0.83745968341827
      },
      {
        "x": 0.80172383785248,
        "y": 0.80172383785248
      },
      {
        "x": 0.80172383785248,
        "y": 0.75337940454483
      },
      {
        "x": 0.38146436214447,
        "y": 0.38146436214447
      },
      {
        "x": 0.38146436214447,
        "y": 0.38146436214447
      },
      {
        "x": 0.80172383785248,
        "y": 0.75337940454483
      },
      {
        "x": 0.38146436214447,
        "y": 0.23065082728863
      },
      {
        "x": 0.80172383785248,
        "y": 0.5629763007164
      },
      {
        "x": 0.80172383785248,
        "y": 0.23065081238747
      },
      {
        "x": 0.65094888210297,
        "y": 0.23065081238747
      },
      {
        "x": 0.80172383785248,
        "y": 0.75337940454483
      },
      {
        "x": 0.80172449350357,
        "y": 0.64210617542267
      },
      {
        "x": 0.38146436214447,
        "y": 0.23065082728863
      },
      {
        "x": 0.38146436214447,
        "y": 0.23065082728863
      },
      {
        "x": 0.80172449350357,
        "y": 0.64210617542267
      },
      {
        "x": 0.65094888210297,
        "y": 0.23065081238747
      },
      {
        "x": 0.80172449350357,
        "y": 0.64210617542267
      },
      {
        "x": 0.80172383785248,
        "y": 0.5629763007164
      },
      {
        "x": 0.65094888210297,
        "y": 0.23065081238747
      }
    ],
    "uvs": [
      {
        "x": 0.0,
        "y": 0.42459148168564
      },
      {
        "x": 0.0,
        "y": 0.0
      },
      {
        "x": 0.32193756103516,
        "y": 1.0
      },
      {
        "x": 0.0,
        "y": 0.0
      },
      {
        "x": 1.0,
        "y": 0.99999988079071
      },
      {
        "x": 0.32193756103516,
        "y": 1.0
      },
      {
        "x": 0.0,
        "y": 0.0
      },
      {
        "x": 1.0,
        "y": 0.0
      },
      {
        "x": 1.0,
        "y": 0.99999988079071
      },
      {
        "x": 0.0,
        "y": 0.42459142208099
      },
      {
        "x": 0.0,
        "y": 0.0
      },
      {
        "x": 0.24853551387787,
        "y": 0.42459142208099
      },
      {
        "x": 0.24853551387787,
        "y": 0.42459142208099
      },
      {
        "x": 0.0,
        "y": 0.0
      },
      {
        "x": 0.42459148168564,
        "y": 0.42459142208099
      },
      {
        "x": 0.42459148168564,
        "y": 0.42459142208099
      },
      {
        "x": 0.0,
        "y": 0.0
      },
      {
        "x": 1.0,
        "y": 0.42459148168564
      },
      {
        "x": 0.0,
        "y": 0.0
      },
      {
        "x": 1.0,
        "y": 0.0
      },
      {
        "x": 1.0,
        "y": 0.42459148168564
      },
      {
        "x": 0.67806243896484,
        "y": 0.99999988079071
      },
      {
        "x": 0.0,
        "y": 0.99999988079071
      },
      {
        "x": 0.0,
        "y": 0.0
      },
      {
        "x": 0.67806243896484,
        "y": 0.99999988079071
      },
      {
        "x": 0.0,
        "y": 0.0
      },
      {
        "x": 0.79356276988983,
        "y": 0.79356271028519
      },
      {
        "x": 0.79356276988983,
        "y": 0.79356271028519
      },
      {
        "x": 0.0,
        "y": 0.0
      },
      {
        "x": 1.0,
        "y": 0.42459142208099
      },
      {
        "x": 0.0,
        "y": 0.0
      },
      {
        "x": 1.0,
        "y": 0.0
      },
      {
        "x": 1.0,
        "y": 0.42459142208099
      },
      {
        "x": 1.0,
        "y": 0.99999988079071
      },
      {
        "x": 0.0,
        "y": 0.99999988079071
      },
      {
        "x": 0.0,
        "y": 0.0
      },
      {
        "x": 0.0,
        "y": 0.0
      },
      {
        "x": 1.0,
        "y": 0.0
      },
      {
        "x": 1.0,
        "y": 0.99999988079071
      },
      {
        "x": 1.0,
        "y": 1.0
      },
      {
        "x": 0.0,
        "y": 1.0
      },
      {
        "x": 0.0,
        "y": 0.0
      },
      {
        "x": 0.0,
        "y": 0.0
      },
      {
        "x": 1.0,
        "y": 0.0
      },
      {
        "x": 1.0,
        "y": 1.0
      },
      {
        "x": 0.32193756103516,
        "y": 0.0
      },
      {
        "x": 1.0,
        "y": 0.0
      },
      {
        "x": 0.32193756103516,
        "y": 0.058891236782074
      },
      {
        "x": 1.0,
        "y": 0.0
      },
      {
        "x": 1.0,
        "y": 1.0
      },
      {
        "x": 0.32193756103516,
        "y": 0.058891236782074
      },
      {
        "x": 0.32193756103516,
        "y": 0.058891236782074
      },
      {
        "x": 1.0,
        "y": 1.0
      },
      {
        "x": 0.32193756103516,
        "y": 0.32193756103516
      },
      {
        "x": 0.32193756103516,
        "y": 0.32193756103516
      },
      {
        "x": 1.0,
        "y": 1.0
      },
      {
        "x": 0.32193756103516,
        "y": 1.0
      },
      {
        "x": 1.0,
        "y": 1.0
      },
      {
        "x": 0.94110876321793,
        "y": 0.99999988079071
      },
      {
        "x": 0.24853551387787,
        "y": 0.42459142208099
      },
      {
        "x": 0.24853551387787,
        "y": 0.42459142208099
      },
      {
        "x": 0.27655619382858,
        "y": 0.42459136247635
      },
      {
        "x": 1.0,
        "y": 1.0
      },
      {
        "x": 0.27655619382858,
        "y": 0.42459136247635
      },
      {
        "x": 0.42459148168564,
        "y": 0.42459142208099
      },
      {
        "x": 1.0,
        "y": 1.0
      },
      {
        "x": 1.0,
        "y": 1.0
      },
      {
        "x": 0.42459148168564,
        "y": 0.42459142208099
      },
      {
        "x": 1.0,
        "y": 0.42459148168564
      },
      {
        "x": 0.94110876321793,
        "y": 0.99999988079071
      },
      {
        "x": 0.86143881082535,
        "y": 0.99999988079071
      },
      {
        "x": 0.24853551387787,
        "y": 0.42459142208099
      },
      {
        "x": 0.24853551387787,
        "y": 0.42459142208099
      },
      {
        "x": 0.86143881082535,
        "y": 0.99999988079071
      },
      {
        "x": 0.0,
        "y": 0.42459142208099
      },
      {
        "x": 0.5476610660553,
        "y": 0.99999988079071
      },
      {
        "x": 0.0,
        "y": 0.99999988079071
      },
      {
        "x": 0.0,
        "y": 0.79356271028519
      },
      {
        "x": 0.86143881082535,
        "y": 0.99999988079071
      },
      {
        "x": 0.67806243896484,
        "y": 0.99999988079071
      },
      {
        "x": 0.0,
        "y": 0.42459142208099
      },
      {
        "x": 0.0,
        "y": 0.42459142208099
      },
      {
        "x": 0.67806243896484,
        "y": 0.99999988079071
      },
      {
        "x": 0.0,
        "y": 0.79356271028519
      },
      {
        "x": 0.67806243896484,
        "y": 0.99999988079071
      },
      {
        "x": 0.5476610660553,
        "y": 0.99999988079071
      },
      {
        "x": 0.0,
        "y": 0.79356271028519
      }
    ],
    "vertices": [
      {
        "x": 0.5,
        "y": 0.075408518314362,
        "z": 0.49999997019768
      },
      {
        "x": 0.5,
        "y": 0.50000005960464,
        "z": 0.49999997019768
      },
      {
        "x": 0.5,
        "y": -0.50000005960464,
        "z": 0.17806240916252
      },
      {
        "x": 0.5,
        "y": 0.50000005960464,
        "z": 0.49999997019768
      },
      {
        "x": 0.5,
        "y": -0.49999994039536,
        "z": -0.5
      },
      {
        "x": 0.5,
        "y": -0.50000005960464,
        "z": 0.17806240916252
      },
      {
        "x": 0.5,
        "y": 0.50000005960464,
        "z": 0.49999997019768
      },
      {
        "x": 0.5,
        "y": 0.50000005960464,
        "z": -0.5
      },
      {
        "x": 0.5,
        "y": -0.49999994039536,
        "z": -0.5
      },
      {
        "x": -0.5,
        "y": 0.075408577919006,
        "z": 0.49999997019768
      },
      {
        "x": -0.5,
        "y": 0.50000005960464,
        "z": 0.49999997019768
      },
      {
        "x": -0.25146448612213,
        "y": 0.075408577919006,
        "z": 0.49999997019768
      },
      {
        "x": -0.25146448612213,
        "y": 0.075408577919006,
        "z": 0.49999997019768
      },
      {
        "x": -0.5,
        "y": 0.50000005960464,
        "z": 0.49999997019768
      },
      {
        "x": -0.075408518314362,
        "y": 0.075408577919006,
        "z": 0.49999997019768
      },
      {
        "x": -0.075408518314362,
        "y": 0.075408577919006,
        "z": 0.49999997019768
      },
      {
        "x": -0.5,
        "y": 0.50000005960464,
        "z": 0.49999997019768
      },
      {
        "x": 0.5,
        "y": 0.075408518314362,
        "z": 0.49999997019768
      },
      {
        "x": -0.5,
        "y": 0.50000005960464,
        "z": 0.49999997019768
      },
      {
        "x": 0.5,
        "y": 0.50000005960464,
        "z": 0.49999997019768
      },
      {
        "x": 0.5,
        "y": 0.075408518314362,
        "z": 0.49999997019768
      },
      {
        "x": -0.5,
        "y": -0.49999991059303,
        "z": 0.17806246876717
      },
      {
        "x": -0.5,
        "y": -0.49999994039536,
        "z": -0.5
      },
      {
        "x": -0.5,
        "y": 0.50000005960464,
        "z": -0.5
      },
      {
        "x": -0.5,
        "y": -0.49999991059303,
        "z": 0.17806246876717
      },
      {
        "x": -0.5,
        "y": 0.50000005960464,
        "z": -0.5
      },
      {
        "x": -0.5,
        "y": -0.29356274008751,
        "z": 0.29356279969215
      },
      {
        "x": -0.5,
        "y": -0.29356274008751,
        "z": 0.29356279969215
      },
      {
        "x": -0.5,
        "y": 0.50000005960464,
        "z": -0.5
      },
      {
        "x": -0.5,
        "y": 0.075408577919006,
        "z": 0.49999997019768
      },
      {
        "x": -0.5,
        "y": 0.50000005960464,
        "z": -0.5
      },
      {
        "x": -0.5,
        "y": 0.50000005960464,
        "z": 0.49999997019768
      },
      {
        "x": -0.5,
        "y": 0.075408577919006,
        "z": 0.49999997019768
      },
      {
        "x": -0.5,
        "y": -0.49999994039536,
        "z": -0.5
      },
      {
        "x": 0.5,
        "y": -0.49999994039536,
        "z": -0.5
      },
      {
        "x": 0.5,
        "y": 0.50000005960464,
        "z": -0.5
      },
      {
        "x": 0.5,
        "y": 0.50000005960464,
        "z": -0.5
      },
      {
        "x": -0.5,
        "y": 0.50000005960464,
        "z": -0.5
      },
      {
        "x": -0.5,
        "y": -0.49999994039536,
        "z": -0.5
      },
      {
        "x": 0.5,
        "y": 0.50000005960464,
        "z": -0.5
      },
      {
        "x": 0.5,
        "y": 0.50000005960464,
        "z": 0.49999997019768
      },
      {
        "x": -0.5,
        "y": 0.50000005960464,
        "z": 0.49999997019768
      },
      {
        "x": -0.5,
        "y": 0.50000005960464,
        "z": 0.49999997019768
      },
      {
        "x": -0.5,
        "y": 0.50000005960464,
        "z": -0.5
      },
      {
        "x": 0.5,
        "y": 0.50000005960464,
        "z": -0.5
      },
      {
        "x": 0.5,
        "y": -0.50000005960464,
        "z": 0.17806240916252
      },
      {
        "x": 0.5,
        "y": -0.49999994039536,
        "z": -0.5
      },
      {
        "x": 0.44110876321793,
        "y": -0.49999994039536,
        "z": 0.17806246876717
      },
      {
        "x": 0.5,
        "y": -0.49999994039536,
        "z": -0.5
      },
      {
        "x": -0.5,
        "y": -0.49999994039536,
        "z": -0.5
      },
      {
        "x": 0.44110876321793,
        "y": -0.49999994039536,
        "z": 0.17806246876717
      },
      {
        "x": 0.44110876321793,
        "y": -0.49999994039536,
        "z": 0.17806246876717
      },
      {
        "x": -0.5,
        "y": -0.49999994039536,
        "z": -0.5
      },
      {
        "x": 0.17806243896484,
        "y": -0.49999994039536,
        "z": 0.17806246876717
      },
      {
        "x": 0.17806243896484,
        "y": -0.49999994039536,
        "z": 0.17806246876717
      },
      {
        "x": -0.5,
        "y": -0.49999994039536,
        "z": -0.5
      },
      {
        "x": -0.5,
        "y": -0.49999991059303,
        "z": 0.17806246876717
      },
      {
        "x": 0.5,
        "y": -0.50000005960464,
        "z": 0.17806240916252
      },
      {
        "x": 0.44110876321793,
        "y": -0.49999994039536,
        "z": 0.17806246876717
      },
      {
        "x": -0.25146448612213,
        "y": 0.075408577919006,
        "z": 0.49999997019768
      },
      {
        "x": -0.25146448612213,
        "y": 0.075408577919006,
        "z": 0.49999997019768
      },
      {
        "x": -0.22344380617142,
        "y": 0.075408637523651,
        "z": 0.5
      },
      {
        "x": 0.5,
        "y": -0.50000005960464,
        "z": 0.17806240916252
      },
      {
        "x": -0.22344380617142,
        "y": 0.075408637523651,
        "z": 0.5
      },
      {
        "x": -0.075408518314362,
        "y": 0.075408577919006,
        "z": 0.49999997019768
      },
      {
        "x": 0.5,
        "y": -0.50000005960464,
        "z": 0.17806240916252
      },
      {
        "x": 0.5,
        "y": -0.50000005960464,
        "z": 0.17806240916252
      },
      {
        "x": -0.075408518314362,
        "y": 0.075408577919006,
        "z": 0.49999997019768
      },
      {
        "x": 0.5,
        "y": 0.075408518314362,
        "z": 0.49999997019768
      },
      {
        "x": 0.44110876321793,
        "y": -0.49999994039536,
        "z": 0.17806246876717
      },
      {
        "x": 0.36143881082535,
        "y": -0.49999994039536,
        "z": 0.17806246876717
      },
      {
        "x": -0.25146448612213,
        "y": 0.075408577919006,
        "z": 0.49999997019768
      },
      {
        "x": -0.25146448612213,
        "y": 0.075408577919006,
        "z": 0.49999997019768
      },
      {
        "x": 0.36143881082535,
        "y": -0.49999994039536,
        "z": 0.17806246876717
      },
      {
        "x": -0.5,
        "y": 0.075408577919006,
        "z": 0.49999997019768
      },
      {
        "x": 0.047661066055298,
        "y": -0.49999994039536,
        "z": 0.17806246876717
      },
      {
        "x": -0.5,
        "y": -0.49999991059303,
        "z": 0.17806246876717
      },
      {
        "x": -0.5,
        "y": -0.29356274008751,
        "z": 0.29356279969215
      },
      {
        "x": 0.36143881082535,
        "y": -0.49999994039536,
        "z": 0.17806246876717
      },
      {
        "x": 0.17806243896484,
        "y": -0.49999994039536,
        "z": 0.17806246876717
      },
      {
        "x": -0.5,
        "y": 0.075408577919006,
        "z": 0.49999997019768
      },
      {
        "x": -0.5,
        "y": 0.075408577919006,
        "z": 0.49999997019768
      },
      {
        "x": 0.17806243896484,
        "y": -0.49999994039536,
        "z": 0.17806246876717
      },
      {
        "x": -0.5,
        "y": -0.29356274008751,
        "z": 0.29356279969215
      },
      {
        "x": 0.17806243896484,
        "y": -0.49999994039536,
        "z": 0.17806246876717
      },
      {
        "x": 0.047661066055298,
        "y": -0.49999994039536,
        "z": 0.17806246876717
      },
      {
        "x": -0.5,
        "y": -0.29356274008751,
        "z": 0.29356279969215
      }
    ]
  }
}