{
  "additionalData": {
    "local_transform": [
      "1 0 0 0 1 0 0 0 1 0 0 0",
      "0.120653 0 0 0 0.122863 0 0 0 1.53753 -0.179232 -0.0941772 0.0313568"
    ],
    "tillBaseScale": {
      "x": 0.91997689008713,
      "y": 0.87898486852646,
      "z": 1.1329697370529
    }
  },
  "basicShapesData": [
    {
      "class": "Part",
      "properties": {
        "angleVelocity": "x:0 y:0 z:0",
        "batchType": "Static",
        "bloom": "false",
        "booleanOperation": "0",
        "cameraCollideEnable": "true",
        "collisionFidelity": "0",
        "collisionGroup": "1",
        "collisionUniqueKey": "",
        "customColor": "r:0.494118 g:0.490196 b:0.541176 a:1",
        "customThreshold": "1",
        "density": "2.2",
        "friction": "0.37",
        "id": "8781967553239695361",
        "individual": "false",
        "isLockedInEditor": "false",
        "isSelectInEditor": "false",
        "isVisibleInEditor": "true",
        "lineVelocity": "x:0 y:0 z:0",
        "materialAlpha": "1",
        "materialColor": "r:0.494118 g:0.490196 b:0.541176 a:1",
        "materialOffset": "x:1 y:1 z:1",
        "materialTexture": "part_suliao.tga",
        "name": "Part",
        "needSync": "true",
        "networkOwner": "0",
        "originSize": "x:1 y:1 z:1",
        "partNavMeshType": "1",
        "position": "x:-22.4145 y:92.9486 z:-46.1256",
        "restitution": "0.3",
        "rotation": "x:-0 y:0 z:0",
        "scale": "x:0.919977 y:0.878985 z:1.13297",
        "selectable": "true",
        "shape": "1",
        "sides": "24",
        "sideStack": "5",
        "sphereDivision": "3",
        "staticBatchNo": "",
        "staticObject": "false",
        "templateInstanceId": "8781967553239695361",
        "unionLastBox": "false",
        "useAnchor": "true",
        "useCollide": "true",
        "useGravity": "true"
      }
    },
    {
      "class": "Part",
      "properties": {
        "angleVelocity": "x:0 y:0 z:0",
        "batchType": "Static",
        "bloom": "false",
        "booleanOperation": "2",
        "cameraCollideEnable": "true",
        "collisionFidelity": "0",
        "collisionGroup": "1",
        "collisionUniqueKey": "",
        "customColor": "r:1 g:1 b:1 a:1",
        "customThreshold": "1",
        "density": "2.2",
        "friction": "0.37",
        "id": "8781967553261158401",
        "individual": "false",
        "isLockedInEditor": "false",
        "isSelectInEditor": "false",
        "isVisibleInEditor": "true",
        "lineVelocity": "x:0 y:0 z:0",
        "materialAlpha": "1",
        "materialColor": "r:1 g:1 b:1 a:1",
        "materialOffset": "x:1 y:1 z:1",
        "materialTexture": "part_suliao.tga",
        "name": "Part",
        "needSync": "true",
        "networkOwner": "0",
        "originSize": "x:1 y:1 z:1",
        "partNavMeshType": "1",
        "position": "x:-22.5794 y:92.8658 z:-46.0901",
        "restitution": "0.3",
        "rotation": "x:-0 y:0 z:0",
        "scale": "x:0.110998 y:0.107995 z:1.74198",
        "selectable": "true",
        "shape": "1",
        "sides": "24",
        "sideStack": "5",
        "sphereDivision": "3",
        "staticBatchNo": "",
        "staticObject": "false",
        "templateInstanceId": "8781967553261158401",
        "unionLastBox": "false",
        "useAnchor": "false",
        "useCollide": "true",
        "useGravity": "true"
      }
    }
  ],
  "brushData": {
    "colors": [
      0,
      0,
      0,
      0,
      0,
      0,
      0,
      0,
      0,
      0,
      0,
      0,
      0,
      0,
      0,
      0,
      0,
      0,
      0,
      0,
      0,
      0,
      0,
      0,
      0,
      0,
      0,
      0,
      0,
      0,
      0,
      0,
      0,
      0,
      0,
      0,
      0,
      0,
      0,
      0,
      0,
      0,
      0,
      0,
      0,
      0,
      0,
      0,
      0,
      0,
      0,
      0,
      0,
      0,
      0,
      0,
      0,
      0,
      0,
      0
    ],
    "lightmapUVs": [
      {
        "x": 0.0,
        "y": 0.0
      },
      {
        "x": 0.0,
        "y": 0.0
      },
      {
        "x": 0.0,
        "y": 0.0
      },
      {
        "x": 0.0,
        "y": 0.0
      },
      {
        "x": 0.0,
        "y": 0.0
      },
      {
        "x": 0.0,
        "y": 0.0
      },
      {
        "x": 0.0,
        "y": 0.0
      },
      {
        "x": 0.0,
        "y": 0.0
      },
      {
        "x": 0.0,
        "y": 0.0
      },
      {
        "x": 0.0,
        "y": 0.0
      },
      {
        "x": 0.0,
        "y": 0.0
      },
      {
        "x": 0.0,
        "y": 0.0
      },
      {
        "x": 0.0,
        "y": 0.0
      },
      {
        "x": 0.0,
        "y": 0.0
      },
      {
        "x": 0.0,
        "y": 0.0
      },
      {
        "x": 0.0,
        "y": 0.0
      },
      {
        "x": 0.0,
        "y": 0.0
      },
      {
        "x": 0.0,
        "y": 0.0
      },
      {
        "x": 0.0,
        "y": 0.0
      },
      {
        "x": 0.0,
        "y": 0.0
      },
      {
        "x": 0.0,
        "y": 0.0
      },
      {
        "x": 0.0,
        "y": 0.0
      },
      {
        "x": 0.0,
        "y": 0.0
      },
      {
        "x": 0.0,
        "y": 0.0
      },
      {
        "x": 0.0,
        "y": 0.0
      },
      {
        "x": 0.0,
        "y": 0.0
      },
      {
        "x": 0.0,
        "y": 0.0
      },
      {
        "x": 0.0,
        "y": 0.0
      },
      {
        "x": 0.0,
        "y": 0.0
      },
      {
        "x": 0.0,
        "y": 0.0
      },
      {
        "x": 0.0,
        "y": 0.0
      },
      {
        "x": 0.0,
        "y": 0.0
      },
      {
        "x": 0.0,
        "y": 0.0
      },
      {
        "x": 0.0,
        "y": 0.0
      },
      {
        "x": 0.0,
        "y": 0.0
      },
      {
        "x": 0.0,
        "y": 0.0
      },
      {
        "x": 0.0,
        "y": 0.0
      },
      {
        "x": 0.0,
        "y": 0.0
      },
      {
        "x": 0.0,
        "y": 0.0
      },
      {
        "x": 0.0,
        "y": 0.0
      },
      {
        "x": 0.0,
        "y": 0.0
      },
      {
        "x": 0.0,
        "y": 0.0
      },
      {
        "x": 0.0,
        "y": 0.0
      },
      {
        "x": 0.0,
        "y": 0.0
      },
      {
        "x": 0.0,
        "y": 0.0
      },
      {
        "x": 0.0,
        "y": 0.0
      },
      {
        "x": 0.0,
        "y": 0.0
      },
      {
        "x": 0.0,
        "y": 0.0
      },
      {
        "x": 0.0,
        "y": 0.0
      },
      {
        "x": 0.0,
        "y": 0.0
      },
      {
        "x": 0.0,
        "y": 0.0
      },
      {
        "x": 0.0,
        "y": 0.0
      },
      {
        "x": 0.0,
        "y": 0.0
      },
      {
        "x": 0.0,
        "y": 0.0
      },
      {
        "x": 0.0,
        "y": 0.0
      },
      {
        "x": 0.0,
        "y": 0.0
      },
      {
        "x": 0.0,
        "y": 0.0
      },
      {
        "x": 0.0,
        "y": 0.0
      },
      {
        "x": 0.0,
        "y": 0.0
      },
      {
        "x": 0.0,
        "y": 0.0
      },
      {
        "x": 0.0,
        "y": 0.0
      },
      {
        "x": 0.0,
        "y": 0.0
      },
      {
        "x": 0.0,
        "y": 0.0
      },
      {
        "x": 0.0,
        "y": 0.0
      },
      {
        "x": 0.0,
        "y": 0.0
      },
      {
        "x": 0.0,
        "y": 0.0
      },
      {
        "x": 0.0,
        "y": 0.0
      },
      {
        "x": 0.0,
        "y": 0.0
      },
      {
        "x": 0.0,
        "y": 0.0
      },
      {
        "x": 0.0,
        "y": 0.0
      },
      {
        "x": 0.0,
        "y": 0.0
      },
      {
        "x": 0.0,
        "y": 0.0
      },
      {
        "x": 0.0,
        "y": 0.0
      },
      {
        "x": 0.0,
        "y": 0.0
      },
      {
        "x": 0.0,
        "y": 0.0
      },
      {
        "x": 0.0,
        "y": 0.0
      },
      {
        "x": 0.0,
        "y": 0.0
      },
      {
        "x": 0.0,
        "y": 0.0
      },
      {
        "x": 0.0,
        "y": 0.0
      },
      {
        "x": 0.0,
        "y": 0.0
      },
      {
        "x": 0.0,
        "y": 0.0
      },
      {
        "x": 0.0,
        "y": 0.0
      },
      {
        "x": 0.0,
        "y": 0.0
      },
      {
        "x": 0.0,
        "y": 0.0
      },
      {
        "x": 0.0,
        "y": 0.0
      },
      {
        "x": 0.0,
        "y": 0.0
      },
      {
        "x": 0.0,
        "y": 0.0
      },
      {
        "x": 0.0,
        "y": 0.0
      },
      {
        "x": 0.0,
        "y": 0.0
      },
      {
        "x": 0.0,
        "y": 0.0
      },
      {
        "x": 0.0,
        "y": 0.0
      },
      {
        "x": 0.0,
        "y": 0.0
      },
      {
        "x": 0.0,
        "y": 0.0
      },
      {
        "x": 0.0,
        "y": 0.0
      },
      {
        "x": 0.0,
        "y": 0.0
      },
      {
        "x": 0.0,
        "y": 0.0
      },
      {
        "x": 0.0,
        "y": 0.0
      },
      {
        "x": 0.0,
        "y": 0.0
      },
      {
        "x": 0.0,
        "y": 0.0
      },
      {
        "x": 0.0,
        "y": 0.0
      },
      {
        "x": 0.0,
        "y": 0.0
      },
      {
        "x": 0.0,
        "y": 0.0
      },
      {
        "x": 0.0,
        "y": 0.0
      },
      {
        "x": 0.0,
        "y": 0.0
      },
      {
        "x": 0.0,
        "y": 0.0
      },
      {
        "x": 0.0,
        "y": 0.0
      },
      {
        "x": 0.0,
        "y": 0.0
      },
      {
        "x": 0.0,
        "y": 0.0
      },
      {
        "x": 0.0,
        "y": 0.0
      },
      {
        "x": 0.0,
        "y": 0.0
      },
      {
        "x": 0.0,
        "y": 0.0
      },
      {
        "x": 0.0,
        "y": 0.0
      },
      {
        "x": 0.0,
        "y": 0.0
      },
      {
        "x": 0.0,
        "y": 0.0
      },
      {
        "x": 0.0,
        "y": 0.0
      },
      {
        "x": 0.0,
        "y": 0.0
      },
      {
        "x": 0.0,
        "y": 0.0
      },
      {
        "x": 0.0,
        "y": 0.0
      },
      {
        "x": 0.0,
        "y": 0.0
      },
      {
        "x": 0.0,
        "y": 0.0
      },
      {
        "x": 0.0,
        "y": 0.0
      },
      {
        "x": 0.0,
        "y": 0.0
      },
      {
        "x": 0.0,
        "y": 0.0
      },
      {
        "x": 0.0,
        "y": 0.0
      },
      {
        "x": 0.0,
        "y": 0.0
      },
      {
        "x": 0.0,
        "y": 0.0
      },
      {
        "x": 0.0,
        "y": 0.0
      },
      {
        "x": 0.0,
        "y": 0.0
      },
      {
        "x": 0.0,
        "y": 0.0
      },
      {
        "x": 0.0,
        "y": 0.0
      },
      {
        "x": 0.0,
        "y": 0.0
      },
      {
        "x": 0.0,
        "y": 0.0
      },
      {
        "x": 0.0,
        "y": 0.0
      },
      {
        "x": 0.0,
        "y": 0.0
      },
      {
        "x": 0.0,
        "y": 0.0
      },
      {
        "x": 0.0,
        "y": 0.0
      },
      {
        "x": 0.0,
        "y": 0.0
      },
      {
        "x": 0.0,
        "y": 0.0
      },
      {
        "x": 0.0,
        "y": 0.0
      },
      {
        "x": 0.0,
        "y": 0.0
      },
      {
        "x": 0.0,
        "y": 0.0
      },
      {
        "x": 0.0,
        "y": 0.0
      },
      {
        "x": 0.0,
        "y": 0.0
      },
      {
        "x": 0.0,
        "y": 0.0
      },
      {
        "x": 0.0,
        "y": 0.0
      },
      {
        "x": 0.0,
        "y": 0.0
      },
      {
        "x": 0.0,
        "y": 0.0
      },
      {
        "x": 0.0,
        "y": 0.0
      },
      {
        "x": 0.0,
        "y": 0.0
      },
      {
        "x": 0.0,
        "y": 0.0
      },
      {
        "x": 0.0,
        "y": 0.0
      },
      {
        "x": 0.0,
        "y": 0.0
      },
      {
        "x": 0.0,
        "y": 0.0
      },
      {
        "x": 0.0,
        "y": 0.0
      },
      {
        "x": 0.0,
        "y": 0.0
      },
      {
        "x": 0.0,
        "y": 0.0
      },
      {
        "x": 0.0,
        "y": 0.0
      },
      {
        "x": 0.0,
        "y": 0.0
      },
      {
        "x": 0.0,
        "y": 0.0
      },
      {
        "x": 0.0,
        "y": 0.0
      },
      {
        "x": 0.0,
        "y": 0.0
      },
      {
        "x": 0.0,
        "y": 0.0
      },
      {
        "x": 0.0,
        "y": 0.0
      },
      {
        "x": 0.0,
        "y": 0.0
      },
      {
        "x": 0.0,
        "y": 0.0
      },
      {
        "x": 0.0,
        "y": 0.0
      },
      {
        "x": 0.0,
        "y": 0.0
      },
      {
        "x": 0.0,
        "y": 0.0
      },
      {
        "x": 0.0,
        "y": 0.0
      },
      {
        "x": 0.0,
        "y": 0.0
      },
      {
        "x": 0.0,
        "y": 0.0
      },
      {
        "x": 0.0,
        "y": 0.0
      },
      {
        "x": 0.0,
        "y": 0.0
      },
      {
        "x": 0.0,
        "y": 0.0
      },
      {
        "x": 0.0,
        "y": 0.0
      },
      {
        "x": 0.0,
        "y": 0.0
      },
      {
        "x": 0.0,
        "y": 0.0
      },
      {
        "x": 0.0,
        "y": 0.0
      },
      {
        "x": 0.0,
        "y": 0.0
      },
      {
        "x": 0.0,
        "y": 0.0
      }
    ],
    "uv2s": [
      {
        "x": 0.99999988079071,
        "y": 0.99999994039536
      },
      {
        "x": 0.0,
        "y": 0.99999994039536
      },
      {
        "x": 0.0,
        "y": 0.0
      },
      {
        "x": 0.0,
        "y": 0.0
      },
      {
        "x": 0.99999988079071,
        "y": 0.0
      },
      {
        "x": 0.99999988079071,
        "y": 0.99999994039536
      },
      {
        "x": 0.99999994039536,
        "y": 0.99999994039536
      },
      {
        "x": 0.0,
        "y": 0.99999994039536
      },
      {
        "x": 0.38109481334686,
        "y": 0.6556088924408
      },
      {
        "x": 0.99999994039536,
        "y": 0.99999994039536
      },
      {
        "x": 0.38109481334686,
        "y": 0.6556088924408
      },
      {
        "x": 0.38109481334686,
        "y": 0.55672824382782
      },
      {
        "x": 0.30967634916306,
        "y": 0.5327455997467
      },
      {
        "x": 0.0,
        "y": 0.0
      },
      {
        "x": 0.36467808485031,
        "y": 0.5327455997467
      },
      {
        "x": 0.0,
        "y": 0.0
      },
      {
        "x": 0.99999994039536,
        "y": 0.99999994039536
      },
      {
        "x": 0.38109481334686,
        "y": 0.5327455997467
      },
      {
        "x": 0.99999994039536,
        "y": 0.99999994039536
      },
      {
        "x": 0.38109481334686,
        "y": 0.55672824382782
      },
      {
        "x": 0.38109481334686,
        "y": 0.5327455997467
      },
      {
        "x": 0.36467808485031,
        "y": 0.5327455997467
      },
      {
        "x": 0.0,
        "y": 0.0
      },
      {
        "x": 0.38109481334686,
        "y": 0.5327455997467
      },
      {
        "x": 0.0,
        "y": 0.99999994039536
      },
      {
        "x": 0.0,
        "y": 0.0
      },
      {
        "x": 0.26044183969498,
        "y": 0.6556088924408
      },
      {
        "x": 0.35754358768463,
        "y": 0.6556088924408
      },
      {
        "x": 0.38109481334686,
        "y": 0.6556088924408
      },
      {
        "x": 0.0,
        "y": 0.99999994039536
      },
      {
        "x": 0.0,
        "y": 0.99999994039536
      },
      {
        "x": 0.26044183969498,
        "y": 0.6556088924408
      },
      {
        "x": 0.35754358768463,
        "y": 0.6556088924408
      },
      {
        "x": 0.26044183969498,
        "y": 0.6556088924408
      },
      {
        "x": 0.0,
        "y": 0.0
      },
      {
        "x": 0.26044183969498,
        "y": 0.63162618875504
      },
      {
        "x": 0.26044183969498,
        "y": 0.63162618875504
      },
      {
        "x": 0.0,
        "y": 0.0
      },
      {
        "x": 0.26044183969498,
        "y": 0.5327455997467
      },
      {
        "x": 0.28399306535721,
        "y": 0.5327455997467
      },
      {
        "x": 0.0,
        "y": 0.0
      },
      {
        "x": 0.30967634916306,
        "y": 0.5327455997467
      },
      {
        "x": 0.26044183969498,
        "y": 0.5327455997467
      },
      {
        "x": 0.0,
        "y": 0.0
      },
      {
        "x": 0.28399306535721,
        "y": 0.5327455997467
      },
      {
        "x": 0.0,
        "y": 0.0
      },
      {
        "x": 0.99999994039536,
        "y": 0.0
      },
      {
        "x": 0.99999994039536,
        "y": 0.99999994039536
      },
      {
        "x": 0.99999988079071,
        "y": 0.99999994039536
      },
      {
        "x": 0.0,
        "y": 0.99999994039536
      },
      {
        "x": 0.0,
        "y": 0.0
      },
      {
        "x": 0.0,
        "y": 0.0
      },
      {
        "x": 0.99999988079071,
        "y": 0.0
      },
      {
        "x": 0.99999988079071,
        "y": 0.99999994039536
      },
      {
        "x": 0.99999994039536,
        "y": 0.99999994039536
      },
      {
        "x": 0.0,
        "y": 0.99999994039536
      },
      {
        "x": 0.61890512704849,
        "y": 0.6556088924408
      },
      {
        "x": 0.0,
        "y": 0.99999994039536
      },
      {
        "x": 0.0,
        "y": 0.0
      },
      {
        "x": 0.61890512704849,
        "y": 0.6556088924408
      },
      {
        "x": 0.6556088924408,
        "y": 0.6556088924408
      },
      {
        "x": 0.99999994039536,
        "y": 0.99999994039536
      },
      {
        "x": 0.63880223035812,
        "y": 0.6556088924408
      },
      {
        "x": 0.61890512704849,
        "y": 0.63663756847382
      },
      {
        "x": 0.0,
        "y": 0.0
      },
      {
        "x": 0.61890512704849,
        "y": 0.61890506744385
      },
      {
        "x": 0.63880223035812,
        "y": 0.6556088924408
      },
      {
        "x": 0.99999994039536,
        "y": 0.99999994039536
      },
      {
        "x": 0.61890512704849,
        "y": 0.6556088924408
      },
      {
        "x": 0.61890512704849,
        "y": 0.6556088924408
      },
      {
        "x": 0.0,
        "y": 0.0
      },
      {
        "x": 0.61890512704849,
        "y": 0.63663756847382
      },
      {
        "x": 0.0,
        "y": 0.0
      },
      {
        "x": 0.99999994039536,
        "y": 0.0
      },
      {
        "x": 0.61890512704849,
        "y": 0.53274554014206
      },
      {
        "x": 0.61890512704849,
        "y": 0.61890506744385
      },
      {
        "x": 0.0,
        "y": 0.0
      },
      {
        "x": 0.61890512704849,
        "y": 0.53274554014206
      },
      {
        "x": 0.71911305189133,
        "y": 0.6556088924408
      },
      {
        "x": 0.99999994039536,
        "y": 0.99999994039536
      },
      {
        "x": 0.6556088924408,
        "y": 0.6556088924408
      },
      {
        "x": 0.99999994039536,
        "y": 0.0
      },
      {
        "x": 0.99999994039536,
        "y": 0.99999994039536
      },
      {
        "x": 0.73955810070038,
        "y": 0.6556088924408
      },
      {
        "x": 0.99999994039536,
        "y": 0.0
      },
      {
        "x": 0.73955810070038,
        "y": 0.6556088924408
      },
      {
        "x": 0.73955810070038,
        "y": 0.55171686410904
      },
      {
        "x": 0.63753509521484,
        "y": 0.53274554014206
      },
      {
        "x": 0.61890512704849,
        "y": 0.53274554014206
      },
      {
        "x": 0.99999994039536,
        "y": 0.0
      },
      {
        "x": 0.99999994039536,
        "y": 0.0
      },
      {
        "x": 0.73955810070038,
        "y": 0.53274554014206
      },
      {
        "x": 0.63753509521484,
        "y": 0.53274554014206
      },
      {
        "x": 0.99999994039536,
        "y": 0.0
      },
      {
        "x": 0.73955810070038,
        "y": 0.55171686410904
      },
      {
        "x": 0.73955810070038,
        "y": 0.53274554014206
      },
      {
        "x": 0.72092813253403,
        "y": 0.6556088924408
      },
      {
        "x": 0.99999994039536,
        "y": 0.99999994039536
      },
      {
        "x": 0.71911305189133,
        "y": 0.6556088924408
      },
      {
        "x": 0.73955810070038,
        "y": 0.6556088924408
      },
      {
        "x": 0.99999994039536,
        "y": 0.99999994039536
      },
      {
        "x": 0.72092813253403,
        "y": 0.6556088924408
      },
      {
        "x": 0.99999988079071,
        "y": 0.99999994039536
      },
      {
        "x": 0.0,
        "y": 0.99999994039536
      },
      {
        "x": 0.0,
        "y": 0.0
      },
      {
        "x": 0.0,
        "y": 0.0
      },
      {
        "x": 0.99999988079071,
        "y": 0.0
      },
      {
        "x": 0.99999988079071,
        "y": 0.99999994039536
      },
      {
        "x": 0.0,
        "y": 0.0
      },
      {
        "x": 0.99999988079071,
        "y": 0.0
      },
      {
        "x": 0.99999988079071,
        "y": 0.99999994039536
      },
      {
        "x": 0.99999988079071,
        "y": 0.99999994039536
      },
      {
        "x": 0.0,
        "y": 0.99999994039536
      },
      {
        "x": 0.0,
        "y": 0.0
      },
      {
        "x": 0.0,
        "y": 0.6556088924408
      },
      {
        "x": 0.0,
        "y": 0.63663756847382
      },
      {
        "x": 0.99999988079071,
        "y": 0.6556088924408
      },
      {
        "x": 0.99999988079071,
        "y": 0.6556088924408
      },
      {
        "x": 0.0,
        "y": 0.63663756847382
      },
      {
        "x": 0.99999988079071,
        "y": 0.55672824382782
      },
      {
        "x": 0.0,
        "y": 0.63663756847382
      },
      {
        "x": 0.0,
        "y": 0.63203620910645
      },
      {
        "x": 0.99999988079071,
        "y": 0.55672824382782
      },
      {
        "x": 0.99999988079071,
        "y": 0.55672824382782
      },
      {
        "x": 0.0,
        "y": 0.63203620910645
      },
      {
        "x": 0.99999988079071,
        "y": 0.5327455997467
      },
      {
        "x": 0.0,
        "y": 0.61890506744385
      },
      {
        "x": 0.0,
        "y": 0.53274554014206
      },
      {
        "x": 0.99999988079071,
        "y": 0.5327455997467
      },
      {
        "x": 0.0,
        "y": 0.63203620910645
      },
      {
        "x": 0.0,
        "y": 0.61890506744385
      },
      {
        "x": 0.99999988079071,
        "y": 0.5327455997467
      },
      {
        "x": 0.99999988079071,
        "y": 0.55631828308105
      },
      {
        "x": 0.99999988079071,
        "y": 0.6556088924408
      },
      {
        "x": 0.0,
        "y": 0.6556088924408
      },
      {
        "x": 0.99999988079071,
        "y": 0.55171686410904
      },
      {
        "x": 0.99999988079071,
        "y": 0.55631828308105
      },
      {
        "x": 0.0,
        "y": 0.63162618875504
      },
      {
        "x": 0.0,
        "y": 0.63162618875504
      },
      {
        "x": 0.99999988079071,
        "y": 0.55631828308105
      },
      {
        "x": 0.0,
        "y": 0.6556088924408
      },
      {
        "x": 0.99999988079071,
        "y": 0.53274554014206
      },
      {
        "x": 0.99999988079071,
        "y": 0.55171686410904
      },
      {
        "x": 0.0,
        "y": 0.5327455997467
      },
      {
        "x": 0.0,
        "y": 0.5327455997467
      },
      {
        "x": 0.99999988079071,
        "y": 0.55171686410904
      },
      {
        "x": 0.0,
        "y": 0.63162618875504
      },
      {
        "x": 0.99999988079071,
        "y": 0.61890512704849
      },
      {
        "x": 0.99999988079071,
        "y": 0.63753509521484
      },
      {
        "x": 0.0,
        "y": 0.61890512704849
      },
      {
        "x": 0.0,
        "y": 0.61890512704849
      },
      {
        "x": 0.99999988079071,
        "y": 0.63753509521484
      },
      {
        "x": 0.0,
        "y": 0.71600687503815
      },
      {
        "x": 0.99999988079071,
        "y": 0.64205360412598
      },
      {
        "x": 0.99999988079071,
        "y": 0.73955810070038
      },
      {
        "x": 0.0,
        "y": 0.73955810070038
      },
      {
        "x": 0.99999988079071,
        "y": 0.63753509521484
      },
      {
        "x": 0.99999988079071,
        "y": 0.64205360412598
      },
      {
        "x": 0.0,
        "y": 0.71600687503815
      },
      {
        "x": 0.0,
        "y": 0.71600687503815
      },
      {
        "x": 0.99999988079071,
        "y": 0.64205360412598
      },
      {
        "x": 0.0,
        "y": 0.73955810070038
      },
      {
        "x": 0.99999988079071,
        "y": 0.27907180786133
      },
      {
        "x": 0.99999988079071,
        "y": 0.28359037637711
      },
      {
        "x": 0.0,
        "y": 0.35754358768463
      },
      {
        "x": 0.0,
        "y": 0.35754358768463
      },
      {
        "x": 0.99999988079071,
        "y": 0.28359037637711
      },
      {
        "x": 0.0,
        "y": 0.38109481334686
      },
      {
        "x": 0.99999988079071,
        "y": 0.34439104795456
      },
      {
        "x": 0.99999988079071,
        "y": 0.38109481334686
      },
      {
        "x": 0.0,
        "y": 0.38109481334686
      },
      {
        "x": 0.99999988079071,
        "y": 0.28359037637711
      },
      {
        "x": 0.99999988079071,
        "y": 0.34439104795456
      },
      {
        "x": 0.0,
        "y": 0.38109481334686
      },
      {
        "x": 0.99999988079071,
        "y": 0.26044183969498
      },
      {
        "x": 0.99999988079071,
        "y": 0.27907180786133
      },
      {
        "x": 0.0,
        "y": 0.26044183969498
      },
      {
        "x": 0.0,
        "y": 0.26044183969498
      },
      {
        "x": 0.99999988079071,
        "y": 0.27907180786133
      },
      {
        "x": 0.0,
        "y": 0.35754358768463
      }
    ],
    "uv3s": [
      {
        "x": 1.1329697370529,
        "y": 0.87898486852646
      },
      {
        "x": 0.0,
        "y": 0.87898486852646
      },
      {
        "x": 0.0,
        "y": 0.0
      },
      {
        "x": 0.0,
        "y": 0.0
      },
      {
        "x": 1.1329697370529,
        "y": 0.0
      },
      {
        "x": 1.1329697370529,
        "y": 0.87898486852646
      },
      {
        "x": 0.91997689008713,
        "y": 0.87898486852646
      },
      {
        "x": 0.0,
        "y": 0.87898486852646
      },
      {
        "x": 0.3505984544754,
        "y": 0.57627028226852
      },
      {
        "x": 0.91997689008713,
        "y": 0.87898486852646
      },
      {
        "x": 0.3505984544754,
        "y": 0.57627028226852
      },
      {
        "x": 0.35059821605682,
        "y": 0.48935571312904
      },
      {
        "x": 0.28489512205124,
        "y": 0.46827530860901
      },
      {
        "x": 0.0,
        "y": 0.0
      },
      {
        "x": 0.33549520373344,
        "y": 0.46827530860901
      },
      {
        "x": 0.0,
        "y": 0.0
      },
      {
        "x": 0.91997689008713,
        "y": 0.87898486852646
      },
      {
        "x": 0.35059785842896,
        "y": 0.46827509999275
      },
      {
        "x": 0.91997689008713,
        "y": 0.87898486852646
      },
      {
        "x": 0.35059821605682,
        "y": 0.48935571312904
      },
      {
        "x": 0.35059785842896,
        "y": 0.46827509999275
      },
      {
        "x": 0.33549520373344,
        "y": 0.46827530860901
      },
      {
        "x": 0.0,
        "y": 0.0
      },
      {
        "x": 0.35059785842896,
        "y": 0.46827509999275
      },
      {
        "x": 0.0,
        "y": 0.87898486852646
      },
      {
        "x": 0.0,
        "y": 0.0
      },
      {
        "x": 0.2396005243063,
        "y": 0.57627028226852
      },
      {
        "x": 0.32893189787865,
        "y": 0.57627028226852
      },
      {
        "x": 0.3505984544754,
        "y": 0.57627028226852
      },
      {
        "x": 0.0,
        "y": 0.87898486852646
      },
      {
        "x": 0.0,
        "y": 0.87898486852646
      },
      {
        "x": 0.2396005243063,
        "y": 0.57627028226852
      },
      {
        "x": 0.32893189787865,
        "y": 0.57627028226852
      },
      {
        "x": 0.2396005243063,
        "y": 0.57627028226852
      },
      {
        "x": 0.0,
        "y": 0.0
      },
      {
        "x": 0.23960047960281,
        "y": 0.55519020557404
      },
      {
        "x": 0.23960047960281,
        "y": 0.55519020557404
      },
      {
        "x": 0.0,
        "y": 0.0
      },
      {
        "x": 0.23960271477699,
        "y": 0.46827945113182
      },
      {
        "x": 0.26127019524574,
        "y": 0.46827971935272
      },
      {
        "x": 0.0,
        "y": 0.0
      },
      {
        "x": 0.28489512205124,
        "y": 0.46827530860901
      },
      {
        "x": 0.23960271477699,
        "y": 0.46827945113182
      },
      {
        "x": 0.0,
        "y": 0.0
      },
      {
        "x": 0.26127019524574,
        "y": 0.46827971935272
      },
      {
        "x": 0.0,
        "y": 0.0
      },
      {
        "x": 0.91997689008713,
        "y": 0.0
      },
      {
        "x": 0.91997689008713,
        "y": 0.87898486852646
      },
      {
        "x": 1.1329697370529,
        "y": 0.87898486852646
      },
      {
        "x": 0.0,
        "y": 0.87898486852646
      },
      {
        "x": 0.0,
        "y": 0.0
      },
      {
        "x": 0.0,
        "y": 0.0
      },
      {
        "x": 1.1329697370529,
        "y": 0.0
      },
      {
        "x": 1.1329697370529,
        "y": 0.87898486852646
      },
      {
        "x": 0.91997689008713,
        "y": 0.87898486852646
      },
      {
        "x": 0.0,
        "y": 0.87898486852646
      },
      {
        "x": 0.56937849521637,
        "y": 0.57627028226852
      },
      {
        "x": 0.0,
        "y": 0.87898486852646
      },
      {
        "x": 0.0,
        "y": 0.0
      },
      {
        "x": 0.56937849521637,
        "y": 0.57627028226852
      },
      {
        "x": 0.60314506292343,
        "y": 0.57627034187317
      },
      {
        "x": 0.91997689008713,
        "y": 0.87898486852646
      },
      {
        "x": 0.58765196800232,
        "y": 0.57624232769012
      },
      {
        "x": 0.56934535503387,
        "y": 0.55956524610519
      },
      {
        "x": 0.0,
        "y": 0.0
      },
      {
        "x": 0.56937843561172,
        "y": 0.54400825500488
      },
      {
        "x": 0.58765196800232,
        "y": 0.57624232769012
      },
      {
        "x": 0.91997689008713,
        "y": 0.87898486852646
      },
      {
        "x": 0.56937849521637,
        "y": 0.57627028226852
      },
      {
        "x": 0.56937849521637,
        "y": 0.57627028226852
      },
      {
        "x": 0.0,
        "y": 0.0
      },
      {
        "x": 0.56934535503387,
        "y": 0.55956524610519
      },
      {
        "x": 0.0,
        "y": 0.0
      },
      {
        "x": 0.91997689008713,
        "y": 0.0
      },
      {
        "x": 0.56937843561172,
        "y": 0.46827527880669
      },
      {
        "x": 0.56937849521637,
        "y": 0.54400831460953
      },
      {
        "x": 0.0,
        "y": 0.0
      },
      {
        "x": 0.56937843561172,
        "y": 0.46827527880669
      },
      {
        "x": 0.66156738996506,
        "y": 0.57627028226852
      },
      {
        "x": 0.91997689008713,
        "y": 0.87898486852646
      },
      {
        "x": 0.60314506292343,
        "y": 0.57627034187317
      },
      {
        "x": 0.91997689008713,
        "y": 0.0
      },
      {
        "x": 0.91997689008713,
        "y": 0.87898486852646
      },
      {
        "x": 0.68037629127502,
        "y": 0.57627040147781
      },
      {
        "x": 0.91997689008713,
        "y": 0.0
      },
      {
        "x": 0.68037629127502,
        "y": 0.57627040147781
      },
      {
        "x": 0.68037635087967,
        "y": 0.48495084047318
      },
      {
        "x": 0.58651757240295,
        "y": 0.46827527880669
      },
      {
        "x": 0.56937843561172,
        "y": 0.46827527880669
      },
      {
        "x": 0.91997689008713,
        "y": 0.0
      },
      {
        "x": 0.91997689008713,
        "y": 0.0
      },
      {
        "x": 0.68037635087967,
        "y": 0.46827530860901
      },
      {
        "x": 0.58651757240295,
        "y": 0.46827527880669
      },
      {
        "x": 0.91997689008713,
        "y": 0.0
      },
      {
        "x": 0.68037635087967,
        "y": 0.48495084047318
      },
      {
        "x": 0.68037635087967,
        "y": 0.46827530860901
      },
      {
        "x": 0.66326600313187,
        "y": 0.57630324363708
      },
      {
        "x": 0.91997689008713,
        "y": 0.87898486852646
      },
      {
        "x": 0.66156738996506,
        "y": 0.57627028226852
      },
      {
        "x": 0.68037629127502,
        "y": 0.57627040147781
      },
      {
        "x": 0.91997689008713,
        "y": 0.87898486852646
      },
      {
        "x": 0.66326600313187,
        "y": 0.57630324363708
      },
      {
        "x": 1.1329697370529,
        "y": 0.91997689008713
      },
      {
        "x": 0.0,
        "y": 0.91997689008713
      },
      {
        "x": 0.0,
        "y": 0.0
      },
      {
        "x": 0.0,
        "y": 0.0
      },
      {
        "x": 1.1329697370529,
        "y": 0.0
      },
      {
        "x": 1.1329697370529,
        "y": 0.91997689008713
      },
      {
        "x": 1.1329697370529,
        "y": 0.91997689008713
      },
      {
        "x": 0.0,
        "y": 0.91997689008713
      },
      {
        "x": 0.0,
        "y": 0.0
      },
      {
        "x": 0.0,
        "y": 0.0
      },
      {
        "x": 1.1329697370529,
        "y": 0.0
      },
      {
        "x": 1.1329697370529,
        "y": 0.91997689008713
      },
      {
        "x": 1.4730008840561,
        "y": 0.10799498856068
      },
      {
        "x": 1.4730008840561,
        "y": 0.091319508850574
      },
      {
        "x": 0.34003120660782,
        "y": 0.10799498856068
      },
      {
        "x": 0.34003120660782,
        "y": 0.10799498856068
      },
      {
        "x": 1.4730008840561,
        "y": 0.091319508850574
      },
      {
        "x": 0.34003120660782,
        "y": 0.021080423146486
      },
      {
        "x": 1.4730008840561,
        "y": 0.091319516301155
      },
      {
        "x": 1.4730008840561,
        "y": 0.087275013327599
      },
      {
        "x": 0.34003120660782,
        "y": 0.021080425009131
      },
      {
        "x": 0.34003120660782,
        "y": 0.021080425009131
      },
      {
        "x": 1.4730008840561,
        "y": 0.087275013327599
      },
      {
        "x": 0.34003120660782,
        "y": 0.0
      },
      {
        "x": 1.4730025529861,
        "y": 0.075733840465546
      },
      {
        "x": 1.4730008840561,
        "y": 0.0
      },
      {
        "x": 0.34003120660782,
        "y": 0.0
      },
      {
        "x": 1.4730008840561,
        "y": 0.087275013327599
      },
      {
        "x": 1.4730025529861,
        "y": 0.075733840465546
      },
      {
        "x": 0.34003120660782,
        "y": 0.0
      },
      {
        "x": 0.26897856593132,
        "y": 0.020719978958368
      },
      {
        "x": 0.268978536129,
        "y": 0.10799498856068
      },
      {
        "x": 1.4019482135773,
        "y": 0.10799498856068
      },
      {
        "x": 0.26897856593132,
        "y": 0.016675475984812
      },
      {
        "x": 0.26897856593132,
        "y": 0.020719978958368
      },
      {
        "x": 1.4019482135773,
        "y": 0.0869145616889
      },
      {
        "x": 1.4019482135773,
        "y": 0.0869145616889
      },
      {
        "x": 0.26897856593132,
        "y": 0.020719978958368
      },
      {
        "x": 1.4019482135773,
        "y": 0.10799498856068
      },
      {
        "x": 0.26897859573364,
        "y": 0.0
      },
      {
        "x": 0.26897865533829,
        "y": 0.016675481572747
      },
      {
        "x": 1.4019482135773,
        "y": 0.0
      },
      {
        "x": 1.4019482135773,
        "y": 0.0
      },
      {
        "x": 0.26897865533829,
        "y": 0.016675481572747
      },
      {
        "x": 1.4019482135773,
        "y": 0.0869145616889
      },
      {
        "x": 1.4730008840561,
        "y": 0.11099798232317
      },
      {
        "x": 1.4730008840561,
        "y": 0.093858808279037
      },
      {
        "x": 0.34003120660782,
        "y": 0.11099798232317
      },
      {
        "x": 0.34003120660782,
        "y": 0.11099798232317
      },
      {
        "x": 1.4730008840561,
        "y": 0.093858808279037
      },
      {
        "x": 0.34003120660782,
        "y": 0.021666603162885
      },
      {
        "x": 1.4730008840561,
        "y": 0.089701846241951
      },
      {
        "x": 1.4730008840561,
        "y": 0.0
      },
      {
        "x": 0.34003120660782,
        "y": 0.0
      },
      {
        "x": 1.4730008840561,
        "y": 0.093858808279037
      },
      {
        "x": 1.4730008840561,
        "y": 0.089701846241951
      },
      {
        "x": 0.34003111720085,
        "y": 0.021666597574949
      },
      {
        "x": 0.34003111720085,
        "y": 0.021666597574949
      },
      {
        "x": 1.4730008840561,
        "y": 0.089701846241951
      },
      {
        "x": 0.34003120660782,
        "y": 0.0
      },
      {
        "x": 0.26897859573364,
        "y": 0.017139168456197
      },
      {
        "x": 0.268978536129,
        "y": 0.021296128630638
      },
      {
        "x": 1.4019483327866,
        "y": 0.089331388473511
      },
      {
        "x": 1.4019483327866,
        "y": 0.089331388473511
      },
      {
        "x": 0.268978536129,
        "y": 0.021296128630638
      },
      {
        "x": 1.4019482135773,
        "y": 0.11099798232317
      },
      {
        "x": 0.2689733505249,
        "y": 0.077231042087078
      },
      {
        "x": 0.268978536129,
        "y": 0.11099798232317
      },
      {
        "x": 1.4019482135773,
        "y": 0.11099798232317
      },
      {
        "x": 0.268978536129,
        "y": 0.021296128630638
      },
      {
        "x": 0.2689733505249,
        "y": 0.077231042087078
      },
      {
        "x": 1.4019482135773,
        "y": 0.11099798232317
      },
      {
        "x": 0.26897859573364,
        "y": 0.0
      },
      {
        "x": 0.26897865533829,
        "y": 0.017139172181487
      },
      {
        "x": 1.4019482135773,
        "y": 0.0
      },
      {
        "x": 1.4019482135773,
        "y": 0.0
      },
      {
        "x": 0.26897865533829,
        "y": 0.017139172181487
      },
      {
        "x": 1.4019482135773,
        "y": 0.08933138102293
      }
    ],
    "uvs": [
      {
        "x": 1.0,
        "y": 1.0
      },
      {
        "x": 0.0,
        "y": 1.0
      },
      {
        "x": 0.0,
        "y": 0.0
      },
      {
        "x": 0.0,
        "y": 0.0
      },
      {
        "x": 1.0,
        "y": 0.0
      },
      {
        "x": 1.0,
        "y": 1.0
      },
      {
        "x": 1.0,
        "y": 1.0
      },
      {
        "x": 0.0,
        "y": 1.0
      },
      {
        "x": 0.38109481334686,
        "y": 0.6556088924408
      },
      {
        "x": 1.0,
        "y": 1.0
      },
      {
        "x": 0.38109481334686,
        "y": 0.6556088924408
      },
      {
        "x": 0.38109481334686,
        "y": 0.55672824382782
      },
      {
        "x": 0.30967634916306,
        "y": 0.5327455997467
      },
      {
        "x": 0.0,
        "y": 0.0
      },
      {
        "x": 0.36467808485031,
        "y": 0.5327455997467
      },
      {
        "x": 0.0,
        "y": 0.0
      },
      {
        "x": 1.0,
        "y": 1.0
      },
      {
        "x": 0.38109481334686,
        "y": 0.5327455997467
      },
      {
        "x": 1.0,
        "y": 1.0
      },
      {
        "x": 0.38109481334686,
        "y": 0.55672824382782
      },
      {
        "x": 0.38109481334686,
        "y": 0.5327455997467
      },
      {
        "x": 0.36467808485031,
        "y": 0.5327455997467
      },
      {
        "x": 0.0,
        "y": 0.0
      },
      {
        "x": 0.38109481334686,
        "y": 0.5327455997467
      },
      {
        "x": 0.0,
        "y": 1.0
      },
      {
        "x": 0.0,
        "y": 0.0
      },
      {
        "x": 0.26044183969498,
        "y": 0.6556088924408
      },
      {
        "x": 0.35754358768463,
        "y": 0.6556088924408
      },
      {
        "x": 0.38109481334686,
        "y": 0.6556088924408
      },
      {
        "x": 0.0,
        "y": 1.0
      },
      {
        "x": 0.0,
        "y": 1.0
      },
      {
        "x": 0.26044183969498,
        "y": 0.6556088924408
      },
      {
        "x": 0.35754358768463,
        "y": 0.6556088924408
      },
      {
        "x": 0.26044183969498,
        "y": 0.6556088924408
      },
      {
        "x": 0.0,
        "y": 0.0
      },
      {
        "x": 0.26044183969498,
        "y": 0.63162624835968
      },
      {
        "x": 0.26044183969498,
        "y": 0.63162624835968
      },
      {
        "x": 0.0,
        "y": 0.0
      },
      {
        "x": 0.26044183969498,
        "y": 0.5327455997467
      },
      {
        "x": 0.28399306535721,
        "y": 0.5327455997467
      },
      {
        "x": 0.0,
        "y": 0.0
      },
      {
        "x": 0.30967634916306,
        "y": 0.5327455997467
      },
      {
        "x": 0.26044183969498,
        "y": 0.5327455997467
      },
      {
        "x": 0.0,
        "y": 0.0
      },
      {
        "x": 0.28399306535721,
        "y": 0.5327455997467
      },
      {
        "x": 0.0,
        "y": 0.0
      },
      {
        "x": 1.0,
        "y": 0.0
      },
      {
        "x": 1.0,
        "y": 1.0
      },
      {
        "x": 1.0,
        "y": 1.0
      },
      {
        "x": 0.0,
        "y": 1.0
      },
      {
        "x": 0.0,
        "y": 0.0
      },
      {
        "x": 0.0,
        "y": 0.0
      },
      {
        "x": 1.0,
        "y": 0.0
      },
      {
        "x": 1.0,
        "y": 1.0
      },
      {
        "x": 1.0,
        "y": 1.0
      },
      {
        "x": 0.0,
        "y": 1.0
      },
      {
        "x": 0.61890518665314,
        "y": 0.6556088924408
      },
      {
        "x": 0.0,
        "y": 1.0
      },
      {
        "x": 0.0,
        "y": 0.0
      },
      {
        "x": 0.61890518665314,
        "y": 0.6556088924408
      },
      {
        "x": 0.65560895204544,
        "y": 0.6556088924408
      },
      {
        "x": 1.0,
        "y": 1.0
      },
      {
        "x": 0.63880228996277,
        "y": 0.6556088924408
      },
      {
        "x": 0.61890518665314,
        "y": 0.63663756847382
      },
      {
        "x": 0.0,
        "y": 0.0
      },
      {
        "x": 0.61890518665314,
        "y": 0.61890506744385
      },
      {
        "x": 0.63880228996277,
        "y": 0.6556088924408
      },
      {
        "x": 1.0,
        "y": 1.0
      },
      {
        "x": 0.61890518665314,
        "y": 0.6556088924408
      },
      {
        "x": 0.61890518665314,
        "y": 0.6556088924408
      },
      {
        "x": 0.0,
        "y": 0.0
      },
      {
        "x": 0.61890518665314,
        "y": 0.63663756847382
      },
      {
        "x": 0.0,
        "y": 0.0
      },
      {
        "x": 1.0,
        "y": 0.0
      },
      {
        "x": 0.61890518665314,
        "y": 0.5327455997467
      },
      {
        "x": 0.61890518665314,
        "y": 0.61890506744385
      },
      {
        "x": 0.0,
        "y": 0.0
      },
      {
        "x": 0.61890518665314,
        "y": 0.5327455997467
      },
      {
        "x": 0.71911311149597,
        "y": 0.6556088924408
      },
      {
        "x": 1.0,
        "y": 1.0
      },
      {
        "x": 0.65560895204544,
        "y": 0.6556088924408
      },
      {
        "x": 1.0,
        "y": 0.0
      },
      {
        "x": 1.0,
        "y": 1.0
      },
      {
        "x": 0.73955810070038,
        "y": 0.6556088924408
      },
      {
        "x": 1.0,
        "y": 0.0
      },
      {
        "x": 0.73955810070038,
        "y": 0.6556088924408
      },
      {
        "x": 0.73955810070038,
        "y": 0.55171692371368
      },
      {
        "x": 0.63753509521484,
        "y": 0.5327455997467
      },
      {
        "x": 0.61890518665314,
        "y": 0.5327455997467
      },
      {
        "x": 1.0,
        "y": 0.0
      },
      {
        "x": 1.0,
        "y": 0.0
      },
      {
        "x": 0.73955810070038,
        "y": 0.5327455997467
      },
      {
        "x": 0.63753509521484,
        "y": 0.5327455997467
      },
      {
        "x": 1.0,
        "y": 0.0
      },
      {
        "x": 0.73955810070038,
        "y": 0.55171692371368
      },
      {
        "x": 0.73955810070038,
        "y": 0.5327455997467
      },
      {
        "x": 0.72092819213867,
        "y": 0.6556088924408
      },
      {
        "x": 1.0,
        "y": 1.0
      },
      {
        "x": 0.71911311149597,
        "y": 0.6556088924408
      },
      {
        "x": 0.73955810070038,
        "y": 0.6556088924408
      },
      {
        "x": 1.0,
        "y": 1.0
      },
      {
        "x": 0.72092819213867,
        "y": 0.6556088924408
      },
      {
        "x": 1.0,
        "y": 1.0
      },
      {
        "x": 0.0,
        "y": 1.0
      },
      {
        "x": 0.0,
        "y": 0.0
      },
      {
        "x": 0.0,
        "y": 0.0
      },
      {
        "x": 1.0,
        "y": 0.0
      },
      {
        "x": 1.0,
        "y": 1.0
      },
      {
        "x": 0.0,
        "y": 0.0
      },
      {
        "x": 1.0,
        "y": 0.0
      },
      {
        "x": 1.0,
        "y": 1.0
      },
      {
        "x": 1.0,
        "y": 1.0
      },
      {
        "x": 0.0,
        "y": 1.0
      },
      {
        "x": 0.0,
        "y": 0.0
      },
      {
        "x": 0.0,
        "y": 0.6556088924408
      },
      {
        "x": 0.0,
        "y": 0.63663756847382
      },
      {
        "x": 1.0,
        "y": 0.6556088924408
      },
      {
        "x": 1.0,
        "y": 0.6556088924408
      },
      {
        "x": 0.0,
        "y": 0.63663756847382
      },
      {
        "x": 1.0,
        "y": 0.55672824382782
      },
      {
        "x": 0.0,
        "y": 0.63663756847382
      },
      {
        "x": 0.0,
        "y": 0.63203626871109
      },
      {
        "x": 1.0,
        "y": 0.55672824382782
      },
      {
        "x": 1.0,
        "y": 0.55672824382782
      },
      {
        "x": 0.0,
        "y": 0.63203626871109
      },
      {
        "x": 1.0,
        "y": 0.5327455997467
      },
      {
        "x": 0.0,
        "y": 0.61890506744385
      },
      {
        "x": 0.0,
        "y": 0.5327455997467
      },
      {
        "x": 1.0,
        "y": 0.5327455997467
      },
      {
        "x": 0.0,
        "y": 0.63203626871109
      },
      {
        "x": 0.0,
        "y": 0.61890506744385
      },
      {
        "x": 1.0,
        "y": 0.5327455997467
      },
      {
        "x": 1.0,
        "y": 0.55631828308105
      },
      {
        "x": 1.0,
        "y": 0.6556088924408
      },
      {
        "x": 0.0,
        "y": 0.6556088924408
      },
      {
        "x": 1.0,
        "y": 0.55171692371368
      },
      {
        "x": 1.0,
        "y": 0.55631828308105
      },
      {
        "x": 0.0,
        "y": 0.63162624835968
      },
      {
        "x": 0.0,
        "y": 0.63162624835968
      },
      {
        "x": 1.0,
        "y": 0.55631828308105
      },
      {
        "x": 0.0,
        "y": 0.6556088924408
      },
      {
        "x": 1.0,
        "y": 0.5327455997467
      },
      {
        "x": 1.0,
        "y": 0.55171692371368
      },
      {
        "x": 0.0,
        "y": 0.5327455997467
      },
      {
        "x": 0.0,
        "y": 0.5327455997467
      },
      {
        "x": 1.0,
        "y": 0.55171692371368
      },
      {
        "x": 0.0,
        "y": 0.63162624835968
      },
      {
        "x": 1.0,
        "y": 0.61890518665314
      },
      {
        "x": 1.0,
        "y": 0.63753509521484
      },
      {
        "x": 0.0,
        "y": 0.61890518665314
      },
      {
        "x": 0.0,
        "y": 0.61890518665314
      },
      {
        "x": 1.0,
        "y": 0.63753509521484
      },
      {
        "x": 0.0,
        "y": 0.71600687503815
      },
      {
        "x": 1.0,
        "y": 0.64205366373062
      },
      {
        "x": 1.0,
        "y": 0.73955810070038
      },
      {
        "x": 0.0,
        "y": 0.73955810070038
      },
      {
        "x": 1.0,
        "y": 0.63753509521484
      },
      {
        "x": 1.0,
        "y": 0.64205366373062
      },
      {
        "x": 0.0,
        "y": 0.71600687503815
      },
      {
        "x": 0.0,
        "y": 0.71600687503815
      },
      {
        "x": 1.0,
        "y": 0.64205366373062
      },
      {
        "x": 0.0,
        "y": 0.73955810070038
      },
      {
        "x": 1.0,
        "y": 0.27907180786133
      },
      {
        "x": 1.0,
        "y": 0.28359037637711
      },
      {
        "x": 0.0,
        "y": 0.35754358768463
      },
      {
        "x": 0.0,
        "y": 0.35754358768463
      },
      {
        "x": 1.0,
        "y": 0.28359037637711
      },
      {
        "x": 0.0,
        "y": 0.38109481334686
      },
      {
        "x": 1.0,
        "y": 0.34439104795456
      },
      {
        "x": 1.0,
        "y": 0.38109481334686
      },
      {
        "x": 0.0,
        "y": 0.38109481334686
      },
      {
        "x": 1.0,
        "y": 0.28359037637711
      },
      {
        "x": 1.0,
        "y": 0.34439104795456
      },
      {
        "x": 0.0,
        "y": 0.38109481334686
      },
      {
        "x": 1.0,
        "y": 0.26044183969498
      },
      {
        "x": 1.0,
        "y": 0.27907180786133
      },
      {
        "x": 0.0,
        "y": 0.26044183969498
      },
      {
        "x": 0.0,
        "y": 0.26044183969498
      },
      {
        "x": 1.0,
        "y": 0.27907180786133
      },
      {
        "x": 0.0,
        "y": 0.35754358768463
      }
    ],
    "vertices": [
      {
        "x": 0.49999997019768,
        "y": -0.49999997019768,
        "z": -0.49999994039536
      },
      {
        "x": 0.49999997019768,
        "y": -0.49999997019768,
        "z": 0.49999994039536
      },
      {
        "x": 0.49999997019768,
        "y": 0.49999997019768,
        "z": 0.49999994039536
      },
      {
        "x": 0.49999997019768,
        "y": 0.49999997019768,
        "z": 0.49999994039536
      },
      {
        "x": 0.49999997019768,
        "y": 0.49999997019768,
        "z": -0.49999994039536
      },
      {
        "x": 0.49999997019768,
        "y": -0.49999997019768,
        "z": -0.49999994039536
      },
      {
        "x": 0.49999997019768,
        "y": -0.49999997019768,
        "z": 0.49999994039536
      },
      {
        "x": -0.49999997019768,
        "y": -0.49999997019768,
        "z": 0.49999994039536
      },
      {
        "x": -0.11890515685081,
        "y": -0.1556088924408,
        "z": 0.49999994039536
      },
      {
        "x": 0.49999997019768,
        "y": -0.49999997019768,
        "z": 0.49999994039536
      },
      {
        "x": -0.11890515685081,
        "y": -0.1556088924408,
        "z": 0.49999994039536
      },
      {
        "x": -0.11890515685081,
        "y": -0.056728273630142,
        "z": 0.49999994039536
      },
      {
        "x": -0.19032362103462,
        "y": -0.032745599746704,
        "z": 0.49999994039536
      },
      {
        "x": -0.49999997019768,
        "y": 0.49999997019768,
        "z": 0.49999994039536
      },
      {
        "x": -0.13532188534737,
        "y": -0.032745599746704,
        "z": 0.49999994039536
      },
      {
        "x": -0.49999997019768,
        "y": 0.49999997019768,
        "z": 0.49999994039536
      },
      {
        "x": 0.49999997019768,
        "y": -0.49999997019768,
        "z": 0.49999994039536
      },
      {
        "x": -0.11890515685081,
        "y": -0.032745599746704,
        "z": 0.49999994039536
      },
      {
        "x": 0.49999997019768,
        "y": -0.49999997019768,
        "z": 0.49999994039536
      },
      {
        "x": -0.11890515685081,
        "y": -0.056728273630142,
        "z": 0.49999994039536
      },
      {
        "x": -0.11890515685081,
        "y": -0.032745599746704,
        "z": 0.49999994039536
      },
      {
        "x": -0.13532188534737,
        "y": -0.032745599746704,
        "z": 0.49999994039536
      },
      {
        "x": -0.49999997019768,
        "y": 0.49999997019768,
        "z": 0.49999994039536
      },
      {
        "x": -0.11890515685081,
        "y": -0.032745599746704,
        "z": 0.49999994039536
      },
      {
        "x": -0.49999997019768,
        "y": -0.49999997019768,
        "z": 0.49999994039536
      },
      {
        "x": -0.49999997019768,
        "y": 0.49999997019768,
        "z": 0.49999994039536
      },
      {
        "x": -0.2395581305027,
        "y": -0.1556088924408,
        "z": 0.49999994039536
      },
      {
        "x": -0.14245638251305,
        "y": -0.1556088924408,
        "z": 0.49999994039536
      },
      {
        "x": -0.11890515685081,
        "y": -0.1556088924408,
        "z": 0.49999994039536
      },
      {
        "x": -0.49999997019768,
        "y": -0.49999997019768,
        "z": 0.49999994039536
      },
      {
        "x": -0.49999997019768,
        "y": -0.49999997019768,
        "z": 0.49999994039536
      },
      {
        "x": -0.2395581305027,
        "y": -0.1556088924408,
        "z": 0.49999994039536
      },
      {
        "x": -0.14245638251305,
        "y": -0.1556088924408,
        "z": 0.49999994039536
      },
      {
        "x": -0.2395581305027,
        "y": -0.1556088924408,
        "z": 0.49999994039536
      },
      {
        "x": -0.49999997019768,
        "y": 0.49999997019768,
        "z": 0.49999994039536
      },
      {
        "x": -0.2395581305027,
        "y": -0.13162621855736,
        "z": 0.49999994039536
      },
      {
        "x": -0.2395581305027,
        "y": -0.13162621855736,
        "z": 0.49999994039536
      },
      {
        "x": -0.49999997019768,
        "y": 0.49999997019768,
        "z": 0.49999994039536
      },
      {
        "x": -0.2395581305027,
        "y": -0.032745599746704,
        "z": 0.49999994039536
      },
      {
        "x": -0.21600690484047,
        "y": -0.032745599746704,
        "z": 0.49999994039536
      },
      {
        "x": -0.49999997019768,
        "y": 0.49999997019768,
        "z": 0.49999994039536
      },
      {
        "x": -0.19032362103462,
        "y": -0.032745599746704,
        "z": 0.49999994039536
      },
      {
        "x": -0.2395581305027,
        "y": -0.032745599746704,
        "z": 0.49999994039536
      },
      {
        "x": -0.49999997019768,
        "y": 0.49999997019768,
        "z": 0.49999994039536
      },
      {
        "x": -0.21600690484047,
        "y": -0.032745599746704,
        "z": 0.49999994039536
      },
      {
        "x": -0.49999997019768,
        "y": 0.49999997019768,
        "z": 0.49999994039536
      },
      {
        "x": 0.49999997019768,
        "y": 0.49999997019768,
        "z": 0.49999994039536
      },
      {
        "x": 0.49999997019768,
        "y": -0.49999997019768,
        "z": 0.49999994039536
      },
      {
        "x": -0.49999997019768,
        "y": -0.49999997019768,
        "z": 0.49999994039536
      },
      {
        "x": -0.49999997019768,
        "y": -0.49999997019768,
        "z": -0.49999994039536
      },
      {
        "x": -0.49999997019768,
        "y": 0.49999997019768,
        "z": -0.49999994039536
      },
      {
        "x": -0.49999997019768,
        "y": 0.49999997019768,
        "z": -0.49999994039536
      },
      {
        "x": -0.49999997019768,
        "y": 0.49999997019768,
        "z": 0.49999994039536
      },
      {
        "x": -0.49999997019768,
        "y": -0.49999997019768,
        "z": 0.49999994039536
      },
      {
        "x": -0.49999997019768,
        "y": -0.49999997019768,
        "z": -0.49999994039536
      },
      {
        "x": 0.49999997019768,
        "y": -0.49999997019768,
        "z": -0.49999994039536
      },
      {
        "x": -0.11890515685081,
        "y": -0.1556088924408,
        "z": -0.49999994039536
      },
      {
        "x": 0.49999997019768,
        "y": -0.49999997019768,
        "z": -0.49999994039536
      },
      {
        "x": 0.49999997019768,
        "y": 0.49999997019768,
        "z": -0.49999994039536
      },
      {
        "x": -0.11890515685081,
        "y": -0.1556088924408,
        "z": -0.49999994039536
      },
      {
        "x": -0.15560895204544,
        "y": -0.1556088924408,
        "z": -0.49999994039536
      },
      {
        "x": -0.49999997019768,
        "y": -0.49999997019768,
        "z": -0.49999994039536
      },
      {
        "x": -0.13880226016045,
        "y": -0.1556088924408,
        "z": -0.49999994039536
      },
      {
        "x": -0.11890515685081,
        "y": -0.13663759827614,
        "z": -0.49999994039536
      },
      {
        "x": 0.49999997019768,
        "y": 0.49999997019768,
        "z": -0.49999994039536
      },
      {
        "x": -0.11890515685081,
        "y": -0.11890509724617,
        "z": -0.49999994039536
      },
      {
        "x": -0.13880226016045,
        "y": -0.1556088924408,
        "z": -0.49999994039536
      },
      {
        "x": -0.49999997019768,
        "y": -0.49999997019768,
        "z": -0.49999994039536
      },
      {
        "x": -0.11890515685081,
        "y": -0.1556088924408,
        "z": -0.49999994039536
      },
      {
        "x": -0.11890515685081,
        "y": -0.1556088924408,
        "z": -0.49999994039536
      },
      {
        "x": 0.49999997019768,
        "y": 0.49999997019768,
        "z": -0.49999994039536
      },
      {
        "x": -0.11890515685081,
        "y": -0.13663759827614,
        "z": -0.49999994039536
      },
      {
        "x": 0.49999997019768,
        "y": 0.49999997019768,
        "z": -0.49999994039536
      },
      {
        "x": -0.49999997019768,
        "y": 0.49999997019768,
        "z": -0.49999994039536
      },
      {
        "x": -0.11890515685081,
        "y": -0.032745569944382,
        "z": -0.49999994039536
      },
      {
        "x": -0.11890515685081,
        "y": -0.11890509724617,
        "z": -0.49999994039536
      },
      {
        "x": 0.49999997019768,
        "y": 0.49999997019768,
        "z": -0.49999994039536
      },
      {
        "x": -0.11890515685081,
        "y": -0.032745569944382,
        "z": -0.49999994039536
      },
      {
        "x": -0.21911308169365,
        "y": -0.15560892224312,
        "z": -0.49999994039536
      },
      {
        "x": -0.49999997019768,
        "y": -0.49999997019768,
        "z": -0.49999994039536
      },
      {
        "x": -0.15560895204544,
        "y": -0.1556088924408,
        "z": -0.49999994039536
      },
      {
        "x": -0.49999997019768,
        "y": 0.49999997019768,
        "z": -0.49999994039536
      },
      {
        "x": -0.49999997019768,
        "y": -0.49999997019768,
        "z": -0.49999994039536
      },
      {
        "x": -0.2395581305027,
        "y": -0.15560892224312,
        "z": -0.49999994039536
      },
      {
        "x": -0.49999997019768,
        "y": 0.49999997019768,
        "z": -0.49999994039536
      },
      {
        "x": -0.2395581305027,
        "y": -0.15560892224312,
        "z": -0.49999994039536
      },
      {
        "x": -0.2395581305027,
        "y": -0.051716893911362,
        "z": -0.49999994039536
      },
      {
        "x": -0.13753512501717,
        "y": -0.032745569944382,
        "z": -0.49999994039536
      },
      {
        "x": -0.11890515685081,
        "y": -0.032745569944382,
        "z": -0.49999994039536
      },
      {
        "x": -0.49999997019768,
        "y": 0.49999997019768,
        "z": -0.49999994039536
      },
      {
        "x": -0.49999997019768,
        "y": 0.49999997019768,
        "z": -0.49999994039536
      },
      {
        "x": -0.2395581305027,
        "y": -0.032745569944382,
        "z": -0.49999994039536
      },
      {
        "x": -0.13753512501717,
        "y": -0.032745569944382,
        "z": -0.49999994039536
      },
      {
        "x": -0.49999997019768,
        "y": 0.49999997019768,
        "z": -0.49999994039536
      },
      {
        "x": -0.2395581305027,
        "y": -0.051716893911362,
        "z": -0.49999994039536
      },
      {
        "x": -0.2395581305027,
        "y": -0.032745569944382,
        "z": -0.49999994039536
      },
      {
        "x": -0.22092816233635,
        "y": -0.15560892224312,
        "z": -0.49999994039536
      },
      {
        "x": -0.49999997019768,
        "y": -0.49999997019768,
        "z": -0.49999994039536
      },
      {
        "x": -0.21911308169365,
        "y": -0.15560892224312,
        "z": -0.49999994039536
      },
      {
        "x": -0.2395581305027,
        "y": -0.15560892224312,
        "z": -0.49999994039536
      },
      {
        "x": -0.49999997019768,
        "y": -0.49999997019768,
        "z": -0.49999994039536
      },
      {
        "x": -0.22092816233635,
        "y": -0.15560892224312,
        "z": -0.49999994039536
      },
      {
        "x": 0.49999997019768,
        "y": 0.49999997019768,
        "z": -0.49999994039536
      },
      {
        "x": 0.49999997019768,
        "y": 0.49999997019768,
        "z": 0.49999994039536
      },
      {
        "x": -0.49999997019768,
        "y": 0.49999997019768,
        "z": 0.49999994039536
      },
      {
        "x": -0.49999997019768,
        "y": 0.49999997019768,
        "z": 0.49999994039536
      },
      {
        "x": -0.49999997019768,
        "y": 0.49999997019768,
        "z": -0.49999994039536
      },
      {
        "x": 0.49999997019768,
        "y": 0.49999997019768,
        "z": -0.49999994039536
      },
      {
        "x": 0.49999997019768,
        "y": -0.49999997019768,
        "z": 0.49999994039536
      },
      {
        "x": 0.49999997019768,
        "y": -0.49999997019768,
        "z": -0.49999994039536
      },
      {
        "x": -0.49999997019768,
        "y": -0.49999997019768,
        "z": -0.49999994039536
      },
      {
        "x": -0.49999997019768,
        "y": -0.49999997019768,
        "z": -0.49999994039536
      },
      {
        "x": -0.49999997019768,
        "y": -0.49999997019768,
        "z": 0.49999994039536
      },
      {
        "x": 0.49999997019768,
        "y": -0.49999997019768,
        "z": 0.49999994039536
      },
      {
        "x": -0.11890515685081,
        "y": -0.1556088924408,
        "z": -0.49999994039536
      },
      {
        "x": -0.11890515685081,
        "y": -0.13663759827614,
        "z": -0.49999994039536
      },
      {
        "x": -0.11890515685081,
        "y": -0.1556088924408,
        "z": 0.49999994039536
      },
      {
        "x": -0.11890515685081,
        "y": -0.1556088924408,
        "z": 0.49999994039536
      },
      {
        "x": -0.11890515685081,
        "y": -0.13663759827614,
        "z": -0.49999994039536
      },
      {
        "x": -0.11890515685081,
        "y": -0.056728273630142,
        "z": 0.49999994039536
      },
      {
        "x": -0.11890515685081,
        "y": -0.13663759827614,
        "z": -0.49999994039536
      },
      {
        "x": -0.11890514194965,
        "y": -0.13203626871109,
        "z": -0.49999994039536
      },
      {
        "x": -0.11890515685081,
        "y": -0.056728273630142,
        "z": 0.49999994039536
      },
      {
        "x": -0.11890515685081,
        "y": -0.056728273630142,
        "z": 0.49999994039536
      },
      {
        "x": -0.11890514194965,
        "y": -0.13203626871109,
        "z": -0.49999994039536
      },
      {
        "x": -0.11890515685081,
        "y": -0.032745599746704,
        "z": 0.49999994039536
      },
      {
        "x": -0.11890515685081,
        "y": -0.11890509724617,
        "z": -0.49999994039536
      },
      {
        "x": -0.11890515685081,
        "y": -0.032745569944382,
        "z": -0.49999994039536
      },
      {
        "x": -0.11890515685081,
        "y": -0.032745599746704,
        "z": 0.49999994039536
      },
      {
        "x": -0.11890514194965,
        "y": -0.13203626871109,
        "z": -0.49999994039536
      },
      {
        "x": -0.11890515685081,
        "y": -0.11890509724617,
        "z": -0.49999994039536
      },
      {
        "x": -0.11890515685081,
        "y": -0.032745599746704,
        "z": 0.49999994039536
      },
      {
        "x": -0.23955814540386,
        "y": -0.056318283081055,
        "z": -0.49999994039536
      },
      {
        "x": -0.2395581305027,
        "y": -0.15560892224312,
        "z": -0.49999994039536
      },
      {
        "x": -0.2395581305027,
        "y": -0.1556088924408,
        "z": 0.49999994039536
      },
      {
        "x": -0.2395581305027,
        "y": -0.051716893911362,
        "z": -0.49999994039536
      },
      {
        "x": -0.23955814540386,
        "y": -0.056318283081055,
        "z": -0.49999994039536
      },
      {
        "x": -0.2395581305027,
        "y": -0.13162621855736,
        "z": 0.49999994039536
      },
      {
        "x": -0.2395581305027,
        "y": -0.13162621855736,
        "z": 0.49999994039536
      },
      {
        "x": -0.23955814540386,
        "y": -0.056318283081055,
        "z": -0.49999994039536
      },
      {
        "x": -0.2395581305027,
        "y": -0.1556088924408,
        "z": 0.49999994039536
      },
      {
        "x": -0.2395581305027,
        "y": -0.032745569944382,
        "z": -0.49999994039536
      },
      {
        "x": -0.2395581305027,
        "y": -0.051716893911362,
        "z": -0.49999994039536
      },
      {
        "x": -0.2395581305027,
        "y": -0.032745599746704,
        "z": 0.49999994039536
      },
      {
        "x": -0.2395581305027,
        "y": -0.032745599746704,
        "z": 0.49999994039536
      },
      {
        "x": -0.2395581305027,
        "y": -0.051716893911362,
        "z": -0.49999994039536
      },
      {
        "x": -0.2395581305027,
        "y": -0.13162621855736,
        "z": 0.49999994039536
      },
      {
        "x": -0.11890515685081,
        "y": -0.032745569944382,
        "z": -0.49999994039536
      },
      {
        "x": -0.13753512501717,
        "y": -0.032745569944382,
        "z": -0.49999994039536
      },
      {
        "x": -0.11890515685081,
        "y": -0.032745599746704,
        "z": 0.49999994039536
      },
      {
        "x": -0.11890515685081,
        "y": -0.032745599746704,
        "z": 0.49999994039536
      },
      {
        "x": -0.13753512501717,
        "y": -0.032745569944382,
        "z": -0.49999994039536
      },
      {
        "x": -0.21600690484047,
        "y": -0.032745599746704,
        "z": 0.49999994039536
      },
      {
        "x": -0.14205366373062,
        "y": -0.032745596021414,
        "z": -0.49999994039536
      },
      {
        "x": -0.2395581305027,
        "y": -0.032745569944382,
        "z": -0.49999994039536
      },
      {
        "x": -0.2395581305027,
        "y": -0.032745599746704,
        "z": 0.49999994039536
      },
      {
        "x": -0.13753512501717,
        "y": -0.032745569944382,
        "z": -0.49999994039536
      },
      {
        "x": -0.14205366373062,
        "y": -0.032745596021414,
        "z": -0.49999994039536
      },
      {
        "x": -0.21600690484047,
        "y": -0.032745599746704,
        "z": 0.49999994039536
      },
      {
        "x": -0.21600690484047,
        "y": -0.032745599746704,
        "z": 0.49999994039536
      },
      {
        "x": -0.14205366373062,
        "y": -0.032745596021414,
        "z": -0.49999994039536
      },
      {
        "x": -0.2395581305027,
        "y": -0.032745599746704,
        "z": 0.49999994039536
      },
      {
        "x": -0.22092816233635,
        "y": -0.15560892224312,
        "z": -0.49999994039536
      },
      {
        "x": -0.21640959382057,
        "y": -0.1556088924408,
        "z": -0.49999994039536
      },
      {
        "x": -0.14245638251305,
        "y": -0.1556088924408,
        "z": 0.49999994039536
      },
      {
        "x": -0.14245638251305,
        "y": -0.1556088924408,
        "z": 0.49999994039536
      },
      {
        "x": -0.21640959382057,
        "y": -0.1556088924408,
        "z": -0.49999994039536
      },
      {
        "x": -0.11890515685081,
        "y": -0.1556088924408,
        "z": 0.49999994039536
      },
      {
        "x": -0.15560895204544,
        "y": -0.1556088924408,
        "z": -0.49999994039536
      },
      {
        "x": -0.11890515685081,
        "y": -0.1556088924408,
        "z": -0.49999994039536
      },
      {
        "x": -0.11890515685081,
        "y": -0.1556088924408,
        "z": 0.49999994039536
      },
      {
        "x": -0.21640959382057,
        "y": -0.1556088924408,
        "z": -0.49999994039536
      },
      {
        "x": -0.15560895204544,
        "y": -0.1556088924408,
        "z": -0.49999994039536
      },
      {
        "x": -0.11890515685081,
        "y": -0.1556088924408,
        "z": 0.49999994039536
      },
      {
        "x": -0.2395581305027,
        "y": -0.15560892224312,
        "z": -0.49999994039536
      },
      {
        "x": -0.22092816233635,
        "y": -0.15560892224312,
        "z": -0.49999994039536
      },
      {
        "x": -0.2395581305027,
        "y": -0.1556088924408,
        "z": 0.49999994039536
      },
      {
        "x": -0.2395581305027,
        "y": -0.1556088924408,
        "z": 0.49999994039536
      },
      {
        "x": -0.22092816233635,
        "y": -0.15560892224312,
        "z": -0.49999994039536
      },
      {
        "x": -0.14245638251305,
        "y": -0.1556088924408,
        "z": 0.49999994039536
      }
    ]
  }
}