{
  "area": [
    [
      0,
      0
    ],
    [
      0,
      0
    ],
    [
      0,
      0
    ],
    [
      0,
      0
    ]
  ],
  "area_number": 0,
  "backSwingTime": 0,
  "castAction": "",
  "castActionTime": -1,
  "cdTime": 0,
  "consumeVp": 0,
  "customizeSkill": true,
  "damage": 20,
  "dmgFactor": 0,
  "draggingEnabled": false,
  "enableBackSwing": false,
  "enablePreSwing": false,
  "frontSight": "",
  "horizontalAlignment": 1,
  "hurtDistance": 0.1,
  "icon": "",
  "isClick": false,
  "isTouch": false,
  "sensitivityFactor": 1,
  "startAction": "",
  "startActionTime": 0,
  "sustainAction": "",
  "type": "MeleeAttack"
}