{
  "area": [
    [
      0,
      -58
    ],
    [
      0,
      -238
    ],
    [
      0,
      88
    ],
    [
      0,
      88
    ]
  ],
  "area_number": 9,
  "bodyPitchOffset": [
    0
  ],
  "bodyYawOffset": [
    0
  ],
  "castAction": "magicAttack2",
  "castActionTime": -1,
  "castEffect": {
    "effect": "asset/Actor/Gray Armor Warrior/g2021_25_B.effect",
    "once": true,
    "pos": {
      "x": 0,
      "y": 0,
      "z": 0
    },
    "scale": {
      "x": 1,
      "y": 1,
      "z": 1
    },
    "selfOnly": true,
    "yaw": 0
  },
  "cdMaskConfig": {
    "AntiClockwise": false,
    "FillPosition": "",
    "FillType": "Horizontal",
    "horizontalAlignment": 1,
    "verticalAlignment": 1
  },
  "cdTime": 0,
  "consumeVp": 0,
  "customizeSkill": true,
  "draggingEnabled": false,
  "enableCdMask": false,
  "enableCdTip": false,
  "frontSight": "",
  "horizontalAlignment": 2,
  "hurtDistance": 0.1,
  "icon": "@asset/Texture/Skill/common/icon_火球_nor.png",
  "icon_pushed": "",
  "ignoreCastSkillPreS": true,
  "isClick": false,
  "isShowCdPoint": false,
  "isTouch": false,
  "missileCfg": [
    "myplugin/e0285754-cc94-4bad-9dd6-76e95efe5ce1"
  ],
  "missileCount": 1,
  "preSwingTime": 0,
  "sensitivityFactor": 1,
  "startAction": "",
  "startActionTime": 0,
  "startFrom": "foot",
  "startPitch": [
    0
  ],
  "startPos": [
    {
      "x": 0,
      "y": 1.6,
      "z": 0
    }
  ],
  "startWait": [
    0
  ],
  "startYaw": [
    0
  ],
  "sustainAction": "",
  "targetType": "Self",
  "type": "Missile",
  "verticalAlignment": 2
}