{
  "autoRotateColliderBox": true,
  "collideEntity": 6,
  "collider": {
    "height": 1.5,
    "offset": {
      "x": 0.0,
      "y": 0.0,
      "z": 0.0
    },
    "radius": 0.75,
    "rotation": {
      "x": 0.0,
      "y": 0.0,
      "z": 0.0
    },
    "type": "Capsule"
  },
  "followTarget": true,
  "followTargetRotation": true,
  "followTargetRotationOffset": {
    "x": 0,
    "y": 0,
    "z": 0
  },
  "gravity": 0.0,
  "hitEntitySkill": "myplugin/0157cfe1-d74b-40b1-9c17-a7ec8afda7ee",
  "hitEntitysRoles": [
    "hitAllTeam",
    "hitAllEntitys",
    "hitAllConfigEntity"
  ],
  "hitInterval": 2,
  "isPitch": true,
  "lifeTime": 2,
  "lockRotateBodyPitch": 0,
  "lockRotateBodyRoll": 0,
  "lockRotateBodyYaw": 0,
  "moveAcc": 0.0,
  "moveSpeed": 2.0,
  "rotateFree": true,
  "rotateSpeed": 0.0,
  "startWithMoveAcc": true,
  "vanishShow": false,
  "vanishTime": 10
}