{
  "automatch": false,
  "bagCap": 9,
  "cameraCfg": {
    "canSwitchView": true,
    "defaultPitch": 0,
    "defaultView": 1,
    "defaultYaw": 0,
    "viewModeConfig": [
      {
        "enable": true,
        "lockSlideScreen": false,
        "viewFovAngle": 75
      },
      {
        "distance": 4,
        "enable": true,
        "enableCollisionDetect": true,
        "lockSlideScreen": false,
        "offset": {
          "__OBJ_TYPE": "Vector3",
          "x": 0.0,
          "y": 0.0,
          "z": 0.0
        },
        "viewFovAngle": 75
      },
      {
        "distance": 4,
        "enable": false,
        "enableCollisionDetect": true,
        "lockSlideScreen": false,
        "offset": {
          "__OBJ_TYPE": "Vector3",
          "x": 0.0,
          "y": 0.0,
          "z": 0.0
        },
        "viewFovAngle": 75
      },
      {
        "distance": 4,
        "enable": false,
        "enableCollisionDetect": true,
        "lockBodyRotation": false,
        "lockSlideScreen": false,
        "offset": {
          "__OBJ_TYPE": "Vector3",
          "x": 0.0,
          "y": 0.0,
          "z": 0.0
        },
        "viewFovAngle": 75
      },
      {
        "enable": false,
        "lockBodyRotation": false,
        "lockSlideScreen": false,
        "lockViewPos": true,
        "pos": {
          "__OBJ_TYPE": "Vector3i",
          "x": 0,
          "y": 0,
          "z": 0
        },
        "viewFovAngle": 75
      }
    ]
  },
  "canJoinMidway": false,
  "defaultMap": "map001",
  "defaultQualityLevel": 2,
  "dragControlConfig": {
    "useDragControl": true
  },
  "editorFovAngle": 65,
  "enableNewLighting": false,
  "engineDefUIEnable": {
    "actionControl": true,
    "actionControlMode": "flexibleDragControl",
    "appMainRole": true,
    "chat": true,
    "playerinfo": true,
    "shortcutBar": true,
    "toolbar": true
  },
  "forcePickBlock": true,
  "hideCloud": false,
  "hideTeamStatusBar": false,
  "ignoreEmptyStartPos": false,
  "initPos": {
    "map": "map001",
    "x": -13.324461936951,
    "y": 2.995,
    "z": -35.047424316406
  },
  "isTimeStopped": true,
  "jumpControlConfig": {
    "area": [
      [
        0,
        100
      ],
      [
        0,
        60
      ],
      [
        0,
        200
      ],
      [
        0,
        200
      ]
    ],
    "jumpImage": {
      "name": "jump_imagesets/icon_jump_nor.png"
    },
    "jumpPushImage": {
      "name": "jump_imagesets/icon_jump_act.png"
    },
    "useGroup": "_imagesets_"
  },
  "maxPlayers": 6,
  "minPlayers": 1,
  "moveStateConfig": {
    "isShow": false
  },
  "needSave": false,
  "noLoadHp": true,
  "notReadUserSettingCfgAtEditor": true,
  "nowTime": 1666.6666666667,
  "oneDayTime": 600.0,
  "personalSettingUI": {
    "controlMode": true,
    "guiSize": false,
    "horizon": false,
    "imageQuality": true,
    "jumpSneakState": false,
    "luminance": false,
    "sensitive": true,
    "volume": true
  },
  "personalShop": false,
  "playerCfg": "myplugin/player1",
  "playTime": -1,
  "qualityLevelData": {
    "maxLevel": [
      2,
      0,
      0.6,
      0.68,
      0.00132,
      3,
      1.4,
      1,
      1,
      0.22,
      -0.00132,
      0.43,
      1,
      0,
      0.1,
      0,
      0,
      2,
      2,
      1,
      0,
      2,
      1.8
    ]
  },
  "replay": false,
  "reportTime": 1200,
  "skillJack": {
    "AJackArea": [
      [
        0,
        -40
      ],
      [
        0,
        -40
      ],
      [
        0,
        120
      ],
      [
        0,
        120
      ]
    ],
    "hideBJack": true,
    "lineSkills": [
      {
        "hAlign": 2,
        "itemSpace": 30,
        "jackNum": 2,
        "jackSize": 80,
        "vAlign": 1,
        "xOffset": -50,
        "yOffset": 0
      },
      {
        "hAlign": 1,
        "itemSpace": 30,
        "jackNum": 4,
        "jackSize": 80,
        "vAlign": 0,
        "xOffset": 0,
        "yOffset": 50
      }
    ],
    "sectorSkills": [
      {
        "deltaAngle": 45,
        "jackNum": 3,
        "jackSize": 88,
        "radius": 170,
        "startAngle": 270
      }
    ]
  },
  "startPos": [
    {
      "map": "map001",
      "x": -31.688064575195,
      "y": 2.0399620914459,
      "z": -34.957565307617
    }
  ],
  "team": [],
  "teammateHurt": false,
  "topTeamInfo": {
    "teamDieIcon": "flag_textures/flag_die",
    "teamDieIconArea": [
      [
        0,
        5
      ],
      [
        0,
        -7
      ],
      [
        0,
        20
      ],
      [
        0,
        20
      ]
    ],
    "teamInfoArea": [
      [
        0,
        -5
      ],
      [
        0,
        -3
      ],
      [
        0,
        53.45
      ],
      [
        0,
        17
      ]
    ]
  },
  "uiNavigation": [
    {
      "iconPath": "set:main_page.json image:shop_icon.png",
      "list": 1,
      "name": "shop"
    }
  ],
  "useNewFirstViewer": true,
  "useNewQuadConfig": true,
  "useNewUI": true,
  "useVoxelTerrain": true,
  "vars": {
    "__OBJ_TYPE": [],
    "entity": [],
    "global": [
      {
        "key": "CurrentCheckPoint",
        "run_type": "server",
        "save": false,
        "value": 1
      },
      {
        "key": "CheckPoints",
        "run_type": "server",
        "save": false,
        "value": [
          {
            "__OBJ_TYPE": "Vector3",
            "x": -56,
            "y": 5,
            "z": -35
          },
          {
            "__OBJ_TYPE": "Vector3",
            "x": -56,
            "y": 6,
            "z": -60
          },
          {
            "__OBJ_TYPE": "Vector3",
            "x": -28,
            "y": 11,
            "z": -60
          },
          {
            "__OBJ_TYPE": "Vector3",
            "x": -25,
            "y": 16,
            "z": -20
          },
          {
            "__OBJ_TYPE": "Vector3",
            "x": -50,
            "y": 20,
            "z": -22
          },
          {
            "__OBJ_TYPE": "Vector3",
            "x": -55,
            "y": 24,
            "z": -61
          },
          {
            "__OBJ_TYPE": "Vector3",
            "x": -33,
            "y": 27,
            "z": -61
          },
          {
            "__OBJ_TYPE": "Vector3",
            "x": -30,
            "y": 30,
            "z": -20
          },
          {
            "__OBJ_TYPE": "Vector3",
            "x": -66,
            "y": 43,
            "z": -64
          },
          {
            "__OBJ_TYPE": "Vector3",
            "x": -30,
            "y": 45,
            "z": -65
          },
          {
            "__OBJ_TYPE": "Vector3",
            "x": -14,
            "y": 51,
            "z": -25
          },
          {
            "__OBJ_TYPE": "Vector3",
            "x": -14,
            "y": 51,
            "z": -51
          },
          {
            "__OBJ_TYPE": "Vector3",
            "x": -26,
            "y": 55,
            "z": -65
          },
          {
            "__OBJ_TYPE": "Vector3",
            "x": -51,
            "y": 54,
            "z": -38
          },
          {
            "__OBJ_TYPE": "Vector3",
            "x": -18,
            "y": 68,
            "z": -34
          },
          {
            "__OBJ_TYPE": "Vector3",
            "x": -18,
            "y": 68,
            "z": -60
          },
          {
            "__OBJ_TYPE": "Vector3",
            "x": -48,
            "y": 68,
            "z": -60
          },
          {
            "__OBJ_TYPE": "Vector3",
            "x": -48,
            "y": 70,
            "z": -18
          },
          {
            "__OBJ_TYPE": "Vector3",
            "x": -24,
            "y": 71,
            "z": -19
          },
          {
            "__OBJ_TYPE": "Vector3",
            "x": -48,
            "y": 73,
            "z": -62
          },
          {
            "__OBJ_TYPE": "Vector3",
            "x": -49,
            "y": 85,
            "z": -21
          },
          {
            "__OBJ_TYPE": "Vector3",
            "x": -49,
            "y": 86,
            "z": -52
          },
          {
            "__OBJ_TYPE": "Vector3",
            "x": -7,
            "y": 86,
            "z": -52
          },
          {
            "__OBJ_TYPE": "Vector3",
            "x": -7,
            "y": 67,
            "z": -24
          },
          {
            "__OBJ_TYPE": "Vector3",
            "x": -47,
            "y": 93,
            "z": -20
          },
          {
            "__OBJ_TYPE": "Vector3",
            "x": -48,
            "y": 0,
            "z": 0
          },
          {
            "__OBJ_TYPE": "Vector3",
            "x": -14,
            "y": 97,
            "z": -56
          },
          {
            "__OBJ_TYPE": "Vector3",
            "x": -10,
            "y": 97,
            "z": -29
          },
          {
            "__OBJ_TYPE": "Vector3",
            "x": -45,
            "y": 97,
            "z": -22
          },
          {
            "__OBJ_TYPE": "Vector3",
            "x": -48,
            "y": 100,
            "z": -56
          },
          {
            "__OBJ_TYPE": "Vector3",
            "x": -15,
            "y": 110,
            "z": -36
          },
          {
            "__OBJ_TYPE": "Vector3",
            "x": -19,
            "y": 111,
            "z": -36
          },
          {
            "__OBJ_TYPE": "Vector3",
            "x": -54,
            "y": 111,
            "z": -20
          },
          {
            "__OBJ_TYPE": "Vector3",
            "x": -54,
            "y": 118,
            "z": -54
          },
          {
            "__OBJ_TYPE": "Vector3",
            "x": -25,
            "y": 121,
            "z": -42
          },
          {
            "__OBJ_TYPE": "Vector3",
            "x": -14,
            "y": 121,
            "z": -42
          },
          {
            "__OBJ_TYPE": "Vector3",
            "x": -14,
            "y": 118,
            "z": -16
          },
          {
            "__OBJ_TYPE": "Vector3",
            "x": -52,
            "y": 120,
            "z": -16
          },
          {
            "__OBJ_TYPE": "Vector3",
            "x": -52,
            "y": 121,
            "z": -44
          },
          {
            "__OBJ_TYPE": "Vector3",
            "x": -19,
            "y": 125,
            "z": -44
          }
        ]
      }
    ],
    "ui": []
  },
  "waitAtInitPos": true,
  "waitGoTime": 0,
  "waitPlayerTime": 0,
  "waitStartTime": 0
}