{"part_place_settings":[{"color":{"a":255,"__OBJ_TYPE":"Color","b":255,"g":255,"r":255},"texture":"part_suliao.tga","__OBJ_TYPE":"PART_PLACE_SETTING","key":"cube"},{"color":{"a":255,"__OBJ_TYPE":"Color","b":255,"g":255,"r":255},"texture":"part_suliao.tga","__OBJ_TYPE":"PART_PLACE_SETTING","key":"sphere"},{"color":{"a":255,"__OBJ_TYPE":"Color","b":255,"g":255,"r":255},"texture":"part_suliao.tga","__OBJ_TYPE":"PART_PLACE_SETTING","key":"cylinder"},{"color":{"a":255,"__OBJ_TYPE":"Color","b":255,"g":255,"r":255},"texture":"part_suliao.tga","__OBJ_TYPE":"PART_PLACE_SETTING","key":"cone"}],"viewport_width":1146,"map_pos":{"map001":{"y":68,"x":30,"z":30},"c9f2b6f1-c86c-4049-8a9e-66b3e83d951f":{"y":68,"x":30,"z":30}},"camera_move_speed":0.3,"viewport_height":644}