{
  "autoRotateColliderBox": true,
  "collideEntity": 6,
  "collider": {
    "extent": {
      "x": 1,
      "y": 1,
      "z": 1
    },
    "offset": {
      "x": 0.0,
      "y": 0.0,
      "z": 0.0
    },
    "rotation": {
      "x": 0.0,
      "y": 0.0,
      "z": 0.0
    },
    "type": "Box"
  },
  "followTarget": true,
  "followTargetRotation": true,
  "followTargetRotationOffset": {
    "x": 0,
    "y": 0,
    "z": 0
  },
  "gravity": 0.0,
  "hitEntitySkill": "myplugin/7a5e7fee-d53c-43e6-aded-7a4563c4be7f",
  "hitEntitysRoles": [
    "hitAllTeam",
    "hitAllEntitys",
    "hitAllConfigEntity"
  ],
  "hitInterval": 2,
  "isPitch": true,
  "lifeTime": 2,
  "lockRotateBodyPitch": 0,
  "lockRotateBodyRoll": 0,
  "lockRotateBodyYaw": 0,
  "moveAcc": 0.0,
  "moveSpeed": 2.0,
  "rotateFree": true,
  "rotateSpeed": 0.0,
  "startWithMoveAcc": true,
  "vanishShow": false,
  "vanishTime": 10
}