{
  "__OBJ_TYPE": "SkillSystemCfg",
  "AntiClockwise": false,
  "attackBound": {
    "__OBJ_TYPE": "AttackBound",
    "angle": {
      "__OBJ_TYPE": "ValueRange",
      "max": 360,
      "min": 0
    },
    "height": 1,
    "height_c": 1.5,
    "memory": {
      "__OBJ_TYPE": "BoundingVolumeMemory",
      "Capsule": "",
      "Cylinder": "",
      "Sector": "",
      "Sphere": ""
    },
    "position": {
      "__OBJ_TYPE": "Vector3",
      "x": 0.0,
      "y": 0.0,
      "z": 0.0
    },
    "preview_dialog": {
      "__OBJ_TYPE": "CollisionboxPreview",
      "preview": false
    },
    "radius": 0.5,
    "radius_c": 0.5,
    "rotate": {
      "__OBJ_TYPE": "Vector3",
      "x": 0.0,
      "y": 0.0,
      "z": 0.0
    },
    "size": {
      "__OBJ_TYPE": "Vector3",
      "x": 1,
      "y": 1,
      "z": 1
    },
    "type": "Box"
  },
  "attackBoundSkillSystemCfg": {
    "__OBJ_TYPE": "BoundPreview",
    "angle": {
      "__OBJ_TYPE": "ValueRange",
      "max": 360,
      "min": 0
    },
    "height": 1,
    "height_c": 1.5,
    "memory": {
      "__OBJ_TYPE": "BoundingVolumeMemory",
      "Capsule": "",
      "Cylinder": "",
      "Sector": "",
      "Sphere": ""
    },
    "position": {
      "__OBJ_TYPE": "Vector3",
      "x": 0.0,
      "y": 0.0,
      "z": 0.0
    },
    "radius": 0.5,
    "radius_c": 0.5,
    "rotate": {
      "__OBJ_TYPE": "Vector3",
      "x": 0.0,
      "y": 0.0,
      "z": 0.0
    },
    "size": {
      "__OBJ_TYPE": "Vector3",
      "x": 1,
      "y": 1,
      "z": 1
    },
    "type": "Box"
  },
  "attackTarget": {
    "__OBJ_TYPE": "AttackTarget",
    "attackEntity": "hitAllConfigEntity",
    "attackTeam": "hitAllTeam",
    "entityList": [],
    "targetType": "hitAllEntitys",
    "teamList": []
  },
  "castAction": {
    "__OBJ_TYPE": "SkillReleaseAction",
    "castAction": "attack1",
    "castActionTime": {
      "__OBJ_TYPE": "Time",
      "value": 20
    },
    "custom_time": false
  },
  "castEffect": {
    "__OBJ_TYPE": "EntityEffect",
    "effect": {
      "__OBJ_TYPE": "Resource_Effect",
      "asset": "",
      "selector": ""
    },
    "once": true,
    "pos": {
      "__OBJ_TYPE": "Vector3",
      "x": 0,
      "y": 0,
      "z": 0
    },
    "scale": {
      "__OBJ_TYPE": "Vector3",
      "x": 1,
      "y": 1,
      "z": 1
    },
    "selfOnly": true,
    "yaw": 0
  },
  "castInterval": {
    "__OBJ_TYPE": "Time",
    "value": 0
  },
  "castSound": {
    "__OBJ_TYPE": "CastSound",
    "loop": false,
    "selfOnly": false,
    "sound": {
      "__OBJ_TYPE": "Resource_Sound",
      "asset": "",
      "selector": ""
    },
    "volume": {
      "__OBJ_TYPE": "Percentage",
      "value": 1
    }
  },
  "cdAnimation": "",
  "cdTime": {
    "__OBJ_TYPE": "Time",
    "value": 100
  },
  "damage": 10,
  "enableCdMask": false,
  "enableCdTip": false,
  "FillPosition": "",
  "FillType": "Horizontal",
  "hitEntitySound": {
    "__OBJ_TYPE": "CastSound",
    "loop": false,
    "selfOnly": false,
    "sound": {
      "__OBJ_TYPE": "Resource_Sound",
      "asset": "",
      "selector": ""
    },
    "volume": {
      "__OBJ_TYPE": "Percentage",
      "value": 1
    }
  },
  "hurtDistance": 0.1,
  "isLimit": false,
  "isShowCdPoint": false,
  "isTouch": false,
  "lifeTime": {
    "__OBJ_TYPE": "Time",
    "value": 2
  },
  "maxAttackNumber": 1,
  "missile": "72425c77-de2f-4088-8373-7899d86d7e70",
  "name": {
    "__OBJ_TYPE": "Text",
    "value": "0d264545-7f5a-4c20-bbed-af49a4a6ce55"
  },
  "preKillTime": {
    "__OBJ_TYPE": "Time",
    "value": 0
  },
  "skill1": "4c30e311-8f57-426d-99f7-f406798a12f0",
  "skill2": "48458792-7636-4c8c-b45c-b569c35fe015",
  "skillIcon": {
    "__OBJ_TYPE": "Resource_SkillTexture",
    "asset": "",
    "selector": ""
  },
  "skillIconPos": {
    "__OBJ_TYPE": "SkillIconPos",
    "area_number": 0
  },
  "skillIconPushed": {
    "__OBJ_TYPE": "Resource_SkillTexture",
    "asset": "",
    "selector": ""
  }
}