{
  "area": [
    [
      0,
      -190
    ],
    [
      0,
      -200
    ],
    [
      0,
      88
    ],
    [
      0,
      88
    ]
  ],
  "area_number": 8,
  "bodyPitchOffset": [
    0
  ],
  "bodyYawOffset": [
    0
  ],
  "castAction": "attack",
  "castActionTime": -1,
  "cdMaskConfig": {
    "AntiClockwise": false,
    "FillPosition": "",
    "FillType": "Horizontal",
    "horizontalAlignment": 1,
    "verticalAlignment": 1
  },
  "cdTime": 0,
  "consumeVp": 0,
  "customizeSkill": true,
  "draggingEnabled": false,
  "enableCdMask": false,
  "enableCdTip": false,
  "frontSight": "",
  "horizontalAlignment": 2,
  "hurtDistance": 0.1,
  "icon": "@asset/Texture/Skill/common/icon_近战攻击_act.png",
  "icon_pushed": "",
  "ignoreCastSkillPreS": true,
  "isClick": false,
  "isShowCdPoint": false,
  "isTouch": false,
  "missileCfg": [
    "myplugin/7f0b9367-c5de-4dd2-a933-f149e7507781"
  ],
  "missileCount": 1,
  "preSwingTime": 0,
  "sensitivityFactor": 1,
  "startAction": "",
  "startActionTime": 0,
  "startFrom": "foot",
  "startPitch": [
    0
  ],
  "startPos": [
    {
      "x": 0,
      "y": 1.6,
      "z": 0
    }
  ],
  "startWait": [
    0
  ],
  "startYaw": [
    0
  ],
  "sustainAction": "",
  "targetType": "Self",
  "type": "Missile",
  "verticalAlignment": 2
}