{
  "__OBJ_TYPE": "SkillSystemCfg",
  "AntiClockwise": false,
  "attackBound": {
    "__OBJ_TYPE": "AttackBound",
    "angle": {
      "__OBJ_TYPE": "ValueRange",
      "max": 360,
      "min": 0
    },
    "height": 1.5,
    "height_c": 1.5,
    "memory": {
      "__OBJ_TYPE": "BoundingVolumeMemory",
      "Capsule": "",
      "Cylinder": "",
      "Sector": "",
      "Sphere": ""
    },
    "position": {
      "__OBJ_TYPE": "Vector3",
      "x": 0.0,
      "y": 0.0,
      "z": 0.0
    },
    "preview_dialog": {
      "__OBJ_TYPE": "CollisionboxPreview",
      "preview": false
    },
    "radius": 0.75,
    "radius_c": 0.75,
    "rotate": {
      "__OBJ_TYPE": "Vector3",
      "x": 0.0,
      "y": 0.0,
      "z": 0.0
    },
    "size": {
      "__OBJ_TYPE": "Vector3",
      "x": 1,
      "y": 1,
      "z": 1
    },
    "type": "Capsule"
  },
  "attackBoundSkillSystemCfg": {
    "__OBJ_TYPE": "BoundPreview",
    "angle": {
      "__OBJ_TYPE": "ValueRange",
      "max": 360,
      "min": 0
    },
    "height": 1,
    "height_c": 1.5,
    "memory": {
      "__OBJ_TYPE": "BoundingVolumeMemory",
      "Capsule": "",
      "Cylinder": "",
      "Sector": "",
      "Sphere": ""
    },
    "position": {
      "__OBJ_TYPE": "Vector3",
      "x": 0.0,
      "y": 0.0,
      "z": 0.0
    },
    "radius": 0.5,
    "radius_c": 0.75,
    "rotate": {
      "__OBJ_TYPE": "Vector3",
      "x": 0.0,
      "y": 0.0,
      "z": 0.0
    },
    "size": {
      "__OBJ_TYPE": "Vector3",
      "x": 1,
      "y": 1,
      "z": 1
    },
    "type": "Capsule"
  },
  "attackTarget": {
    "__OBJ_TYPE": "AttackTarget",
    "attackEntity": "hitAllConfigEntity",
    "attackTeam": "hitAllTeam",
    "entityList": [],
    "targetType": "hitAllEntitys",
    "teamList": []
  },
  "castAction": {
    "__OBJ_TYPE": "SkillReleaseAction",
    "castAction": "magicAttack2",
    "castActionTime": {
      "__OBJ_TYPE": "Time",
      "value": 20
    },
    "custom_time": false
  },
  "castEffect": {
    "__OBJ_TYPE": "EntityEffect",
    "effect": {
      "__OBJ_TYPE": "Resource_Effect",
      "asset": "asset/Actor/Gray Armor Warrior/g2021_25_B.effect",
      "selector": ""
    },
    "once": true,
    "pos": {
      "__OBJ_TYPE": "Vector3",
      "x": 0,
      "y": 0,
      "z": 0
    },
    "scale": {
      "__OBJ_TYPE": "Vector3",
      "x": 1,
      "y": 1,
      "z": 1
    },
    "selfOnly": true,
    "yaw": 0
  },
  "castInterval": {
    "__OBJ_TYPE": "Time",
    "value": 0
  },
  "castSound": {
    "__OBJ_TYPE": "CastSound",
    "loop": false,
    "selfOnly": false,
    "sound": {
      "__OBJ_TYPE": "Resource_Sound",
      "asset": "",
      "selector": ""
    },
    "volume": {
      "__OBJ_TYPE": "Percentage",
      "value": 1
    }
  },
  "cdAnimation": "",
  "cdTime": {
    "__OBJ_TYPE": "Time",
    "value": 0
  },
  "damage": 100,
  "enableCdMask": false,
  "enableCdTip": false,
  "FillPosition": "",
  "FillType": "Horizontal",
  "hitEntitySound": {
    "__OBJ_TYPE": "CastSound",
    "loop": false,
    "selfOnly": false,
    "sound": {
      "__OBJ_TYPE": "Resource_Sound",
      "asset": "",
      "selector": ""
    },
    "volume": {
      "__OBJ_TYPE": "Percentage",
      "value": 1
    }
  },
  "hurtDistance": 0.1,
  "isLimit": false,
  "isShowCdPoint": false,
  "isTouch": false,
  "lifeTime": {
    "__OBJ_TYPE": "Time",
    "value": 2
  },
  "maxAttackNumber": 1,
  "missile": "e0285754-cc94-4bad-9dd6-76e95efe5ce1",
  "name": {
    "__OBJ_TYPE": "Text",
    "value": "skill_system_4176a5ce-c728-4ee4-8fa5-d4b3a82f2386"
  },
  "preKillTime": {
    "__OBJ_TYPE": "Time",
    "value": 0
  },
  "skill1": "4176a5ce-c728-4ee4-8fa5-d4b3a82f2386",
  "skill2": "0157cfe1-d74b-40b1-9c17-a7ec8afda7ee",
  "skillIcon": {
    "__OBJ_TYPE": "Resource_SkillTexture",
    "asset": "asset/Texture/Skill/common/icon_火球_nor.png",
    "selector": ""
  },
  "skillIconPos": {
    "__OBJ_TYPE": "SkillIconPos",
    "area_number": 9
  },
  "skillIconPushed": {
    "__OBJ_TYPE": "Resource_SkillTexture",
    "asset": "",
    "selector": ""
  }
}