{
  "additionalData": {
    "local_transform": [
      "1 0 0 0 1 0 0 0 1 4.91738e-07 -0.185505 4.47035e-07",
      "1.5 0 0 0 1 0 0 0 1.5 1.44541e-06 -0.814495 -1.46031e-06"
    ],
    "tillBaseScale": {
      "x": 1.9999997615814,
      "y": 0.99999988079071,
      "z": 1.9999995231628
    }
  },
  "basicShapesData": [
    {
      "class": "Part",
      "properties": {
        "angleVelocity": "x:0 y:0 z:0",
        "batchType": "Static",
        "bloom": "false",
        "booleanOperation": "0",
        "cameraCollideEnable": "true",
        "collisionFidelity": "0",
        "collisionGroup": "1",
        "collisionUniqueKey": "",
        "customColor": "r:1 g:1 b:1 a:1",
        "customThreshold": "1",
        "density": "2.2",
        "friction": "0.37",
        "id": "8759393987633266689",
        "individual": "false",
        "isLockedInEditor": "false",
        "isSelectInEditor": "false",
        "isVisibleInEditor": "true",
        "lineVelocity": "x:0 y:0 z:0",
        "materialAlpha": "1",
        "materialColor": "r:1 g:1 b:1 a:1",
        "materialOffset": "x:1 y:1 z:1",
        "materialTexture": "part_suliao.tga",
        "name": "Part",
        "needSync": "true",
        "networkOwner": "0",
        "originSize": "x:1 y:1 z:1",
        "partNavMeshType": "1",
        "position": "x:24.3474 y:12.2554 z:-34.6349",
        "restitution": "0.3",
        "rotation": "x:-0 y:0 z:0",
        "scale": "x:2 y:1 z:2",
        "selectable": "true",
        "shape": "1",
        "sides": "24",
        "sideStack": "5",
        "sphereDivision": "3",
        "staticBatchNo": "",
        "staticObject": "false",
        "templateInstanceId": "8759393987633266689",
        "unionLastBox": "false",
        "useAnchor": "true",
        "useCollide": "true",
        "useGravity": "true"
      }
    },
    {
      "class": "Part",
      "properties": {
        "angleVelocity": "x:0 y:0 z:0",
        "batchType": "Static",
        "bloom": "false",
        "booleanOperation": "2",
        "cameraCollideEnable": "true",
        "collisionFidelity": "0",
        "collisionGroup": "1",
        "collisionUniqueKey": "",
        "customColor": "r:1 g:0.898039 b:0.321569 a:1",
        "customThreshold": "1",
        "density": "2.2",
        "friction": "0.37",
        "id": "8759393987637149697",
        "individual": "false",
        "isLockedInEditor": "false",
        "isSelectInEditor": "false",
        "isVisibleInEditor": "true",
        "lineVelocity": "x:0 y:0 z:0",
        "materialAlpha": "1",
        "materialColor": "r:1 g:0.898039 b:0.321569 a:1",
        "materialOffset": "x:1 y:1 z:1",
        "materialTexture": "part_suliao.tga",
        "name": "Part",
        "needSync": "true",
        "networkOwner": "0",
        "originSize": "x:1 y:1 z:1",
        "partNavMeshType": "1",
        "position": "x:24.3474 y:11.6265 z:-34.6349",
        "restitution": "0.3",
        "rotation": "x:-0 y:0 z:0",
        "scale": "x:3 y:1 z:3",
        "selectable": "true",
        "shape": "1",
        "sides": "24",
        "sideStack": "5",
        "sphereDivision": "3",
        "staticBatchNo": "",
        "staticObject": "false",
        "templateInstanceId": "8759393987637149697",
        "unionLastBox": "false",
        "useAnchor": "true",
        "useCollide": "true",
        "useGravity": "true"
      }
    }
  ],
  "brushData": {
    "colors": [
      0,
      0,
      0,
      0,
      0,
      0,
      0,
      0,
      0,
      0,
      0,
      0,
      0,
      0,
      0,
      0,
      0,
      0,
      0,
      0,
      0
    ],
    "lightmapUVs": [
      {
        "x": 0.0,
        "y": 0.0
      },
      {
        "x": 0.0,
        "y": 0.0
      },
      {
        "x": 0.0,
        "y": 0.0
      },
      {
        "x": 0.0,
        "y": 0.0
      },
      {
        "x": 0.0,
        "y": 0.0
      },
      {
        "x": 0.0,
        "y": 0.0
      },
      {
        "x": 0.0,
        "y": 0.0
      },
      {
        "x": 0.0,
        "y": 0.0
      },
      {
        "x": 0.0,
        "y": 0.0
      },
      {
        "x": 0.0,
        "y": 0.0
      },
      {
        "x": 0.0,
        "y": 0.0
      },
      {
        "x": 0.0,
        "y": 0.0
      },
      {
        "x": 0.0,
        "y": 0.0
      },
      {
        "x": 0.0,
        "y": 0.0
      },
      {
        "x": 0.0,
        "y": 0.0
      },
      {
        "x": 0.0,
        "y": 0.0
      },
      {
        "x": 0.0,
        "y": 0.0
      },
      {
        "x": 0.0,
        "y": 0.0
      },
      {
        "x": 0.0,
        "y": 0.0
      },
      {
        "x": 0.0,
        "y": 0.0
      },
      {
        "x": 0.0,
        "y": 0.0
      },
      {
        "x": 0.0,
        "y": 0.0
      },
      {
        "x": 0.0,
        "y": 0.0
      },
      {
        "x": 0.0,
        "y": 0.0
      },
      {
        "x": 0.0,
        "y": 0.0
      },
      {
        "x": 0.0,
        "y": 0.0
      },
      {
        "x": 0.0,
        "y": 0.0
      },
      {
        "x": 0.0,
        "y": 0.0
      },
      {
        "x": 0.0,
        "y": 0.0
      },
      {
        "x": 0.0,
        "y": 0.0
      },
      {
        "x": 0.0,
        "y": 0.0
      },
      {
        "x": 0.0,
        "y": 0.0
      },
      {
        "x": 0.0,
        "y": 0.0
      },
      {
        "x": 0.0,
        "y": 0.0
      },
      {
        "x": 0.0,
        "y": 0.0
      },
      {
        "x": 0.0,
        "y": 0.0
      },
      {
        "x": 0.0,
        "y": 0.0
      },
      {
        "x": 0.0,
        "y": 0.0
      },
      {
        "x": 0.0,
        "y": 0.0
      },
      {
        "x": 0.0,
        "y": 0.0
      },
      {
        "x": 0.0,
        "y": 0.0
      },
      {
        "x": 0.0,
        "y": 0.0
      },
      {
        "x": 0.0,
        "y": 0.0
      },
      {
        "x": 0.0,
        "y": 0.0
      },
      {
        "x": 0.0,
        "y": 0.0
      },
      {
        "x": 0.0,
        "y": 0.0
      },
      {
        "x": 0.0,
        "y": 0.0
      },
      {
        "x": 0.0,
        "y": 0.0
      },
      {
        "x": 0.0,
        "y": 0.0
      },
      {
        "x": 0.0,
        "y": 0.0
      },
      {
        "x": 0.0,
        "y": 0.0
      },
      {
        "x": 0.0,
        "y": 0.0
      },
      {
        "x": 0.0,
        "y": 0.0
      },
      {
        "x": 0.0,
        "y": 0.0
      },
      {
        "x": 0.0,
        "y": 0.0
      },
      {
        "x": 0.0,
        "y": 0.0
      },
      {
        "x": 0.0,
        "y": 0.0
      },
      {
        "x": 0.0,
        "y": 0.0
      },
      {
        "x": 0.0,
        "y": 0.0
      },
      {
        "x": 0.0,
        "y": 0.0
      },
      {
        "x": 0.0,
        "y": 0.0
      },
      {
        "x": 0.0,
        "y": 0.0
      },
      {
        "x": 0.0,
        "y": 0.0
      }
    ],
    "uv2s": [
      {
        "x": 0.0,
        "y": 0.62898921966553
      },
      {
        "x": 0.0,
        "y": 0.0
      },
      {
        "x": 0.62898933887482,
        "y": 0.62898921966553
      },
      {
        "x": 0.62898933887482,
        "y": 0.62898921966553
      },
      {
        "x": 0.0,
        "y": 0.0
      },
      {
        "x": 1.0000009536743,
        "y": 0.62898921966553
      },
      {
        "x": 0.0,
        "y": 0.0
      },
      {
        "x": 1.0,
        "y": 0.0
      },
      {
        "x": 1.0000009536743,
        "y": 0.62898921966553
      },
      {
        "x": 0.0,
        "y": 0.62898921966553
      },
      {
        "x": 1.0132789611816e-06,
        "y": 0.0
      },
      {
        "x": 0.62899023294449,
        "y": 0.62898921966553
      },
      {
        "x": 0.62899023294449,
        "y": 0.62898921966553
      },
      {
        "x": 1.0132789611816e-06,
        "y": 0.0
      },
      {
        "x": 1.0000009536743,
        "y": 0.62898921966553
      },
      {
        "x": 1.0132789611816e-06,
        "y": 0.0
      },
      {
        "x": 1.0000009536743,
        "y": 0.0
      },
      {
        "x": 1.0000009536743,
        "y": 0.62898921966553
      },
      {
        "x": 9.5367431640625e-07,
        "y": 0.62898921966553
      },
      {
        "x": 9.5367431640625e-07,
        "y": 0.0
      },
      {
        "x": 0.62899029254913,
        "y": 0.62898921966553
      },
      {
        "x": 0.62899029254913,
        "y": 0.62898921966553
      },
      {
        "x": 9.5367431640625e-07,
        "y": 0.0
      },
      {
        "x": 1.0000009536743,
        "y": 0.62898921966553
      },
      {
        "x": 9.5367431640625e-07,
        "y": 0.0
      },
      {
        "x": 1.0000009536743,
        "y": 0.0
      },
      {
        "x": 1.0000009536743,
        "y": 0.62898921966553
      },
      {
        "x": 0.0,
        "y": 0.62898921966553
      },
      {
        "x": 0.0,
        "y": 0.0
      },
      {
        "x": 0.62898933887482,
        "y": 0.62898921966553
      },
      {
        "x": 0.62898933887482,
        "y": 0.62898921966553
      },
      {
        "x": 0.0,
        "y": 0.0
      },
      {
        "x": 0.99999994039536,
        "y": 0.62898921966553
      },
      {
        "x": 0.0,
        "y": 0.0
      },
      {
        "x": 0.99999994039536,
        "y": 0.0
      },
      {
        "x": 0.99999994039536,
        "y": 0.62898921966553
      },
      {
        "x": 1.0,
        "y": 1.0000009536743
      },
      {
        "x": 0.0,
        "y": 1.0000009536743
      },
      {
        "x": 0.0,
        "y": 1.0132789611816e-06
      },
      {
        "x": 0.0,
        "y": 1.0132789611816e-06
      },
      {
        "x": 1.0,
        "y": 1.0132789611816e-06
      },
      {
        "x": 1.0,
        "y": 1.0000009536743
      },
      {
        "x": 0.0,
        "y": 1.0000009536743
      },
      {
        "x": 0.62898933887482,
        "y": 0.0
      },
      {
        "x": 1.0000009536743,
        "y": 0.0
      },
      {
        "x": 0.0,
        "y": 1.0000009536743
      },
      {
        "x": 0.0,
        "y": 0.89447945356369
      },
      {
        "x": 0.62898933887482,
        "y": 0.0
      },
      {
        "x": 0.0,
        "y": 0.89447945356369
      },
      {
        "x": 0.0,
        "y": 0.37101072072983
      },
      {
        "x": 0.62898933887482,
        "y": 0.0
      },
      {
        "x": 0.62898933887482,
        "y": 0.0
      },
      {
        "x": 0.0,
        "y": 0.37101072072983
      },
      {
        "x": 0.0,
        "y": 0.0
      },
      {
        "x": 1.0,
        "y": 0.62898933887482
      },
      {
        "x": 0.37101066112518,
        "y": 0.99999994039536
      },
      {
        "x": 1.0000009536743,
        "y": 0.0
      },
      {
        "x": 0.37101066112518,
        "y": 0.99999994039536
      },
      {
        "x": 1.0,
        "y": 0.62898933887482
      },
      {
        "x": 1.0,
        "y": 0.99999994039536
      },
      {
        "x": 1.0000009536743,
        "y": 0.0
      },
      {
        "x": 0.37101066112518,
        "y": 0.99999994039536
      },
      {
        "x": 0.0,
        "y": 1.0000009536743
      }
    ],
    "uv3s": [
      {
        "x": 0.0,
        "y": 0.62898916006088
      },
      {
        "x": 0.0,
        "y": 0.0
      },
      {
        "x": 1.2579783201218,
        "y": 0.62898916006088
      },
      {
        "x": 1.2579784393311,
        "y": 0.62898921966553
      },
      {
        "x": 0.0,
        "y": 0.0
      },
      {
        "x": 1.9999997615814,
        "y": 0.62898921966553
      },
      {
        "x": 0.0,
        "y": 0.0
      },
      {
        "x": 1.9999997615814,
        "y": 0.0
      },
      {
        "x": 1.9999997615814,
        "y": 0.62898921966553
      },
      {
        "x": 0.0,
        "y": 0.62898916006088
      },
      {
        "x": 0.0,
        "y": 0.0
      },
      {
        "x": 1.2579783201218,
        "y": 0.62898916006088
      },
      {
        "x": 1.2579784393311,
        "y": 0.62898921966553
      },
      {
        "x": 0.0,
        "y": 0.0
      },
      {
        "x": 1.9999997615814,
        "y": 0.62898921966553
      },
      {
        "x": 0.0,
        "y": 0.0
      },
      {
        "x": 1.9999997615814,
        "y": 0.0
      },
      {
        "x": 1.9999997615814,
        "y": 0.62898921966553
      },
      {
        "x": 0.0,
        "y": 0.62898916006088
      },
      {
        "x": 0.0,
        "y": 0.0
      },
      {
        "x": 1.2579784393311,
        "y": 0.62898921966553
      },
      {
        "x": 1.2579785585403,
        "y": 0.62898927927017
      },
      {
        "x": 0.0,
        "y": 0.0
      },
      {
        "x": 1.9999997615814,
        "y": 0.62898921966553
      },
      {
        "x": 0.0,
        "y": 0.0
      },
      {
        "x": 1.9999997615814,
        "y": 0.0
      },
      {
        "x": 1.9999997615814,
        "y": 0.62898921966553
      },
      {
        "x": 0.0,
        "y": 0.62898916006088
      },
      {
        "x": 0.0,
        "y": 0.0
      },
      {
        "x": 1.2579785585403,
        "y": 0.62898927927017
      },
      {
        "x": 1.2579784393311,
        "y": 0.62898921966553
      },
      {
        "x": 0.0,
        "y": 0.0
      },
      {
        "x": 1.9999997615814,
        "y": 0.62898921966553
      },
      {
        "x": 0.0,
        "y": 0.0
      },
      {
        "x": 1.9999997615814,
        "y": 0.0
      },
      {
        "x": 1.9999997615814,
        "y": 0.62898921966553
      },
      {
        "x": 1.9999997615814,
        "y": 1.9999997615814
      },
      {
        "x": 0.0,
        "y": 1.9999997615814
      },
      {
        "x": 0.0,
        "y": 0.0
      },
      {
        "x": 0.0,
        "y": 0.0
      },
      {
        "x": 1.9999997615814,
        "y": 0.0
      },
      {
        "x": 1.9999997615814,
        "y": 1.9999997615814
      },
      {
        "x": 0.49999693036079,
        "y": 0.49999693036079
      },
      {
        "x": 1.7579742670059,
        "y": 2.4999976158142
      },
      {
        "x": 2.4999966621399,
        "y": 2.4999966621399
      },
      {
        "x": 0.49999693036079,
        "y": 0.49999693036079
      },
      {
        "x": 0.49999585747719,
        "y": 0.71103900671005
      },
      {
        "x": 1.7579742670059,
        "y": 2.4999976158142
      },
      {
        "x": 0.49999585747719,
        "y": 0.71103900671005
      },
      {
        "x": 0.49999603629112,
        "y": 1.7579761743546
      },
      {
        "x": 1.7579742670059,
        "y": 2.4999976158142
      },
      {
        "x": 1.7579742670059,
        "y": 2.4999976158142
      },
      {
        "x": 0.49999603629112,
        "y": 1.7579761743546
      },
      {
        "x": 0.49999612569809,
        "y": 2.4999978542328
      },
      {
        "x": 2.4999964237213,
        "y": 1.2420190572739
      },
      {
        "x": 1.2420183420181,
        "y": 0.49999734759331
      },
      {
        "x": 2.4999969005585,
        "y": 2.4999969005585
      },
      {
        "x": 1.2420183420181,
        "y": 0.49999734759331
      },
      {
        "x": 2.4999964237213,
        "y": 1.2420190572739
      },
      {
        "x": 2.4999964237213,
        "y": 0.49999770522118
      },
      {
        "x": 2.4999969005585,
        "y": 2.4999969005585
      },
      {
        "x": 1.2420183420181,
        "y": 0.49999734759331
      },
      {
        "x": 0.49999710917473,
        "y": 0.49999710917473
      }
    ],
    "uvs": [
      {
        "x": 0.0,
        "y": 1.0
      },
      {
        "x": 0.0,
        "y": 0.0
      },
      {
        "x": 0.62898874282837,
        "y": 1.0
      },
      {
        "x": 0.62898874282837,
        "y": 1.0
      },
      {
        "x": 0.0,
        "y": 0.0
      },
      {
        "x": 1.0,
        "y": 1.0
      },
      {
        "x": 0.0,
        "y": 0.0
      },
      {
        "x": 0.99999910593033,
        "y": 0.0
      },
      {
        "x": 1.0,
        "y": 1.0
      },
      {
        "x": 0.0,
        "y": 1.0
      },
      {
        "x": 1.0132789611816e-06,
        "y": 0.0
      },
      {
        "x": 0.62898963689804,
        "y": 1.0
      },
      {
        "x": 0.62898963689804,
        "y": 1.0
      },
      {
        "x": 1.0132789611816e-06,
        "y": 0.0
      },
      {
        "x": 1.0,
        "y": 1.0
      },
      {
        "x": 1.0132789611816e-06,
        "y": 0.0
      },
      {
        "x": 1.0,
        "y": 0.0
      },
      {
        "x": 1.0,
        "y": 1.0
      },
      {
        "x": 9.5367431640625e-07,
        "y": 1.0
      },
      {
        "x": 9.5367431640625e-07,
        "y": 0.0
      },
      {
        "x": 0.62898969650269,
        "y": 1.0
      },
      {
        "x": 0.62898969650269,
        "y": 1.0
      },
      {
        "x": 9.5367431640625e-07,
        "y": 0.0
      },
      {
        "x": 1.0,
        "y": 1.0
      },
      {
        "x": 9.5367431640625e-07,
        "y": 0.0
      },
      {
        "x": 1.0,
        "y": 0.0
      },
      {
        "x": 1.0,
        "y": 1.0
      },
      {
        "x": 0.0,
        "y": 1.0
      },
      {
        "x": 0.0,
        "y": 0.0
      },
      {
        "x": 0.62898874282837,
        "y": 1.0
      },
      {
        "x": 0.62898874282837,
        "y": 1.0
      },
      {
        "x": 0.0,
        "y": 0.0
      },
      {
        "x": 0.99999898672104,
        "y": 1.0
      },
      {
        "x": 0.0,
        "y": 0.0
      },
      {
        "x": 0.99999898672104,
        "y": 0.0
      },
      {
        "x": 0.99999898672104,
        "y": 1.0
      },
      {
        "x": 0.99999910593033,
        "y": 1.0
      },
      {
        "x": 0.0,
        "y": 1.0
      },
      {
        "x": 0.0,
        "y": 1.0132789611816e-06
      },
      {
        "x": 0.0,
        "y": 1.0132789611816e-06
      },
      {
        "x": 0.99999910593033,
        "y": 1.0132789611816e-06
      },
      {
        "x": 0.99999910593033,
        "y": 1.0
      },
      {
        "x": 0.0,
        "y": 1.0
      },
      {
        "x": 0.62898874282837,
        "y": 0.0
      },
      {
        "x": 1.0,
        "y": 0.0
      },
      {
        "x": 0.0,
        "y": 1.0
      },
      {
        "x": 0.0,
        "y": 0.89447861909866
      },
      {
        "x": 0.62898874282837,
        "y": 0.0
      },
      {
        "x": 0.0,
        "y": 0.89447861909866
      },
      {
        "x": 0.0,
        "y": 0.37101036310196
      },
      {
        "x": 0.62898874282837,
        "y": 0.0
      },
      {
        "x": 0.62898874282837,
        "y": 0.0
      },
      {
        "x": 0.0,
        "y": 0.37101036310196
      },
      {
        "x": 0.0,
        "y": 0.0
      },
      {
        "x": 0.99999910593033,
        "y": 0.62898874282837
      },
      {
        "x": 0.37101030349731,
        "y": 0.99999898672104
      },
      {
        "x": 1.0,
        "y": 0.0
      },
      {
        "x": 0.37101030349731,
        "y": 0.99999898672104
      },
      {
        "x": 0.99999910593033,
        "y": 0.62898874282837
      },
      {
        "x": 0.99999910593033,
        "y": 0.99999898672104
      },
      {
        "x": 1.0,
        "y": 0.0
      },
      {
        "x": 0.37101030349731,
        "y": 0.99999898672104
      },
      {
        "x": 0.0,
        "y": 1.0
      }
    ],
    "vertices": [
      {
        "x": 0.50000047683716,
        "y": -0.31449460983276,
        "z": 0.50000047683716
      },
      {
        "x": 0.50000047683716,
        "y": 0.31449460983276,
        "z": 0.50000047683716
      },
      {
        "x": 0.50000047683716,
        "y": -0.31449460983276,
        "z": -0.12898883223534
      },
      {
        "x": 0.50000047683716,
        "y": -0.31449460983276,
        "z": -0.12898883223534
      },
      {
        "x": 0.50000047683716,
        "y": 0.31449460983276,
        "z": 0.50000047683716
      },
      {
        "x": 0.50000047683716,
        "y": -0.31449460983276,
        "z": -0.50000047683716
      },
      {
        "x": 0.50000047683716,
        "y": 0.31449460983276,
        "z": 0.50000047683716
      },
      {
        "x": 0.50000047683716,
        "y": 0.31449460983276,
        "z": -0.49999955296516
      },
      {
        "x": 0.50000047683716,
        "y": -0.31449460983276,
        "z": -0.50000047683716
      },
      {
        "x": -0.50000047683716,
        "y": -0.31449460983276,
        "z": 0.50000047683716
      },
      {
        "x": -0.4999994635582,
        "y": 0.31449460983276,
        "z": 0.50000047683716
      },
      {
        "x": 0.12898977100849,
        "y": -0.31449460983276,
        "z": 0.50000047683716
      },
      {
        "x": 0.12898977100849,
        "y": -0.31449460983276,
        "z": 0.50000047683716
      },
      {
        "x": -0.4999994635582,
        "y": 0.31449460983276,
        "z": 0.50000047683716
      },
      {
        "x": 0.50000047683716,
        "y": -0.31449460983276,
        "z": 0.50000047683716
      },
      {
        "x": -0.4999994635582,
        "y": 0.31449460983276,
        "z": 0.50000047683716
      },
      {
        "x": 0.50000047683716,
        "y": 0.31449460983276,
        "z": 0.50000047683716
      },
      {
        "x": 0.50000047683716,
        "y": -0.31449460983276,
        "z": 0.50000047683716
      },
      {
        "x": -0.4999994635582,
        "y": -0.31449460983276,
        "z": -0.49999955296516
      },
      {
        "x": -0.4999994635582,
        "y": 0.31449460983276,
        "z": -0.49999955296516
      },
      {
        "x": -0.4999994635582,
        "y": -0.31449460983276,
        "z": 0.12898978590965
      },
      {
        "x": -0.4999994635582,
        "y": -0.31449460983276,
        "z": 0.12898978590965
      },
      {
        "x": -0.4999994635582,
        "y": 0.31449460983276,
        "z": -0.49999955296516
      },
      {
        "x": -0.50000047683716,
        "y": -0.31449460983276,
        "z": 0.50000047683716
      },
      {
        "x": -0.4999994635582,
        "y": 0.31449460983276,
        "z": -0.49999955296516
      },
      {
        "x": -0.4999994635582,
        "y": 0.31449460983276,
        "z": 0.50000047683716
      },
      {
        "x": -0.50000047683716,
        "y": -0.31449460983276,
        "z": 0.50000047683716
      },
      {
        "x": 0.50000047683716,
        "y": -0.31449460983276,
        "z": -0.50000047683716
      },
      {
        "x": 0.50000047683716,
        "y": 0.31449460983276,
        "z": -0.49999955296516
      },
      {
        "x": -0.1289888471365,
        "y": -0.31449460983276,
        "z": -0.49999955296516
      },
      {
        "x": -0.1289888471365,
        "y": -0.31449460983276,
        "z": -0.49999955296516
      },
      {
        "x": 0.50000047683716,
        "y": 0.31449460983276,
        "z": -0.49999955296516
      },
      {
        "x": -0.4999994635582,
        "y": -0.31449460983276,
        "z": -0.49999955296516
      },
      {
        "x": 0.50000047683716,
        "y": 0.31449460983276,
        "z": -0.49999955296516
      },
      {
        "x": -0.4999994635582,
        "y": 0.31449460983276,
        "z": -0.49999955296516
      },
      {
        "x": -0.4999994635582,
        "y": -0.31449460983276,
        "z": -0.49999955296516
      },
      {
        "x": 0.50000047683716,
        "y": 0.31449460983276,
        "z": -0.49999955296516
      },
      {
        "x": 0.50000047683716,
        "y": 0.31449460983276,
        "z": 0.50000047683716
      },
      {
        "x": -0.4999994635582,
        "y": 0.31449460983276,
        "z": 0.50000047683716
      },
      {
        "x": -0.4999994635582,
        "y": 0.31449460983276,
        "z": 0.50000047683716
      },
      {
        "x": -0.4999994635582,
        "y": 0.31449460983276,
        "z": -0.49999955296516
      },
      {
        "x": 0.50000047683716,
        "y": 0.31449460983276,
        "z": -0.49999955296516
      },
      {
        "x": -0.50000047683716,
        "y": -0.31449460983276,
        "z": 0.50000047683716
      },
      {
        "x": 0.50000047683716,
        "y": -0.31449460983276,
        "z": -0.12898883223534
      },
      {
        "x": 0.50000047683716,
        "y": -0.31449460983276,
        "z": -0.50000047683716
      },
      {
        "x": -0.50000047683716,
        "y": -0.31449460983276,
        "z": 0.50000047683716
      },
      {
        "x": -0.39447897672653,
        "y": -0.31449460983276,
        "z": 0.50000047683716
      },
      {
        "x": 0.50000047683716,
        "y": -0.31449460983276,
        "z": -0.12898883223534
      },
      {
        "x": -0.39447897672653,
        "y": -0.31449460983276,
        "z": 0.50000047683716
      },
      {
        "x": 0.12898977100849,
        "y": -0.31449460983276,
        "z": 0.50000047683716
      },
      {
        "x": 0.50000047683716,
        "y": -0.31449460983276,
        "z": -0.12898883223534
      },
      {
        "x": 0.50000047683716,
        "y": -0.31449460983276,
        "z": -0.12898883223534
      },
      {
        "x": 0.12898977100849,
        "y": -0.31449460983276,
        "z": 0.50000047683716
      },
      {
        "x": 0.50000047683716,
        "y": -0.31449460983276,
        "z": 0.50000047683716
      },
      {
        "x": -0.1289888471365,
        "y": -0.31449460983276,
        "z": -0.49999955296516
      },
      {
        "x": -0.4999994635582,
        "y": -0.31449460983276,
        "z": 0.12898978590965
      },
      {
        "x": 0.50000047683716,
        "y": -0.31449460983276,
        "z": -0.50000047683716
      },
      {
        "x": -0.4999994635582,
        "y": -0.31449460983276,
        "z": 0.12898978590965
      },
      {
        "x": -0.1289888471365,
        "y": -0.31449460983276,
        "z": -0.49999955296516
      },
      {
        "x": -0.4999994635582,
        "y": -0.31449460983276,
        "z": -0.49999955296516
      },
      {
        "x": 0.50000047683716,
        "y": -0.31449460983276,
        "z": -0.50000047683716
      },
      {
        "x": -0.4999994635582,
        "y": -0.31449460983276,
        "z": 0.12898978590965
      },
      {
        "x": -0.50000047683716,
        "y": -0.31449460983276,
        "z": 0.50000047683716
      }
    ]
  }
}