{
  "additionalData": {
    "local_transform": [
      "1 0 0 0 1 0 0 0 1 0 0 0",
      "0.5 0 0 0 2 0 0 0 0.5 1.90735e-06 0.841498 -1.90735e-06"
    ],
    "tillBaseScale": {
      "x": 1.9999997615814,
      "y": 0.99999988079071,
      "z": 1.9999995231628
    }
  },
  "basicShapesData": [
    {
      "class": "PartOperation",
      "properties": {
        "angleVelocity": "x:0 y:0 z:0",
        "batchType": "Static",
        "bloom": "false",
        "booleanOperation": "0",
        "cameraCollideEnable": "true",
        "collisionFidelity": "0",
        "collisionGroup": "1",
        "collisionUniqueKey": "8759392369367941121",
        "customColor": "r:1 g:1 b:1 a:1",
        "customThreshold": "1",
        "density": "2.2",
        "friction": "0.37",
        "id": "8759393987632300033",
        "individual": "false",
        "isLockedInEditor": "false",
        "isSelectInEditor": "false",
        "isVisibleInEditor": "true",
        "lineVelocity": "x:0 y:0 z:0",
        "materialAlpha": "1",
        "materialColor": "r:1 g:1 b:1 a:1",
        "materialOffset": "x:1 y:1 z:1",
        "materialTexture": "part_suliao.tga",
        "mergeShapesDataKey": "8759392369136500737",
        "name": "Union",
        "needSync": "true",
        "networkOwner": "0",
        "originSize": "x:1 y:0.628989 z:1",
        "partNavMeshType": "1",
        "position": "x:24.3474 y:12.441 z:-34.6349",
        "restitution": "0.3",
        "rotation": "x:-0 y:0 z:0",
        "scale": "x:2 y:1 z:2",
        "selectable": "true",
        "staticBatchNo": "",
        "staticObject": "false",
        "templateInstanceId": "8759393987632300033",
        "unionLastBox": "false",
        "useAnchor": "true",
        "useCollide": "true",
        "useGravity": "true"
      }
    },
    {
      "class": "Part",
      "properties": {
        "angleVelocity": "x:0 y:0 z:0",
        "batchType": "Static",
        "bloom": "false",
        "booleanOperation": "2",
        "cameraCollideEnable": "true",
        "collisionFidelity": "0",
        "collisionGroup": "1",
        "collisionUniqueKey": "",
        "customColor": "r:1 g:1 b:1 a:1",
        "customThreshold": "1",
        "density": "2.2",
        "friction": "0.37",
        "id": "8759393987642982401",
        "individual": "false",
        "isLockedInEditor": "false",
        "isSelectInEditor": "false",
        "isVisibleInEditor": "true",
        "lineVelocity": "x:0 y:0 z:0",
        "materialAlpha": "1",
        "materialColor": "r:1 g:1 b:1 a:1",
        "materialOffset": "x:1 y:1 z:1",
        "materialTexture": "part_suliao.tga",
        "name": "Part",
        "needSync": "true",
        "networkOwner": "0",
        "originSize": "x:1 y:1 z:1",
        "partNavMeshType": "1",
        "position": "x:24.3474 y:13.2824 z:-34.6349",
        "restitution": "0.3",
        "rotation": "x:-0 y:0 z:0",
        "scale": "x:1 y:2 z:1",
        "selectable": "true",
        "shape": "1",
        "sides": "24",
        "sideStack": "5",
        "sphereDivision": "3",
        "staticBatchNo": "",
        "staticObject": "false",
        "templateInstanceId": "8759393987642982401",
        "unionLastBox": "false",
        "useAnchor": "true",
        "useCollide": "true",
        "useGravity": "true"
      }
    }
  ],
  "brushData": {
    "colors": [
      0,
      0,
      0,
      0,
      0,
      0,
      0,
      0,
      0,
      0,
      0,
      0,
      0,
      0,
      0,
      0,
      0,
      0,
      0,
      0,
      0,
      0,
      0,
      0,
      0,
      0,
      0,
      0,
      0,
      0,
      0,
      0,
      0,
      0,
      0,
      0,
      0,
      0,
      0,
      0,
      0,
      0,
      0,
      0,
      0,
      0
    ],
    "lightmapUVs": [
      {
        "x": 0.0,
        "y": 0.0
      },
      {
        "x": 0.0,
        "y": 0.0
      },
      {
        "x": 0.0,
        "y": 0.0
      },
      {
        "x": 0.0,
        "y": 0.0
      },
      {
        "x": 0.0,
        "y": 0.0
      },
      {
        "x": 0.0,
        "y": 0.0
      },
      {
        "x": 0.0,
        "y": 0.0
      },
      {
        "x": 0.0,
        "y": 0.0
      },
      {
        "x": 0.0,
        "y": 0.0
      },
      {
        "x": 0.0,
        "y": 0.0
      },
      {
        "x": 0.0,
        "y": 0.0
      },
      {
        "x": 0.0,
        "y": 0.0
      },
      {
        "x": 0.0,
        "y": 0.0
      },
      {
        "x": 0.0,
        "y": 0.0
      },
      {
        "x": 0.0,
        "y": 0.0
      },
      {
        "x": 0.0,
        "y": 0.0
      },
      {
        "x": 0.0,
        "y": 0.0
      },
      {
        "x": 0.0,
        "y": 0.0
      },
      {
        "x": 0.0,
        "y": 0.0
      },
      {
        "x": 0.0,
        "y": 0.0
      },
      {
        "x": 0.0,
        "y": 0.0
      },
      {
        "x": 0.0,
        "y": 0.0
      },
      {
        "x": 0.0,
        "y": 0.0
      },
      {
        "x": 0.0,
        "y": 0.0
      },
      {
        "x": 0.0,
        "y": 0.0
      },
      {
        "x": 0.0,
        "y": 0.0
      },
      {
        "x": 0.0,
        "y": 0.0
      },
      {
        "x": 0.0,
        "y": 0.0
      },
      {
        "x": 0.0,
        "y": 0.0
      },
      {
        "x": 0.0,
        "y": 0.0
      },
      {
        "x": 0.0,
        "y": 0.0
      },
      {
        "x": 0.0,
        "y": 0.0
      },
      {
        "x": 0.0,
        "y": 0.0
      },
      {
        "x": 0.0,
        "y": 0.0
      },
      {
        "x": 0.0,
        "y": 0.0
      },
      {
        "x": 0.0,
        "y": 0.0
      },
      {
        "x": 0.0,
        "y": 0.0
      },
      {
        "x": 0.0,
        "y": 0.0
      },
      {
        "x": 0.0,
        "y": 0.0
      },
      {
        "x": 0.0,
        "y": 0.0
      },
      {
        "x": 0.0,
        "y": 0.0
      },
      {
        "x": 0.0,
        "y": 0.0
      },
      {
        "x": 0.0,
        "y": 0.0
      },
      {
        "x": 0.0,
        "y": 0.0
      },
      {
        "x": 0.0,
        "y": 0.0
      },
      {
        "x": 0.0,
        "y": 0.0
      },
      {
        "x": 0.0,
        "y": 0.0
      },
      {
        "x": 0.0,
        "y": 0.0
      },
      {
        "x": 0.0,
        "y": 0.0
      },
      {
        "x": 0.0,
        "y": 0.0
      },
      {
        "x": 0.0,
        "y": 0.0
      },
      {
        "x": 0.0,
        "y": 0.0
      },
      {
        "x": 0.0,
        "y": 0.0
      },
      {
        "x": 0.0,
        "y": 0.0
      },
      {
        "x": 0.0,
        "y": 0.0
      },
      {
        "x": 0.0,
        "y": 0.0
      },
      {
        "x": 0.0,
        "y": 0.0
      },
      {
        "x": 0.0,
        "y": 0.0
      },
      {
        "x": 0.0,
        "y": 0.0
      },
      {
        "x": 0.0,
        "y": 0.0
      },
      {
        "x": 0.0,
        "y": 0.0
      },
      {
        "x": 0.0,
        "y": 0.0
      },
      {
        "x": 0.0,
        "y": 0.0
      },
      {
        "x": 0.0,
        "y": 0.0
      },
      {
        "x": 0.0,
        "y": 0.0
      },
      {
        "x": 0.0,
        "y": 0.0
      },
      {
        "x": 0.0,
        "y": 0.0
      },
      {
        "x": 0.0,
        "y": 0.0
      },
      {
        "x": 0.0,
        "y": 0.0
      },
      {
        "x": 0.0,
        "y": 0.0
      },
      {
        "x": 0.0,
        "y": 0.0
      },
      {
        "x": 0.0,
        "y": 0.0
      },
      {
        "x": 0.0,
        "y": 0.0
      },
      {
        "x": 0.0,
        "y": 0.0
      },
      {
        "x": 0.0,
        "y": 0.0
      },
      {
        "x": 0.0,
        "y": 0.0
      },
      {
        "x": 0.0,
        "y": 0.0
      },
      {
        "x": 0.0,
        "y": 0.0
      },
      {
        "x": 0.0,
        "y": 0.0
      },
      {
        "x": 0.0,
        "y": 0.0
      },
      {
        "x": 0.0,
        "y": 0.0
      },
      {
        "x": 0.0,
        "y": 0.0
      },
      {
        "x": 0.0,
        "y": 0.0
      },
      {
        "x": 0.0,
        "y": 0.0
      },
      {
        "x": 0.0,
        "y": 0.0
      },
      {
        "x": 0.0,
        "y": 0.0
      },
      {
        "x": 0.0,
        "y": 0.0
      },
      {
        "x": 0.0,
        "y": 0.0
      },
      {
        "x": 0.0,
        "y": 0.0
      },
      {
        "x": 0.0,
        "y": 0.0
      },
      {
        "x": 0.0,
        "y": 0.0
      },
      {
        "x": 0.0,
        "y": 0.0
      },
      {
        "x": 0.0,
        "y": 0.0
      },
      {
        "x": 0.0,
        "y": 0.0
      },
      {
        "x": 0.0,
        "y": 0.0
      },
      {
        "x": 0.0,
        "y": 0.0
      },
      {
        "x": 0.0,
        "y": 0.0
      },
      {
        "x": 0.0,
        "y": 0.0
      },
      {
        "x": 0.0,
        "y": 0.0
      },
      {
        "x": 0.0,
        "y": 0.0
      },
      {
        "x": 0.0,
        "y": 0.0
      },
      {
        "x": 0.0,
        "y": 0.0
      },
      {
        "x": 0.0,
        "y": 0.0
      },
      {
        "x": 0.0,
        "y": 0.0
      },
      {
        "x": 0.0,
        "y": 0.0
      },
      {
        "x": 0.0,
        "y": 0.0
      },
      {
        "x": 0.0,
        "y": 0.0
      },
      {
        "x": 0.0,
        "y": 0.0
      },
      {
        "x": 0.0,
        "y": 0.0
      },
      {
        "x": 0.0,
        "y": 0.0
      },
      {
        "x": 0.0,
        "y": 0.0
      },
      {
        "x": 0.0,
        "y": 0.0
      },
      {
        "x": 0.0,
        "y": 0.0
      },
      {
        "x": 0.0,
        "y": 0.0
      },
      {
        "x": 0.0,
        "y": 0.0
      },
      {
        "x": 0.0,
        "y": 0.0
      },
      {
        "x": 0.0,
        "y": 0.0
      },
      {
        "x": 0.0,
        "y": 0.0
      },
      {
        "x": 0.0,
        "y": 0.0
      },
      {
        "x": 0.0,
        "y": 0.0
      },
      {
        "x": 0.0,
        "y": 0.0
      },
      {
        "x": 0.0,
        "y": 0.0
      },
      {
        "x": 0.0,
        "y": 0.0
      },
      {
        "x": 0.0,
        "y": 0.0
      },
      {
        "x": 0.0,
        "y": 0.0
      },
      {
        "x": 0.0,
        "y": 0.0
      },
      {
        "x": 0.0,
        "y": 0.0
      },
      {
        "x": 0.0,
        "y": 0.0
      },
      {
        "x": 0.0,
        "y": 0.0
      },
      {
        "x": 0.0,
        "y": 0.0
      },
      {
        "x": 0.0,
        "y": 0.0
      },
      {
        "x": 0.0,
        "y": 0.0
      },
      {
        "x": 0.0,
        "y": 0.0
      },
      {
        "x": 0.0,
        "y": 0.0
      },
      {
        "x": 0.0,
        "y": 0.0
      },
      {
        "x": 0.0,
        "y": 0.0
      },
      {
        "x": 0.0,
        "y": 0.0
      },
      {
        "x": 0.0,
        "y": 0.0
      }
    ],
    "uv2s": [
      {
        "x": 0.0,
        "y": 0.62898916006088
      },
      {
        "x": 0.0,
        "y": 0.0
      },
      {
        "x": 0.62898933887482,
        "y": 0.62898916006088
      },
      {
        "x": 0.62898933887482,
        "y": 0.62898916006088
      },
      {
        "x": 0.0,
        "y": 0.0
      },
      {
        "x": 1.0000009536743,
        "y": 0.62898916006088
      },
      {
        "x": 0.0,
        "y": 0.0
      },
      {
        "x": 1.0,
        "y": 0.0
      },
      {
        "x": 1.0000009536743,
        "y": 0.62898916006088
      },
      {
        "x": 0.0,
        "y": 0.62898916006088
      },
      {
        "x": 9.5367431640625e-07,
        "y": 0.0
      },
      {
        "x": 0.62899017333984,
        "y": 0.62898916006088
      },
      {
        "x": 0.62899017333984,
        "y": 0.62898916006088
      },
      {
        "x": 9.5367431640625e-07,
        "y": 0.0
      },
      {
        "x": 1.000000834465,
        "y": 0.62898916006088
      },
      {
        "x": 9.5367431640625e-07,
        "y": 0.0
      },
      {
        "x": 1.000000834465,
        "y": 0.0
      },
      {
        "x": 1.000000834465,
        "y": 0.62898916006088
      },
      {
        "x": 9.5367431640625e-07,
        "y": 0.62898916006088
      },
      {
        "x": 9.5367431640625e-07,
        "y": 0.0
      },
      {
        "x": 0.62899029254913,
        "y": 0.62898916006088
      },
      {
        "x": 0.62899029254913,
        "y": 0.62898916006088
      },
      {
        "x": 9.5367431640625e-07,
        "y": 0.0
      },
      {
        "x": 1.0000009536743,
        "y": 0.62898916006088
      },
      {
        "x": 9.5367431640625e-07,
        "y": 0.0
      },
      {
        "x": 1.0000009536743,
        "y": 0.0
      },
      {
        "x": 1.0000009536743,
        "y": 0.62898916006088
      },
      {
        "x": 0.0,
        "y": 0.62898916006088
      },
      {
        "x": 0.0,
        "y": 0.0
      },
      {
        "x": 0.62898921966553,
        "y": 0.62898916006088
      },
      {
        "x": 0.62898921966553,
        "y": 0.62898916006088
      },
      {
        "x": 0.0,
        "y": 0.0
      },
      {
        "x": 0.99999988079071,
        "y": 0.62898916006088
      },
      {
        "x": 0.0,
        "y": 0.0
      },
      {
        "x": 0.99999988079071,
        "y": 0.0
      },
      {
        "x": 0.99999988079071,
        "y": 0.62898916006088
      },
      {
        "x": 1.0,
        "y": 1.000000834465
      },
      {
        "x": 0.0,
        "y": 1.000000834465
      },
      {
        "x": 0.25000238418579,
        "y": 0.75000232458115
      },
      {
        "x": 0.0,
        "y": 1.000000834465
      },
      {
        "x": 0.0,
        "y": 9.5367431640625e-07
      },
      {
        "x": 0.25000238418579,
        "y": 0.75000232458115
      },
      {
        "x": 0.75000238418579,
        "y": 0.75000232458115
      },
      {
        "x": 1.0,
        "y": 1.000000834465
      },
      {
        "x": 0.63175332546234,
        "y": 0.75000232458115
      },
      {
        "x": 0.25000238418579,
        "y": 0.2967973947525
      },
      {
        "x": 0.0,
        "y": 9.5367431640625e-07
      },
      {
        "x": 0.25000238418579,
        "y": 0.25000232458115
      },
      {
        "x": 1.0,
        "y": 1.000000834465
      },
      {
        "x": 0.25000238418579,
        "y": 0.75000232458115
      },
      {
        "x": 0.63175332546234,
        "y": 0.75000232458115
      },
      {
        "x": 0.25000238418579,
        "y": 0.75000232458115
      },
      {
        "x": 0.0,
        "y": 9.5367431640625e-07
      },
      {
        "x": 0.25000238418579,
        "y": 0.6317532658577
      },
      {
        "x": 0.25000238418579,
        "y": 0.6317532658577
      },
      {
        "x": 0.0,
        "y": 9.5367431640625e-07
      },
      {
        "x": 0.25000238418579,
        "y": 0.2967973947525
      },
      {
        "x": 0.25000238418579,
        "y": 0.25000232458115
      },
      {
        "x": 0.0,
        "y": 9.5367431640625e-07
      },
      {
        "x": 1.0,
        "y": 9.5367431640625e-07
      },
      {
        "x": 1.0,
        "y": 9.5367431640625e-07
      },
      {
        "x": 1.0,
        "y": 1.000000834465
      },
      {
        "x": 0.75000238418579,
        "y": 0.75000232458115
      },
      {
        "x": 0.75000238418579,
        "y": 0.3682513833046
      },
      {
        "x": 0.75000238418579,
        "y": 0.25000238418579
      },
      {
        "x": 1.0,
        "y": 9.5367431640625e-07
      },
      {
        "x": 1.0,
        "y": 9.5367431640625e-07
      },
      {
        "x": 0.75000238418579,
        "y": 0.75000232458115
      },
      {
        "x": 0.75000238418579,
        "y": 0.3682513833046
      },
      {
        "x": 0.36825144290924,
        "y": 0.25000238418579
      },
      {
        "x": 0.25000238418579,
        "y": 0.25000232458115
      },
      {
        "x": 1.0,
        "y": 9.5367431640625e-07
      },
      {
        "x": 1.0,
        "y": 9.5367431640625e-07
      },
      {
        "x": 0.75000238418579,
        "y": 0.25000238418579
      },
      {
        "x": 0.36825144290924,
        "y": 0.25000238418579
      },
      {
        "x": 0.0,
        "y": 1.000000834465
      },
      {
        "x": 0.62898933887482,
        "y": 0.0
      },
      {
        "x": 1.0000009536743,
        "y": 0.0
      },
      {
        "x": 0.0,
        "y": 1.000000834465
      },
      {
        "x": 0.0,
        "y": 0.89447939395905
      },
      {
        "x": 0.62898933887482,
        "y": 0.0
      },
      {
        "x": 0.0,
        "y": 0.89447939395905
      },
      {
        "x": 0.0,
        "y": 0.37101066112518
      },
      {
        "x": 0.62898933887482,
        "y": 0.0
      },
      {
        "x": 0.62898933887482,
        "y": 0.0
      },
      {
        "x": 0.0,
        "y": 0.37101066112518
      },
      {
        "x": 0.0,
        "y": 0.0
      },
      {
        "x": 1.0,
        "y": 0.62898921966553
      },
      {
        "x": 0.37101066112518,
        "y": 0.99999988079071
      },
      {
        "x": 1.0000009536743,
        "y": 0.0
      },
      {
        "x": 0.37101066112518,
        "y": 0.99999988079071
      },
      {
        "x": 1.0,
        "y": 0.62898921966553
      },
      {
        "x": 1.0,
        "y": 0.99999988079071
      },
      {
        "x": 1.0000009536743,
        "y": 0.0
      },
      {
        "x": 0.37101066112518,
        "y": 0.99999988079071
      },
      {
        "x": 0.0,
        "y": 1.000000834465
      },
      {
        "x": 0.36824762821198,
        "y": 0.0
      },
      {
        "x": 0.74999856948853,
        "y": 0.0
      },
      {
        "x": 0.24999856948853,
        "y": 0.47299614548683
      },
      {
        "x": 0.24999856948853,
        "y": 0.47299614548683
      },
      {
        "x": 0.74999856948853,
        "y": 0.0
      },
      {
        "x": 0.74999856948853,
        "y": 0.47299614548683
      },
      {
        "x": 0.24999856948853,
        "y": 0.0
      },
      {
        "x": 0.36824762821198,
        "y": 0.0
      },
      {
        "x": 0.24999856948853,
        "y": 0.47299614548683
      },
      {
        "x": 0.36824756860733,
        "y": 0.0
      },
      {
        "x": 0.74999850988388,
        "y": 0.0
      },
      {
        "x": 0.24999850988388,
        "y": 0.47299614548683
      },
      {
        "x": 0.24999850988388,
        "y": 0.47299614548683
      },
      {
        "x": 0.74999850988388,
        "y": 0.0
      },
      {
        "x": 0.74999850988388,
        "y": 0.47299614548683
      },
      {
        "x": 0.24999850988388,
        "y": 0.0
      },
      {
        "x": 0.36824756860733,
        "y": 0.0
      },
      {
        "x": 0.24999850988388,
        "y": 0.47299614548683
      },
      {
        "x": 0.36825144290924,
        "y": 0.0
      },
      {
        "x": 0.75000238418579,
        "y": 0.0
      },
      {
        "x": 0.25000238418579,
        "y": 0.47299614548683
      },
      {
        "x": 0.25000238418579,
        "y": 0.47299614548683
      },
      {
        "x": 0.75000238418579,
        "y": 0.0
      },
      {
        "x": 0.75000238418579,
        "y": 0.47299614548683
      },
      {
        "x": 0.25000238418579,
        "y": 0.0
      },
      {
        "x": 0.36825144290924,
        "y": 0.0
      },
      {
        "x": 0.25000238418579,
        "y": 0.47299614548683
      },
      {
        "x": 0.3682513833046,
        "y": 0.0
      },
      {
        "x": 0.75000232458115,
        "y": 0.0
      },
      {
        "x": 0.25000232458115,
        "y": 0.47299614548683
      },
      {
        "x": 0.25000232458115,
        "y": 0.47299614548683
      },
      {
        "x": 0.75000232458115,
        "y": 0.0
      },
      {
        "x": 0.75000232458115,
        "y": 0.47299614548683
      },
      {
        "x": 0.25000238418579,
        "y": 0.0
      },
      {
        "x": 0.3682513833046,
        "y": 0.0
      },
      {
        "x": 0.25000232458115,
        "y": 0.47299614548683
      },
      {
        "x": 0.25000238418579,
        "y": 0.75000232458115
      },
      {
        "x": 0.75000238418579,
        "y": 0.25000232458115
      },
      {
        "x": 0.75000238418579,
        "y": 0.75000232458115
      },
      {
        "x": 0.75000238418579,
        "y": 0.25000232458115
      },
      {
        "x": 0.25000238418579,
        "y": 0.75000232458115
      },
      {
        "x": 0.25000238418579,
        "y": 0.25000232458115
      }
    ],
    "uv3s": [
      {
        "x": 0.0,
        "y": 0.99999988079071
      },
      {
        "x": 0.0,
        "y": 0.0
      },
      {
        "x": 1.2579773664474,
        "y": 0.99999988079071
      },
      {
        "x": 1.2579773664474,
        "y": 0.99999988079071
      },
      {
        "x": 0.0,
        "y": 0.0
      },
      {
        "x": 1.9999997615814,
        "y": 0.99999988079071
      },
      {
        "x": 0.0,
        "y": 0.0
      },
      {
        "x": 1.9999979734421,
        "y": 0.0
      },
      {
        "x": 1.9999997615814,
        "y": 0.99999988079071
      },
      {
        "x": 0.0,
        "y": 0.99999988079071
      },
      {
        "x": 2.0265576949896e-06,
        "y": 0.0
      },
      {
        "x": 1.2579791545868,
        "y": 0.99999988079071
      },
      {
        "x": 1.2579791545868,
        "y": 0.99999988079071
      },
      {
        "x": 2.0265576949896e-06,
        "y": 0.0
      },
      {
        "x": 1.9999997615814,
        "y": 0.99999988079071
      },
      {
        "x": 2.0265576949896e-06,
        "y": 0.0
      },
      {
        "x": 1.9999997615814,
        "y": 0.0
      },
      {
        "x": 1.9999997615814,
        "y": 0.99999988079071
      },
      {
        "x": 1.9073484054388e-06,
        "y": 0.99999988079071
      },
      {
        "x": 1.9073484054388e-06,
        "y": 0.0
      },
      {
        "x": 1.2579792737961,
        "y": 0.99999988079071
      },
      {
        "x": 1.2579792737961,
        "y": 0.99999988079071
      },
      {
        "x": 1.9073484054388e-06,
        "y": 0.0
      },
      {
        "x": 1.9999997615814,
        "y": 0.99999988079071
      },
      {
        "x": 1.9073484054388e-06,
        "y": 0.0
      },
      {
        "x": 1.9999997615814,
        "y": 0.0
      },
      {
        "x": 1.9999997615814,
        "y": 0.99999988079071
      },
      {
        "x": 0.0,
        "y": 0.99999988079071
      },
      {
        "x": 0.0,
        "y": 0.0
      },
      {
        "x": 1.2579773664474,
        "y": 0.99999988079071
      },
      {
        "x": 1.2579773664474,
        "y": 0.99999988079071
      },
      {
        "x": 0.0,
        "y": 0.0
      },
      {
        "x": 1.9999977350235,
        "y": 0.99999988079071
      },
      {
        "x": 0.0,
        "y": 0.0
      },
      {
        "x": 1.9999977350235,
        "y": 0.0
      },
      {
        "x": 1.9999977350235,
        "y": 0.99999988079071
      },
      {
        "x": 1.9999979734421,
        "y": 1.9999997615814
      },
      {
        "x": 0.0,
        "y": 1.9999997615814
      },
      {
        "x": 0.50000411272049,
        "y": 1.5000032186508
      },
      {
        "x": 0.0,
        "y": 1.9999997615814
      },
      {
        "x": 0.0,
        "y": 2.0265576949896e-06
      },
      {
        "x": 0.50000411272049,
        "y": 1.5000032186508
      },
      {
        "x": 1.5000023841858,
        "y": 1.5000041723251
      },
      {
        "x": 1.9999979734421,
        "y": 1.9999997615814
      },
      {
        "x": 1.2635049819946,
        "y": 1.500003695488
      },
      {
        "x": 0.50000411272049,
        "y": 0.59359455108643
      },
      {
        "x": 0.0,
        "y": 2.0265576949896e-06
      },
      {
        "x": 0.50000327825546,
        "y": 0.50000524520874
      },
      {
        "x": 1.9999979734421,
        "y": 1.9999997615814
      },
      {
        "x": 0.50000411272049,
        "y": 1.5000032186508
      },
      {
        "x": 1.2635049819946,
        "y": 1.500003695488
      },
      {
        "x": 0.50000411272049,
        "y": 1.5000032186508
      },
      {
        "x": 0.0,
        "y": 2.0265576949896e-06
      },
      {
        "x": 0.50000411272049,
        "y": 1.2635054588318
      },
      {
        "x": 0.50000411272049,
        "y": 1.2635054588318
      },
      {
        "x": 0.0,
        "y": 2.0265576949896e-06
      },
      {
        "x": 0.50000411272049,
        "y": 0.59359455108643
      },
      {
        "x": 0.50000321865082,
        "y": 0.5000051856041
      },
      {
        "x": 0.0,
        "y": 2.0265576949896e-06
      },
      {
        "x": 1.9999979734421,
        "y": 2.0265576949896e-06
      },
      {
        "x": 1.9999979734421,
        "y": 2.0265576949896e-06
      },
      {
        "x": 1.9999979734421,
        "y": 1.9999997615814
      },
      {
        "x": 1.5000021457672,
        "y": 1.5000040531158
      },
      {
        "x": 1.5000025033951,
        "y": 0.73650270700455
      },
      {
        "x": 1.5000026226044,
        "y": 0.50000476837158
      },
      {
        "x": 1.9999979734421,
        "y": 2.0265576949896e-06
      },
      {
        "x": 1.9999979734421,
        "y": 2.0265576949896e-06
      },
      {
        "x": 1.5000021457672,
        "y": 1.5000040531158
      },
      {
        "x": 1.5000025033951,
        "y": 0.73650270700455
      },
      {
        "x": 0.73650121688843,
        "y": 0.50000506639481
      },
      {
        "x": 0.50000321865082,
        "y": 0.5000051856041
      },
      {
        "x": 1.9999979734421,
        "y": 2.0265576949896e-06
      },
      {
        "x": 1.9999979734421,
        "y": 2.0265576949896e-06
      },
      {
        "x": 1.5000026226044,
        "y": 0.50000476837158
      },
      {
        "x": 0.73650121688843,
        "y": 0.50000506639481
      },
      {
        "x": 0.0,
        "y": 1.9999997615814
      },
      {
        "x": 1.2579773664474,
        "y": 0.0
      },
      {
        "x": 1.9999997615814,
        "y": 0.0
      },
      {
        "x": 0.0,
        "y": 1.9999997615814
      },
      {
        "x": 0.0,
        "y": 1.7889569997787
      },
      {
        "x": 1.2579773664474,
        "y": 0.0
      },
      {
        "x": 0.0,
        "y": 1.7889569997787
      },
      {
        "x": 0.0,
        "y": 0.74202066659927
      },
      {
        "x": 1.2579773664474,
        "y": 0.0
      },
      {
        "x": 1.2579773664474,
        "y": 0.0
      },
      {
        "x": 0.0,
        "y": 0.74202066659927
      },
      {
        "x": 0.0,
        "y": 0.0
      },
      {
        "x": 1.9999979734421,
        "y": 1.2579773664474
      },
      {
        "x": 0.74202054738998,
        "y": 1.9999977350235
      },
      {
        "x": 1.9999997615814,
        "y": 0.0
      },
      {
        "x": 0.74202054738998,
        "y": 1.9999977350235
      },
      {
        "x": 1.9999979734421,
        "y": 1.2579773664474
      },
      {
        "x": 1.9999979734421,
        "y": 1.9999977350235
      },
      {
        "x": 1.9999997615814,
        "y": 0.0
      },
      {
        "x": 0.74202054738998,
        "y": 1.9999977350235
      },
      {
        "x": 0.0,
        "y": 1.9999997615814
      },
      {
        "x": 0.76350182294846,
        "y": 1.5270036458969
      },
      {
        "x": 0.0,
        "y": 1.5270036458969
      },
      {
        "x": 0.99999988079071,
        "y": 1.9999997615814
      },
      {
        "x": 0.99999988079071,
        "y": 1.9999997615814
      },
      {
        "x": 0.0,
        "y": 1.5270036458969
      },
      {
        "x": 0.0,
        "y": 1.9999997615814
      },
      {
        "x": 0.99999988079071,
        "y": 1.5270035266876
      },
      {
        "x": 0.76350176334381,
        "y": 1.5270035266876
      },
      {
        "x": 0.99999988079071,
        "y": 1.9999997615814
      },
      {
        "x": 0.76350182294846,
        "y": 1.5270036458969
      },
      {
        "x": 0.0,
        "y": 1.5270036458969
      },
      {
        "x": 0.99999988079071,
        "y": 1.9999997615814
      },
      {
        "x": 0.99999988079071,
        "y": 1.9999997615814
      },
      {
        "x": 0.0,
        "y": 1.5270036458969
      },
      {
        "x": 0.0,
        "y": 1.9999997615814
      },
      {
        "x": 0.99999988079071,
        "y": 1.5270035266876
      },
      {
        "x": 0.76350176334381,
        "y": 1.5270035266876
      },
      {
        "x": 0.99999988079071,
        "y": 1.9999997615814
      },
      {
        "x": 0.76350182294846,
        "y": 1.5270036458969
      },
      {
        "x": 0.0,
        "y": 1.5270036458969
      },
      {
        "x": 0.99999988079071,
        "y": 1.9999997615814
      },
      {
        "x": 0.99999988079071,
        "y": 1.9999997615814
      },
      {
        "x": 0.0,
        "y": 1.5270036458969
      },
      {
        "x": 0.0,
        "y": 1.9999997615814
      },
      {
        "x": 0.99999988079071,
        "y": 1.5270035266876
      },
      {
        "x": 0.76350176334381,
        "y": 1.5270035266876
      },
      {
        "x": 0.99999988079071,
        "y": 1.9999997615814
      },
      {
        "x": 0.76350182294846,
        "y": 1.5270036458969
      },
      {
        "x": 0.0,
        "y": 1.5270036458969
      },
      {
        "x": 0.99999988079071,
        "y": 1.9999997615814
      },
      {
        "x": 0.99999988079071,
        "y": 1.9999997615814
      },
      {
        "x": 0.0,
        "y": 1.5270036458969
      },
      {
        "x": 0.0,
        "y": 1.9999997615814
      },
      {
        "x": 0.99999988079071,
        "y": 1.5270035266876
      },
      {
        "x": 0.76350176334381,
        "y": 1.5270035266876
      },
      {
        "x": 0.99999988079071,
        "y": 1.9999997615814
      },
      {
        "x": 0.99999988079071,
        "y": 0.99999988079071
      },
      {
        "x": 0.0,
        "y": 0.0
      },
      {
        "x": 0.0,
        "y": 0.99999988079071
      },
      {
        "x": 0.0,
        "y": 0.0
      },
      {
        "x": 0.99999988079071,
        "y": 0.99999988079071
      },
      {
        "x": 0.99999988079071,
        "y": 0.0
      }
    ],
    "uvs": [
      {
        "x": 0.0,
        "y": 1.0
      },
      {
        "x": 0.0,
        "y": 0.0
      },
      {
        "x": 0.62898874282837,
        "y": 1.0
      },
      {
        "x": 0.62898874282837,
        "y": 1.0
      },
      {
        "x": 0.0,
        "y": 0.0
      },
      {
        "x": 1.0,
        "y": 1.0
      },
      {
        "x": 0.0,
        "y": 0.0
      },
      {
        "x": 0.99999910593033,
        "y": 0.0
      },
      {
        "x": 1.0,
        "y": 1.0
      },
      {
        "x": 0.0,
        "y": 1.0
      },
      {
        "x": 9.5367431640625e-07,
        "y": 0.0
      },
      {
        "x": 0.62898963689804,
        "y": 1.0
      },
      {
        "x": 0.62898963689804,
        "y": 1.0
      },
      {
        "x": 9.5367431640625e-07,
        "y": 0.0
      },
      {
        "x": 1.0,
        "y": 1.0
      },
      {
        "x": 9.5367431640625e-07,
        "y": 0.0
      },
      {
        "x": 1.0,
        "y": 0.0
      },
      {
        "x": 1.0,
        "y": 1.0
      },
      {
        "x": 9.5367431640625e-07,
        "y": 1.0
      },
      {
        "x": 9.5367431640625e-07,
        "y": 0.0
      },
      {
        "x": 0.62898969650269,
        "y": 1.0
      },
      {
        "x": 0.62898969650269,
        "y": 1.0
      },
      {
        "x": 9.5367431640625e-07,
        "y": 0.0
      },
      {
        "x": 1.0,
        "y": 1.0
      },
      {
        "x": 9.5367431640625e-07,
        "y": 0.0
      },
      {
        "x": 1.0,
        "y": 0.0
      },
      {
        "x": 1.0,
        "y": 1.0
      },
      {
        "x": 0.0,
        "y": 1.0
      },
      {
        "x": 0.0,
        "y": 0.0
      },
      {
        "x": 0.62898874282837,
        "y": 1.0
      },
      {
        "x": 0.62898874282837,
        "y": 1.0
      },
      {
        "x": 0.0,
        "y": 0.0
      },
      {
        "x": 0.99999904632568,
        "y": 1.0
      },
      {
        "x": 0.0,
        "y": 0.0
      },
      {
        "x": 0.99999904632568,
        "y": 0.0
      },
      {
        "x": 0.99999904632568,
        "y": 1.0
      },
      {
        "x": 0.99999910593033,
        "y": 1.0
      },
      {
        "x": 0.0,
        "y": 1.0
      },
      {
        "x": 0.25000214576721,
        "y": 0.75000166893005
      },
      {
        "x": 0.0,
        "y": 1.0
      },
      {
        "x": 0.0,
        "y": 9.5367431640625e-07
      },
      {
        "x": 0.25000214576721,
        "y": 0.75000166893005
      },
      {
        "x": 0.75000166893005,
        "y": 0.75000166893005
      },
      {
        "x": 0.99999910593033,
        "y": 1.0
      },
      {
        "x": 0.63175272941589,
        "y": 0.75000166893005
      },
      {
        "x": 0.25000214576721,
        "y": 0.29679715633392
      },
      {
        "x": 0.0,
        "y": 9.5367431640625e-07
      },
      {
        "x": 0.25000214576721,
        "y": 0.25000208616257
      },
      {
        "x": 0.99999910593033,
        "y": 1.0
      },
      {
        "x": 0.25000214576721,
        "y": 0.75000166893005
      },
      {
        "x": 0.63175272941589,
        "y": 0.75000166893005
      },
      {
        "x": 0.25000214576721,
        "y": 0.75000166893005
      },
      {
        "x": 0.0,
        "y": 9.5367431640625e-07
      },
      {
        "x": 0.25000214576721,
        "y": 0.63175272941589
      },
      {
        "x": 0.25000214576721,
        "y": 0.63175272941589
      },
      {
        "x": 0.0,
        "y": 9.5367431640625e-07
      },
      {
        "x": 0.25000214576721,
        "y": 0.29679715633392
      },
      {
        "x": 0.25000214576721,
        "y": 0.25000208616257
      },
      {
        "x": 0.0,
        "y": 9.5367431640625e-07
      },
      {
        "x": 0.99999910593033,
        "y": 9.5367431640625e-07
      },
      {
        "x": 0.99999910593033,
        "y": 9.5367431640625e-07
      },
      {
        "x": 0.99999910593033,
        "y": 1.0
      },
      {
        "x": 0.75000166893005,
        "y": 0.75000166893005
      },
      {
        "x": 0.75000166893005,
        "y": 0.36825108528137
      },
      {
        "x": 0.75000166893005,
        "y": 0.25000214576721
      },
      {
        "x": 0.99999910593033,
        "y": 9.5367431640625e-07
      },
      {
        "x": 0.99999910593033,
        "y": 9.5367431640625e-07
      },
      {
        "x": 0.75000166893005,
        "y": 0.75000166893005
      },
      {
        "x": 0.75000166893005,
        "y": 0.36825108528137
      },
      {
        "x": 0.36825108528137,
        "y": 0.25000214576721
      },
      {
        "x": 0.25000214576721,
        "y": 0.25000208616257
      },
      {
        "x": 0.99999910593033,
        "y": 9.5367431640625e-07
      },
      {
        "x": 0.99999910593033,
        "y": 9.5367431640625e-07
      },
      {
        "x": 0.75000166893005,
        "y": 0.25000214576721
      },
      {
        "x": 0.36825108528137,
        "y": 0.25000214576721
      },
      {
        "x": 0.0,
        "y": 1.0
      },
      {
        "x": 0.62898874282837,
        "y": 0.0
      },
      {
        "x": 1.0,
        "y": 0.0
      },
      {
        "x": 0.0,
        "y": 1.0
      },
      {
        "x": 0.0,
        "y": 0.89447861909866
      },
      {
        "x": 0.62898874282837,
        "y": 0.0
      },
      {
        "x": 0.0,
        "y": 0.89447861909866
      },
      {
        "x": 0.0,
        "y": 0.37101036310196
      },
      {
        "x": 0.62898874282837,
        "y": 0.0
      },
      {
        "x": 0.62898874282837,
        "y": 0.0
      },
      {
        "x": 0.0,
        "y": 0.37101036310196
      },
      {
        "x": 0.0,
        "y": 0.0
      },
      {
        "x": 0.99999910593033,
        "y": 0.62898874282837
      },
      {
        "x": 0.37101030349731,
        "y": 0.99999904632568
      },
      {
        "x": 1.0,
        "y": 0.0
      },
      {
        "x": 0.37101030349731,
        "y": 0.99999904632568
      },
      {
        "x": 0.99999910593033,
        "y": 0.62898874282837
      },
      {
        "x": 0.99999910593033,
        "y": 0.99999904632568
      },
      {
        "x": 1.0,
        "y": 0.0
      },
      {
        "x": 0.37101030349731,
        "y": 0.99999904632568
      },
      {
        "x": 0.0,
        "y": 1.0
      },
      {
        "x": 0.36824727058411,
        "y": 0.0
      },
      {
        "x": 0.74999785423279,
        "y": 0.0
      },
      {
        "x": 0.24999833106995,
        "y": 0.75199413299561
      },
      {
        "x": 0.24999833106995,
        "y": 0.75199413299561
      },
      {
        "x": 0.74999785423279,
        "y": 0.0
      },
      {
        "x": 0.74999785423279,
        "y": 0.75199413299561
      },
      {
        "x": 0.24999833106995,
        "y": 0.0
      },
      {
        "x": 0.36824727058411,
        "y": 0.0
      },
      {
        "x": 0.24999833106995,
        "y": 0.75199413299561
      },
      {
        "x": 0.36824727058411,
        "y": 0.0
      },
      {
        "x": 0.74999785423279,
        "y": 0.0
      },
      {
        "x": 0.24999833106995,
        "y": 0.75199413299561
      },
      {
        "x": 0.24999833106995,
        "y": 0.75199413299561
      },
      {
        "x": 0.74999785423279,
        "y": 0.0
      },
      {
        "x": 0.74999785423279,
        "y": 0.75199413299561
      },
      {
        "x": 0.24999833106995,
        "y": 0.0
      },
      {
        "x": 0.36824727058411,
        "y": 0.0
      },
      {
        "x": 0.24999833106995,
        "y": 0.75199413299561
      },
      {
        "x": 0.36825108528137,
        "y": 0.0
      },
      {
        "x": 0.75000166893005,
        "y": 0.0
      },
      {
        "x": 0.25000214576721,
        "y": 0.75199413299561
      },
      {
        "x": 0.25000214576721,
        "y": 0.75199413299561
      },
      {
        "x": 0.75000166893005,
        "y": 0.0
      },
      {
        "x": 0.75000166893005,
        "y": 0.75199413299561
      },
      {
        "x": 0.25000214576721,
        "y": 0.0
      },
      {
        "x": 0.36825108528137,
        "y": 0.0
      },
      {
        "x": 0.25000214576721,
        "y": 0.75199413299561
      },
      {
        "x": 0.36825108528137,
        "y": 0.0
      },
      {
        "x": 0.75000166893005,
        "y": 0.0
      },
      {
        "x": 0.25000208616257,
        "y": 0.75199413299561
      },
      {
        "x": 0.25000208616257,
        "y": 0.75199413299561
      },
      {
        "x": 0.75000166893005,
        "y": 0.0
      },
      {
        "x": 0.75000166893005,
        "y": 0.75199413299561
      },
      {
        "x": 0.25000214576721,
        "y": 0.0
      },
      {
        "x": 0.36825108528137,
        "y": 0.0
      },
      {
        "x": 0.25000208616257,
        "y": 0.75199413299561
      },
      {
        "x": 0.25000214576721,
        "y": 0.75000166893005
      },
      {
        "x": 0.75000166893005,
        "y": 0.25000208616257
      },
      {
        "x": 0.75000166893005,
        "y": 0.75000166893005
      },
      {
        "x": 0.75000166893005,
        "y": 0.25000208616257
      },
      {
        "x": 0.25000214576721,
        "y": 0.75000166893005
      },
      {
        "x": 0.25000214576721,
        "y": 0.25000208616257
      }
    ],
    "vertices": [
      {
        "x": 0.50000041723251,
        "y": -0.31449458003044,
        "z": 0.50000047683716
      },
      {
        "x": 0.50000041723251,
        "y": 0.31449458003044,
        "z": 0.50000047683716
      },
      {
        "x": 0.50000041723251,
        "y": -0.31449458003044,
        "z": -0.12898883223534
      },
      {
        "x": 0.50000041723251,
        "y": -0.31449458003044,
        "z": -0.12898883223534
      },
      {
        "x": 0.50000041723251,
        "y": 0.31449458003044,
        "z": 0.50000047683716
      },
      {
        "x": 0.50000041723251,
        "y": -0.31449458003044,
        "z": -0.50000047683716
      },
      {
        "x": 0.50000041723251,
        "y": 0.31449458003044,
        "z": 0.50000047683716
      },
      {
        "x": 0.50000041723251,
        "y": 0.31449458003044,
        "z": -0.49999955296516
      },
      {
        "x": 0.50000041723251,
        "y": -0.31449458003044,
        "z": -0.50000047683716
      },
      {
        "x": -0.50000041723251,
        "y": -0.31449458003044,
        "z": 0.50000047683716
      },
      {
        "x": -0.49999943375587,
        "y": 0.31449458003044,
        "z": 0.50000047683716
      },
      {
        "x": 0.12898975610733,
        "y": -0.31449458003044,
        "z": 0.50000047683716
      },
      {
        "x": 0.12898975610733,
        "y": -0.31449458003044,
        "z": 0.50000047683716
      },
      {
        "x": -0.49999943375587,
        "y": 0.31449458003044,
        "z": 0.50000047683716
      },
      {
        "x": 0.50000041723251,
        "y": -0.31449458003044,
        "z": 0.50000047683716
      },
      {
        "x": -0.49999943375587,
        "y": 0.31449458003044,
        "z": 0.50000047683716
      },
      {
        "x": 0.50000041723251,
        "y": 0.31449458003044,
        "z": 0.50000047683716
      },
      {
        "x": 0.50000041723251,
        "y": -0.31449458003044,
        "z": 0.50000047683716
      },
      {
        "x": -0.49999943375587,
        "y": -0.31449458003044,
        "z": -0.49999955296516
      },
      {
        "x": -0.49999943375587,
        "y": 0.31449458003044,
        "z": -0.49999955296516
      },
      {
        "x": -0.49999943375587,
        "y": -0.31449458003044,
        "z": 0.12898978590965
      },
      {
        "x": -0.49999943375587,
        "y": -0.31449458003044,
        "z": 0.12898978590965
      },
      {
        "x": -0.49999943375587,
        "y": 0.31449458003044,
        "z": -0.49999955296516
      },
      {
        "x": -0.50000041723251,
        "y": -0.31449458003044,
        "z": 0.50000047683716
      },
      {
        "x": -0.49999943375587,
        "y": 0.31449458003044,
        "z": -0.49999955296516
      },
      {
        "x": -0.49999943375587,
        "y": 0.31449458003044,
        "z": 0.50000047683716
      },
      {
        "x": -0.50000041723251,
        "y": -0.31449458003044,
        "z": 0.50000047683716
      },
      {
        "x": 0.50000041723251,
        "y": -0.31449458003044,
        "z": -0.50000047683716
      },
      {
        "x": 0.50000041723251,
        "y": 0.31449458003044,
        "z": -0.49999955296516
      },
      {
        "x": -0.12898883223534,
        "y": -0.31449458003044,
        "z": -0.49999955296516
      },
      {
        "x": -0.12898883223534,
        "y": -0.31449458003044,
        "z": -0.49999955296516
      },
      {
        "x": 0.50000041723251,
        "y": 0.31449458003044,
        "z": -0.49999955296516
      },
      {
        "x": -0.49999943375587,
        "y": -0.31449458003044,
        "z": -0.49999955296516
      },
      {
        "x": 0.50000041723251,
        "y": 0.31449458003044,
        "z": -0.49999955296516
      },
      {
        "x": -0.49999943375587,
        "y": 0.31449458003044,
        "z": -0.49999955296516
      },
      {
        "x": -0.49999943375587,
        "y": -0.31449458003044,
        "z": -0.49999955296516
      },
      {
        "x": 0.50000041723251,
        "y": 0.31449458003044,
        "z": -0.49999955296516
      },
      {
        "x": 0.50000041723251,
        "y": 0.31449458003044,
        "z": 0.50000047683716
      },
      {
        "x": 0.25000190734863,
        "y": 0.31449458003044,
        "z": 0.24999806284904
      },
      {
        "x": 0.50000041723251,
        "y": 0.31449458003044,
        "z": 0.50000047683716
      },
      {
        "x": -0.49999943375587,
        "y": 0.31449458003044,
        "z": 0.50000047683716
      },
      {
        "x": 0.25000190734863,
        "y": 0.31449458003044,
        "z": 0.24999806284904
      },
      {
        "x": 0.25000190734863,
        "y": 0.31449458003044,
        "z": -0.25000190734863
      },
      {
        "x": 0.50000041723251,
        "y": 0.31449458003044,
        "z": -0.49999955296516
      },
      {
        "x": 0.25000190734863,
        "y": 0.31449458003044,
        "z": -0.13175284862518
      },
      {
        "x": -0.20320302248001,
        "y": 0.31449458003044,
        "z": 0.24999806284904
      },
      {
        "x": -0.49999943375587,
        "y": 0.31449458003044,
        "z": 0.50000047683716
      },
      {
        "x": -0.24999809265137,
        "y": 0.31449458003044,
        "z": 0.24999806284904
      },
      {
        "x": 0.50000041723251,
        "y": 0.31449458003044,
        "z": -0.49999955296516
      },
      {
        "x": 0.25000190734863,
        "y": 0.31449458003044,
        "z": 0.24999806284904
      },
      {
        "x": 0.25000190734863,
        "y": 0.31449458003044,
        "z": -0.13175284862518
      },
      {
        "x": 0.25000190734863,
        "y": 0.31449458003044,
        "z": 0.24999806284904
      },
      {
        "x": -0.49999943375587,
        "y": 0.31449458003044,
        "z": 0.50000047683716
      },
      {
        "x": 0.13175284862518,
        "y": 0.31449458003044,
        "z": 0.24999806284904
      },
      {
        "x": 0.13175284862518,
        "y": 0.31449458003044,
        "z": 0.24999806284904
      },
      {
        "x": -0.49999943375587,
        "y": 0.31449458003044,
        "z": 0.50000047683716
      },
      {
        "x": -0.20320302248001,
        "y": 0.31449458003044,
        "z": 0.24999806284904
      },
      {
        "x": -0.24999809265137,
        "y": 0.31449458003044,
        "z": 0.24999806284904
      },
      {
        "x": -0.49999943375587,
        "y": 0.31449458003044,
        "z": 0.50000047683716
      },
      {
        "x": -0.49999943375587,
        "y": 0.31449458003044,
        "z": -0.49999955296516
      },
      {
        "x": -0.49999943375587,
        "y": 0.31449458003044,
        "z": -0.49999955296516
      },
      {
        "x": 0.50000041723251,
        "y": 0.31449458003044,
        "z": -0.49999955296516
      },
      {
        "x": 0.25000190734863,
        "y": 0.31449458003044,
        "z": -0.25000190734863
      },
      {
        "x": -0.13174903392792,
        "y": 0.31449458003044,
        "z": -0.25000190734863
      },
      {
        "x": -0.24999806284904,
        "y": 0.31449458003044,
        "z": -0.25000190734863
      },
      {
        "x": -0.49999943375587,
        "y": 0.31449458003044,
        "z": -0.49999955296516
      },
      {
        "x": -0.49999943375587,
        "y": 0.31449458003044,
        "z": -0.49999955296516
      },
      {
        "x": 0.25000190734863,
        "y": 0.31449458003044,
        "z": -0.25000190734863
      },
      {
        "x": -0.13174903392792,
        "y": 0.31449458003044,
        "z": -0.25000190734863
      },
      {
        "x": -0.24999806284904,
        "y": 0.31449458003044,
        "z": 0.13174903392792
      },
      {
        "x": -0.24999809265137,
        "y": 0.31449458003044,
        "z": 0.24999806284904
      },
      {
        "x": -0.49999943375587,
        "y": 0.31449458003044,
        "z": -0.49999955296516
      },
      {
        "x": -0.49999943375587,
        "y": 0.31449458003044,
        "z": -0.49999955296516
      },
      {
        "x": -0.24999806284904,
        "y": 0.31449458003044,
        "z": -0.25000190734863
      },
      {
        "x": -0.24999806284904,
        "y": 0.31449458003044,
        "z": 0.13174903392792
      },
      {
        "x": -0.50000041723251,
        "y": -0.31449458003044,
        "z": 0.50000047683716
      },
      {
        "x": 0.50000041723251,
        "y": -0.31449458003044,
        "z": -0.12898883223534
      },
      {
        "x": 0.50000041723251,
        "y": -0.31449458003044,
        "z": -0.50000047683716
      },
      {
        "x": -0.50000041723251,
        "y": -0.31449458003044,
        "z": 0.50000047683716
      },
      {
        "x": -0.39447894692421,
        "y": -0.31449458003044,
        "z": 0.50000047683716
      },
      {
        "x": 0.50000041723251,
        "y": -0.31449458003044,
        "z": -0.12898883223534
      },
      {
        "x": -0.39447894692421,
        "y": -0.31449458003044,
        "z": 0.50000047683716
      },
      {
        "x": 0.12898975610733,
        "y": -0.31449458003044,
        "z": 0.50000047683716
      },
      {
        "x": 0.50000041723251,
        "y": -0.31449458003044,
        "z": -0.12898883223534
      },
      {
        "x": 0.50000041723251,
        "y": -0.31449458003044,
        "z": -0.12898883223534
      },
      {
        "x": 0.12898975610733,
        "y": -0.31449458003044,
        "z": 0.50000047683716
      },
      {
        "x": 0.50000041723251,
        "y": -0.31449458003044,
        "z": 0.50000047683716
      },
      {
        "x": -0.12898883223534,
        "y": -0.31449458003044,
        "z": -0.49999955296516
      },
      {
        "x": -0.49999943375587,
        "y": -0.31449458003044,
        "z": 0.12898978590965
      },
      {
        "x": 0.50000041723251,
        "y": -0.31449458003044,
        "z": -0.50000047683716
      },
      {
        "x": -0.49999943375587,
        "y": -0.31449458003044,
        "z": 0.12898978590965
      },
      {
        "x": -0.12898883223534,
        "y": -0.31449458003044,
        "z": -0.49999955296516
      },
      {
        "x": -0.49999943375587,
        "y": -0.31449458003044,
        "z": -0.49999955296516
      },
      {
        "x": 0.50000041723251,
        "y": -0.31449458003044,
        "z": -0.50000047683716
      },
      {
        "x": -0.49999943375587,
        "y": -0.31449458003044,
        "z": 0.12898978590965
      },
      {
        "x": -0.50000041723251,
        "y": -0.31449458003044,
        "z": 0.50000047683716
      },
      {
        "x": 0.25000190734863,
        "y": 0.31449458003044,
        "z": -0.13175284862518
      },
      {
        "x": 0.25000190734863,
        "y": 0.31449458003044,
        "z": 0.24999806284904
      },
      {
        "x": 0.25000190734863,
        "y": -0.15850156545639,
        "z": -0.25000190734863
      },
      {
        "x": 0.25000190734863,
        "y": -0.15850156545639,
        "z": -0.25000190734863
      },
      {
        "x": 0.25000190734863,
        "y": 0.31449458003044,
        "z": 0.24999806284904
      },
      {
        "x": 0.25000190734863,
        "y": -0.15850156545639,
        "z": 0.24999809265137
      },
      {
        "x": 0.25000190734863,
        "y": 0.31449458003044,
        "z": -0.25000190734863
      },
      {
        "x": 0.25000190734863,
        "y": 0.31449458003044,
        "z": -0.13175284862518
      },
      {
        "x": 0.25000190734863,
        "y": -0.15850156545639,
        "z": -0.25000190734863
      },
      {
        "x": 0.13175284862518,
        "y": 0.31449458003044,
        "z": 0.24999806284904
      },
      {
        "x": -0.24999809265137,
        "y": 0.31449458003044,
        "z": 0.24999806284904
      },
      {
        "x": 0.25000190734863,
        "y": -0.15850156545639,
        "z": 0.24999809265137
      },
      {
        "x": 0.25000190734863,
        "y": -0.15850156545639,
        "z": 0.24999809265137
      },
      {
        "x": -0.24999809265137,
        "y": 0.31449458003044,
        "z": 0.24999806284904
      },
      {
        "x": -0.24999809265137,
        "y": -0.15850156545639,
        "z": 0.24999809265137
      },
      {
        "x": 0.25000190734863,
        "y": 0.31449458003044,
        "z": 0.24999806284904
      },
      {
        "x": 0.13175284862518,
        "y": 0.31449458003044,
        "z": 0.24999806284904
      },
      {
        "x": 0.25000190734863,
        "y": -0.15850156545639,
        "z": 0.24999809265137
      },
      {
        "x": -0.24999806284904,
        "y": 0.31449458003044,
        "z": 0.13174903392792
      },
      {
        "x": -0.24999806284904,
        "y": 0.31449458003044,
        "z": -0.25000190734863
      },
      {
        "x": -0.24999809265137,
        "y": -0.15850156545639,
        "z": 0.24999809265137
      },
      {
        "x": -0.24999809265137,
        "y": -0.15850156545639,
        "z": 0.24999809265137
      },
      {
        "x": -0.24999806284904,
        "y": 0.31449458003044,
        "z": -0.25000190734863
      },
      {
        "x": -0.24999807775021,
        "y": -0.15850156545639,
        "z": -0.25000190734863
      },
      {
        "x": -0.24999809265137,
        "y": 0.31449458003044,
        "z": 0.24999806284904
      },
      {
        "x": -0.24999806284904,
        "y": 0.31449458003044,
        "z": 0.13174903392792
      },
      {
        "x": -0.24999809265137,
        "y": -0.15850156545639,
        "z": 0.24999809265137
      },
      {
        "x": -0.13174903392792,
        "y": 0.31449458003044,
        "z": -0.25000190734863
      },
      {
        "x": 0.25000190734863,
        "y": 0.31449458003044,
        "z": -0.25000190734863
      },
      {
        "x": -0.24999807775021,
        "y": -0.15850156545639,
        "z": -0.25000190734863
      },
      {
        "x": -0.24999807775021,
        "y": -0.15850156545639,
        "z": -0.25000190734863
      },
      {
        "x": 0.25000190734863,
        "y": 0.31449458003044,
        "z": -0.25000190734863
      },
      {
        "x": 0.25000190734863,
        "y": -0.15850156545639,
        "z": -0.25000190734863
      },
      {
        "x": -0.24999806284904,
        "y": 0.31449458003044,
        "z": -0.25000190734863
      },
      {
        "x": -0.13174903392792,
        "y": 0.31449458003044,
        "z": -0.25000190734863
      },
      {
        "x": -0.24999807775021,
        "y": -0.15850156545639,
        "z": -0.25000190734863
      },
      {
        "x": 0.25000190734863,
        "y": -0.15850156545639,
        "z": 0.24999809265137
      },
      {
        "x": -0.24999807775021,
        "y": -0.15850156545639,
        "z": -0.25000190734863
      },
      {
        "x": 0.25000190734863,
        "y": -0.15850156545639,
        "z": -0.25000190734863
      },
      {
        "x": -0.24999807775021,
        "y": -0.15850156545639,
        "z": -0.25000190734863
      },
      {
        "x": 0.25000190734863,
        "y": -0.15850156545639,
        "z": 0.24999809265137
      },
      {
        "x": -0.24999809265137,
        "y": -0.15850156545639,
        "z": 0.24999809265137
      }
    ]
  }
}