{
  "additionalData": {
    "local_transform": [
      "1 0 0 0 1 0 0 0 1 0 5.96046e-08 0",
      "0.934196 0 0 0 2.00001 0 0 0 0.799996 -0.0680971 0.0779992 0"
    ],
    "tillBaseScale": {
      "x": 4.9999990463257,
      "y": 0.99999690055847,
      "z": 4.9999990463257
    }
  },
  "basicShapesData": [
    {
      "class": "Part",
      "properties": {
        "angleVelocity": "x:0 y:0 z:0",
        "batchType": "Static",
        "bloom": "false",
        "booleanOperation": "0",
        "cameraCollideEnable": "true",
        "collisionFidelity": "0",
        "collisionGroup": "1",
        "collisionUniqueKey": "",
        "customColor": "r:1 g:1 b:1 a:1",
        "customThreshold": "1",
        "density": "2.2",
        "friction": "0.37",
        "id": "8783317425210523649",
        "individual": "false",
        "isLockedInEditor": "false",
        "isSelectInEditor": "false",
        "isVisibleInEditor": "true",
        "lineVelocity": "x:0 y:0 z:0",
        "materialAlpha": "1",
        "materialColor": "r:1 g:1 b:1 a:1",
        "materialOffset": "x:1 y:1 z:1",
        "materialTexture": "part_suliao.tga",
        "name": "Part",
        "needSync": "true",
        "networkOwner": "0",
        "originSize": "x:1 y:1 z:1",
        "partNavMeshType": "1",
        "position": "x:-60.0526 y:55.1332 z:-64.9615",
        "restitution": "0.3",
        "rotation": "x:-0 y:-90 z:0",
        "scale": "x:5 y:0.999997 z:5",
        "selectable": "true",
        "shape": "1",
        "sides": "24",
        "sideStack": "5",
        "sphereDivision": "3",
        "staticBatchNo": "",
        "staticObject": "false",
        "templateInstanceId": "8783317425210523649",
        "unionLastBox": "false",
        "useAnchor": "true",
        "useCollide": "true",
        "useGravity": "true"
      }
    },
    {
      "class": "Part",
      "properties": {
        "angleVelocity": "x:0 y:0 z:0",
        "batchType": "Static",
        "bloom": "false",
        "booleanOperation": "2",
        "cameraCollideEnable": "true",
        "collisionFidelity": "0",
        "collisionGroup": "1",
        "collisionUniqueKey": "",
        "customColor": "r:1 g:1 b:1 a:1",
        "customThreshold": "1",
        "density": "2.2",
        "friction": "0.37",
        "id": "8783317425214603265",
        "individual": "false",
        "isLockedInEditor": "false",
        "isSelectInEditor": "false",
        "isVisibleInEditor": "true",
        "lineVelocity": "x:0 y:0 z:0",
        "materialAlpha": "1",
        "materialColor": "r:1 g:1 b:1 a:1",
        "materialOffset": "x:1 y:1 z:1",
        "materialTexture": "part_suliao.tga",
        "name": "Part",
        "needSync": "true",
        "networkOwner": "0",
        "originSize": "x:1 y:1 z:1",
        "partNavMeshType": "1",
        "position": "x:-60.0526 y:55.2112 z:-65.302",
        "restitution": "0.3",
        "rotation": "x:-0 y:-90 z:0",
        "scale": "x:4.67098 y:2 z:3.99998",
        "selectable": "true",
        "shape": "1",
        "sides": "24",
        "sideStack": "5",
        "sphereDivision": "3",
        "staticBatchNo": "",
        "staticObject": "false",
        "templateInstanceId": "8783317425214603265",
        "unionLastBox": "false",
        "useAnchor": "true",
        "useCollide": "true",
        "useGravity": "true"
      }
    }
  ],
  "brushData": {
    "colors": [
      0,
      0,
      0,
      0,
      0,
      0,
      0,
      0,
      0,
      0,
      0,
      0,
      0,
      0,
      0,
      0,
      0,
      0,
      0,
      0,
      0,
      0,
      0,
      0,
      0,
      0,
      0,
      0,
      0,
      0,
      0,
      0,
      0,
      0,
      0,
      0,
      0,
      0,
      0,
      0,
      0,
      0,
      0,
      0,
      0,
      0,
      0,
      0,
      0,
      0,
      0,
      0,
      0,
      0,
      0,
      0,
      0,
      0,
      0,
      0
    ],
    "lightmapUVs": [
      {
        "x": 1.0,
        "y": 1.0
      },
      {
        "x": 1.0,
        "y": 1.0
      },
      {
        "x": 1.0,
        "y": 1.0
      },
      {
        "x": 1.0,
        "y": 1.0
      },
      {
        "x": 1.0,
        "y": 1.0
      },
      {
        "x": 1.0,
        "y": 1.0
      },
      {
        "x": 1.0,
        "y": 1.0
      },
      {
        "x": 1.0,
        "y": 1.0
      },
      {
        "x": 1.0,
        "y": 1.0
      },
      {
        "x": 1.0,
        "y": 1.0
      },
      {
        "x": 1.0,
        "y": 1.0
      },
      {
        "x": 1.0,
        "y": 1.0
      },
      {
        "x": 1.0,
        "y": 1.0
      },
      {
        "x": 1.0,
        "y": 1.0
      },
      {
        "x": 1.0,
        "y": 1.0
      },
      {
        "x": 1.0,
        "y": 1.0
      },
      {
        "x": 1.0,
        "y": 1.0
      },
      {
        "x": 1.0,
        "y": 1.0
      },
      {
        "x": 1.0,
        "y": 1.0
      },
      {
        "x": 1.0,
        "y": 1.0
      },
      {
        "x": 1.0,
        "y": 1.0
      },
      {
        "x": 1.0,
        "y": 1.0
      },
      {
        "x": 1.0,
        "y": 1.0
      },
      {
        "x": 1.0,
        "y": 1.0
      },
      {
        "x": 1.0,
        "y": 1.0
      },
      {
        "x": 1.0,
        "y": 1.0
      },
      {
        "x": 1.0,
        "y": 1.0
      },
      {
        "x": 1.0,
        "y": 1.0
      },
      {
        "x": 1.0,
        "y": 1.0
      },
      {
        "x": 1.0,
        "y": 1.0
      },
      {
        "x": 1.0,
        "y": 1.0
      },
      {
        "x": 1.0,
        "y": 1.0
      },
      {
        "x": 1.0,
        "y": 1.0
      },
      {
        "x": 1.0,
        "y": 1.0
      },
      {
        "x": 1.0,
        "y": 1.0
      },
      {
        "x": 1.0,
        "y": 1.0
      },
      {
        "x": 1.0,
        "y": 1.0
      },
      {
        "x": 1.0,
        "y": 1.0
      },
      {
        "x": 1.0,
        "y": 1.0
      },
      {
        "x": 1.0,
        "y": 1.0
      },
      {
        "x": 1.0,
        "y": 1.0
      },
      {
        "x": 1.0,
        "y": 1.0
      },
      {
        "x": 1.0,
        "y": 1.0
      },
      {
        "x": 1.0,
        "y": 1.0
      },
      {
        "x": 1.0,
        "y": 1.0
      },
      {
        "x": 1.0,
        "y": 1.0
      },
      {
        "x": 1.0,
        "y": 1.0
      },
      {
        "x": 1.0,
        "y": 1.0
      },
      {
        "x": 1.0,
        "y": 1.0
      },
      {
        "x": 1.0,
        "y": 1.0
      },
      {
        "x": 1.0,
        "y": 1.0
      },
      {
        "x": 1.0,
        "y": 1.0
      },
      {
        "x": 1.0,
        "y": 1.0
      },
      {
        "x": 1.0,
        "y": 1.0
      },
      {
        "x": 1.0,
        "y": 1.0
      },
      {
        "x": 1.0,
        "y": 1.0
      },
      {
        "x": 1.0,
        "y": 1.0
      },
      {
        "x": 1.0,
        "y": 1.0
      },
      {
        "x": 1.0,
        "y": 1.0
      },
      {
        "x": 1.0,
        "y": 1.0
      },
      {
        "x": 1.0,
        "y": 1.0
      },
      {
        "x": 1.0,
        "y": 1.0
      },
      {
        "x": 1.0,
        "y": 1.0
      },
      {
        "x": 1.0,
        "y": 1.0
      },
      {
        "x": 1.0,
        "y": 1.0
      },
      {
        "x": 1.0,
        "y": 1.0
      },
      {
        "x": 1.0,
        "y": 1.0
      },
      {
        "x": 1.0,
        "y": 1.0
      },
      {
        "x": 1.0,
        "y": 1.0
      },
      {
        "x": 1.0,
        "y": 1.0
      },
      {
        "x": 1.0,
        "y": 1.0
      },
      {
        "x": 1.0,
        "y": 1.0
      },
      {
        "x": 1.0,
        "y": 1.0
      },
      {
        "x": 1.0,
        "y": 1.0
      },
      {
        "x": 1.0,
        "y": 1.0
      },
      {
        "x": 1.0,
        "y": 1.0
      },
      {
        "x": 1.0,
        "y": 1.0
      },
      {
        "x": 1.0,
        "y": 1.0
      },
      {
        "x": 1.0,
        "y": 1.0
      },
      {
        "x": 1.0,
        "y": 1.0
      },
      {
        "x": 1.0,
        "y": 1.0
      },
      {
        "x": 1.0,
        "y": 1.0
      },
      {
        "x": 1.0,
        "y": 1.0
      },
      {
        "x": 1.0,
        "y": 1.0
      },
      {
        "x": 1.0,
        "y": 1.0
      },
      {
        "x": 1.0,
        "y": 1.0
      },
      {
        "x": 1.0,
        "y": 1.0
      },
      {
        "x": 1.0,
        "y": 1.0
      },
      {
        "x": 1.0,
        "y": 1.0
      },
      {
        "x": 1.0,
        "y": 1.0
      },
      {
        "x": 1.0,
        "y": 1.0
      },
      {
        "x": 1.0,
        "y": 1.0
      },
      {
        "x": 1.0,
        "y": 1.0
      },
      {
        "x": 1.0,
        "y": 1.0
      },
      {
        "x": 1.0,
        "y": 1.0
      },
      {
        "x": 1.0,
        "y": 1.0
      },
      {
        "x": 1.0,
        "y": 1.0
      },
      {
        "x": 1.0,
        "y": 1.0
      },
      {
        "x": 1.0,
        "y": 1.0
      },
      {
        "x": 1.0,
        "y": 1.0
      },
      {
        "x": 1.0,
        "y": 1.0
      },
      {
        "x": 1.0,
        "y": 1.0
      },
      {
        "x": 1.0,
        "y": 1.0
      },
      {
        "x": 1.0,
        "y": 1.0
      },
      {
        "x": 1.0,
        "y": 1.0
      },
      {
        "x": 1.0,
        "y": 1.0
      },
      {
        "x": 1.0,
        "y": 1.0
      },
      {
        "x": 1.0,
        "y": 1.0
      },
      {
        "x": 1.0,
        "y": 1.0
      },
      {
        "x": 1.0,
        "y": 1.0
      },
      {
        "x": 1.0,
        "y": 1.0
      },
      {
        "x": 1.0,
        "y": 1.0
      },
      {
        "x": 1.0,
        "y": 1.0
      },
      {
        "x": 1.0,
        "y": 1.0
      },
      {
        "x": 1.0,
        "y": 1.0
      },
      {
        "x": 1.0,
        "y": 1.0
      },
      {
        "x": 1.0,
        "y": 1.0
      },
      {
        "x": 1.0,
        "y": 1.0
      },
      {
        "x": 1.0,
        "y": 1.0
      },
      {
        "x": 1.0,
        "y": 1.0
      },
      {
        "x": 1.0,
        "y": 1.0
      },
      {
        "x": 1.0,
        "y": 1.0
      },
      {
        "x": 1.0,
        "y": 1.0
      },
      {
        "x": 1.0,
        "y": 1.0
      },
      {
        "x": 1.0,
        "y": 1.0
      },
      {
        "x": 1.0,
        "y": 1.0
      },
      {
        "x": 1.0,
        "y": 1.0
      },
      {
        "x": 1.0,
        "y": 1.0
      },
      {
        "x": 1.0,
        "y": 1.0
      },
      {
        "x": 1.0,
        "y": 1.0
      },
      {
        "x": 1.0,
        "y": 1.0
      },
      {
        "x": 1.0,
        "y": 1.0
      },
      {
        "x": 1.0,
        "y": 1.0
      },
      {
        "x": 1.0,
        "y": 1.0
      },
      {
        "x": 1.0,
        "y": 1.0
      },
      {
        "x": 1.0,
        "y": 1.0
      },
      {
        "x": 1.0,
        "y": 1.0
      },
      {
        "x": 1.0,
        "y": 1.0
      },
      {
        "x": 1.0,
        "y": 1.0
      },
      {
        "x": 1.0,
        "y": 1.0
      },
      {
        "x": 1.0,
        "y": 1.0
      },
      {
        "x": 1.0,
        "y": 1.0
      },
      {
        "x": 1.0,
        "y": 1.0
      },
      {
        "x": 1.0,
        "y": 1.0
      },
      {
        "x": 1.0,
        "y": 1.0
      },
      {
        "x": 1.0,
        "y": 1.0
      },
      {
        "x": 1.0,
        "y": 1.0
      },
      {
        "x": 1.0,
        "y": 1.0
      },
      {
        "x": 1.0,
        "y": 1.0
      },
      {
        "x": 1.0,
        "y": 1.0
      },
      {
        "x": 1.0,
        "y": 1.0
      },
      {
        "x": 1.0,
        "y": 1.0
      },
      {
        "x": 1.0,
        "y": 1.0
      },
      {
        "x": 1.0,
        "y": 1.0
      },
      {
        "x": 1.0,
        "y": 1.0
      },
      {
        "x": 1.0,
        "y": 1.0
      },
      {
        "x": 1.0,
        "y": 1.0
      },
      {
        "x": 1.0,
        "y": 1.0
      },
      {
        "x": 1.0,
        "y": 1.0
      },
      {
        "x": 1.0,
        "y": 1.0
      },
      {
        "x": 1.0,
        "y": 1.0
      },
      {
        "x": 1.0,
        "y": 1.0
      },
      {
        "x": 1.0,
        "y": 1.0
      },
      {
        "x": 1.0,
        "y": 1.0
      },
      {
        "x": 1.0,
        "y": 1.0
      },
      {
        "x": 1.0,
        "y": 1.0
      },
      {
        "x": 1.0,
        "y": 1.0
      },
      {
        "x": 1.0,
        "y": 1.0
      },
      {
        "x": 1.0,
        "y": 1.0
      },
      {
        "x": 1.0,
        "y": 1.0
      },
      {
        "x": 1.0,
        "y": 1.0
      },
      {
        "x": 1.0,
        "y": 1.0
      },
      {
        "x": 1.0,
        "y": 1.0
      },
      {
        "x": 1.0,
        "y": 1.0
      },
      {
        "x": 1.0,
        "y": 1.0
      },
      {
        "x": 1.0,
        "y": 1.0
      },
      {
        "x": 1.0,
        "y": 1.0
      },
      {
        "x": 1.0,
        "y": 1.0
      },
      {
        "x": 1.0,
        "y": 1.0
      },
      {
        "x": 1.0,
        "y": 1.0
      }
    ],
    "uv2s": [
      {
        "x": 1.0,
        "y": 1.0
      },
      {
        "x": 0.0,
        "y": 1.0
      },
      {
        "x": 0.0,
        "y": 0.0
      },
      {
        "x": 0.0,
        "y": 0.0
      },
      {
        "x": 1.0,
        "y": 0.0
      },
      {
        "x": 1.0,
        "y": 1.0
      },
      {
        "x": 1.0,
        "y": 1.0
      },
      {
        "x": 0.0,
        "y": 1.0
      },
      {
        "x": 0.0,
        "y": 0.0
      },
      {
        "x": 0.0,
        "y": 0.0
      },
      {
        "x": 1.0,
        "y": 0.0
      },
      {
        "x": 1.0,
        "y": 1.0
      },
      {
        "x": 0.10000205039978,
        "y": 1.0000001192093
      },
      {
        "x": 0.0,
        "y": 1.0
      },
      {
        "x": 0.0,
        "y": 0.0
      },
      {
        "x": 0.10000205039978,
        "y": 1.0000001192093
      },
      {
        "x": 0.0,
        "y": 0.0
      },
      {
        "x": 0.10000205039978,
        "y": 0.1111136674881
      },
      {
        "x": 0.89999794960022,
        "y": 0.89999800920486
      },
      {
        "x": 1.0,
        "y": 1.0
      },
      {
        "x": 0.89999794960022,
        "y": 1.0
      },
      {
        "x": 0.10000205039978,
        "y": 0.1111136674881
      },
      {
        "x": 0.0,
        "y": 0.0
      },
      {
        "x": 0.10000205039978,
        "y": 0.10000205039978
      },
      {
        "x": 0.89999794960022,
        "y": 0.0
      },
      {
        "x": 1.0,
        "y": 0.0
      },
      {
        "x": 1.0,
        "y": 1.0
      },
      {
        "x": 0.10000205039978,
        "y": 0.10000205039978
      },
      {
        "x": 0.0,
        "y": 0.0
      },
      {
        "x": 0.10000205039978,
        "y": 0.0
      },
      {
        "x": 0.89999794960022,
        "y": 0.0
      },
      {
        "x": 1.0,
        "y": 1.0
      },
      {
        "x": 0.89999794960022,
        "y": 0.89999800920486
      },
      {
        "x": 1.0,
        "y": 1.0
      },
      {
        "x": 0.0,
        "y": 1.0
      },
      {
        "x": 0.0,
        "y": 0.0
      },
      {
        "x": 0.0,
        "y": 0.0
      },
      {
        "x": 1.0,
        "y": 0.0
      },
      {
        "x": 1.0,
        "y": 1.0
      },
      {
        "x": 1.0,
        "y": 1.0
      },
      {
        "x": 0.0,
        "y": 1.0
      },
      {
        "x": 0.10000205039978,
        "y": 0.89900088310242
      },
      {
        "x": 0.0,
        "y": 1.0
      },
      {
        "x": 0.0,
        "y": 0.0
      },
      {
        "x": 0.10000205039978,
        "y": 0.89900088310242
      },
      {
        "x": 0.89999794960022,
        "y": 0.89900088310242
      },
      {
        "x": 1.0,
        "y": 1.0
      },
      {
        "x": 0.33120101690292,
        "y": 0.89900088310242
      },
      {
        "x": 1.0,
        "y": 1.0
      },
      {
        "x": 0.10000205039978,
        "y": 0.89900088310242
      },
      {
        "x": 0.33120101690292,
        "y": 0.89900088310242
      },
      {
        "x": 0.10000205039978,
        "y": 0.89900088310242
      },
      {
        "x": 0.0,
        "y": 0.0
      },
      {
        "x": 0.10000205039978,
        "y": 0.2714421749115
      },
      {
        "x": 0.10000205039978,
        "y": 0.2714421749115
      },
      {
        "x": 0.0,
        "y": 0.0
      },
      {
        "x": 0.10000205039978,
        "y": 0.23478770256042
      },
      {
        "x": 0.10000205039978,
        "y": 0.23478770256042
      },
      {
        "x": 0.0,
        "y": 0.0
      },
      {
        "x": 0.10000205039978,
        "y": 0.099891304969788
      },
      {
        "x": 0.89999794960022,
        "y": 0.0
      },
      {
        "x": 1.0,
        "y": 0.0
      },
      {
        "x": 0.89999794960022,
        "y": 0.011099278926849
      },
      {
        "x": 0.10000205039978,
        "y": 0.099891304969788
      },
      {
        "x": 0.0,
        "y": 0.0
      },
      {
        "x": 0.10000205039978,
        "y": 0.0
      },
      {
        "x": 1.0,
        "y": 0.0
      },
      {
        "x": 1.0,
        "y": 1.0
      },
      {
        "x": 0.89999794960022,
        "y": 0.89900088310242
      },
      {
        "x": 1.0,
        "y": 0.0
      },
      {
        "x": 0.89999794960022,
        "y": 0.89900088310242
      },
      {
        "x": 0.89999794960022,
        "y": 0.6290180683136
      },
      {
        "x": 0.89999794960022,
        "y": 0.011099278926849
      },
      {
        "x": 1.0,
        "y": 0.0
      },
      {
        "x": 0.89999794960022,
        "y": 0.6290180683136
      },
      {
        "x": 0.10000205039978,
        "y": 0.10099911689758
      },
      {
        "x": 0.0,
        "y": 0.0
      },
      {
        "x": 1.0,
        "y": 0.0
      },
      {
        "x": 0.10000205039978,
        "y": 0.10099911689758
      },
      {
        "x": 1.0,
        "y": 0.0
      },
      {
        "x": 0.73119783401489,
        "y": 0.10099911689758
      },
      {
        "x": 1.0,
        "y": 0.0
      },
      {
        "x": 1.0,
        "y": 1.0
      },
      {
        "x": 0.89999794960022,
        "y": 0.10099911689758
      },
      {
        "x": 0.89999794960022,
        "y": 0.10099911689758
      },
      {
        "x": 1.0,
        "y": 1.0
      },
      {
        "x": 0.89999794960022,
        "y": 0.66554617881775
      },
      {
        "x": 0.73119783401489,
        "y": 0.10099911689758
      },
      {
        "x": 1.0,
        "y": 0.0
      },
      {
        "x": 0.89999794960022,
        "y": 0.10099911689758
      },
      {
        "x": 0.89999794960022,
        "y": 0.83807855844498
      },
      {
        "x": 1.0,
        "y": 1.0
      },
      {
        "x": 0.89999794960022,
        "y": 0.90010869503021
      },
      {
        "x": 0.89999794960022,
        "y": 0.66554617881775
      },
      {
        "x": 1.0,
        "y": 1.0
      },
      {
        "x": 0.89999794960022,
        "y": 0.83807855844498
      },
      {
        "x": 0.0,
        "y": 1.0
      },
      {
        "x": 0.0,
        "y": 0.0
      },
      {
        "x": 0.10000205039978,
        "y": 0.10099911689758
      },
      {
        "x": 0.89999794960022,
        "y": 0.90010869503021
      },
      {
        "x": 1.0,
        "y": 1.0
      },
      {
        "x": 0.89999794960022,
        "y": 0.92201113700867
      },
      {
        "x": 0.10000205039978,
        "y": 1.0
      },
      {
        "x": 0.0,
        "y": 1.0
      },
      {
        "x": 0.10000205039978,
        "y": 0.298115670681
      },
      {
        "x": 0.89999794960022,
        "y": 0.92201113700867
      },
      {
        "x": 1.0,
        "y": 1.0
      },
      {
        "x": 0.89999794960022,
        "y": 1.0
      },
      {
        "x": 0.0,
        "y": 1.0
      },
      {
        "x": 0.10000205039978,
        "y": 0.10099911689758
      },
      {
        "x": 0.10000205039978,
        "y": 0.298115670681
      },
      {
        "x": 0.33741450309753,
        "y": 1.0
      },
      {
        "x": 0.26880216598511,
        "y": 1.0
      },
      {
        "x": 0.89999794960022,
        "y": 0.0
      },
      {
        "x": 0.89999794960022,
        "y": 0.0
      },
      {
        "x": 0.26880216598511,
        "y": 1.0
      },
      {
        "x": 0.66879898309708,
        "y": 0.0
      },
      {
        "x": 0.89900088310242,
        "y": 1.0
      },
      {
        "x": 0.33741450309753,
        "y": 1.0
      },
      {
        "x": 0.89999794960022,
        "y": 0.0
      },
      {
        "x": 0.26880216598511,
        "y": 1.0
      },
      {
        "x": 0.10000205039978,
        "y": 1.0
      },
      {
        "x": 0.66879898309708,
        "y": 0.0
      },
      {
        "x": 0.66879898309708,
        "y": 0.0
      },
      {
        "x": 0.10000205039978,
        "y": 1.0
      },
      {
        "x": 0.10099911689758,
        "y": 0.0
      },
      {
        "x": 1.0,
        "y": 1.0
      },
      {
        "x": 0.82777601480484,
        "y": 1.0
      },
      {
        "x": 1.0,
        "y": 0.89999800920486
      },
      {
        "x": 0.82777601480484,
        "y": 1.0
      },
      {
        "x": 1.0,
        "y": 0.0
      },
      {
        "x": 1.0,
        "y": 0.89999800920486
      },
      {
        "x": 0.82777601480484,
        "y": 1.0
      },
      {
        "x": 0.36779296398163,
        "y": 1.0
      },
      {
        "x": 1.0,
        "y": 0.0
      },
      {
        "x": 0.33811569213867,
        "y": 1.0
      },
      {
        "x": 0.298115670681,
        "y": 1.0
      },
      {
        "x": 0.90010869503021,
        "y": 0.0
      },
      {
        "x": 0.90010869503021,
        "y": 0.0
      },
      {
        "x": 0.298115670681,
        "y": 1.0
      },
      {
        "x": 0.76521229743958,
        "y": 0.0
      },
      {
        "x": 0.36779296398163,
        "y": 1.0
      },
      {
        "x": 0.90010869503021,
        "y": 0.0
      },
      {
        "x": 1.0,
        "y": 0.0
      },
      {
        "x": 0.36779296398163,
        "y": 1.0
      },
      {
        "x": 0.33811569213867,
        "y": 1.0
      },
      {
        "x": 0.90010869503021,
        "y": 0.0
      },
      {
        "x": 0.298115670681,
        "y": 1.0
      },
      {
        "x": 0.10000205039978,
        "y": 1.0
      },
      {
        "x": 0.76521229743958,
        "y": 0.0
      },
      {
        "x": 0.76521229743958,
        "y": 0.0
      },
      {
        "x": 0.10000205039978,
        "y": 1.0
      },
      {
        "x": 0.10099911689758,
        "y": 0.0
      },
      {
        "x": 0.24233949184418,
        "y": 1.0
      },
      {
        "x": 0.16192144155502,
        "y": 1.0
      },
      {
        "x": 0.89999794960022,
        "y": 0.0
      },
      {
        "x": 0.89999794960022,
        "y": 0.0
      },
      {
        "x": 0.16192144155502,
        "y": 1.0
      },
      {
        "x": 0.6290180683136,
        "y": 0.0
      },
      {
        "x": 0.89900088310242,
        "y": 1.0
      },
      {
        "x": 0.24233949184418,
        "y": 1.0
      },
      {
        "x": 0.89999794960022,
        "y": 0.0
      },
      {
        "x": 0.56970822811127,
        "y": 0.0
      },
      {
        "x": 0.6290180683136,
        "y": 0.0
      },
      {
        "x": 0.0,
        "y": 1.0000001192093
      },
      {
        "x": 0.13259792327881,
        "y": 0.0
      },
      {
        "x": 0.56970822811127,
        "y": 0.0
      },
      {
        "x": 0.0,
        "y": 0.10000205039978
      },
      {
        "x": 0.0,
        "y": 0.10000205039978
      },
      {
        "x": 0.56970822811127,
        "y": 0.0
      },
      {
        "x": 0.0,
        "y": 1.0000001192093
      },
      {
        "x": 0.0,
        "y": 0.0
      },
      {
        "x": 0.13259792327881,
        "y": 0.0
      },
      {
        "x": 0.0,
        "y": 0.10000205039978
      },
      {
        "x": 0.16192144155502,
        "y": 1.0
      },
      {
        "x": 0.099891304969788,
        "y": 1.0
      },
      {
        "x": 0.6290180683136,
        "y": 0.0
      },
      {
        "x": 0.6290180683136,
        "y": 0.0
      },
      {
        "x": 0.099891304969788,
        "y": 1.0
      },
      {
        "x": 0.0,
        "y": 1.0000001192093
      }
    ],
    "uv3s": [
      {
        "x": 4.9999995231628,
        "y": 0.99999696016312
      },
      {
        "x": 0.0,
        "y": 0.99999696016312
      },
      {
        "x": 0.0,
        "y": 0.0
      },
      {
        "x": 0.0,
        "y": 0.0
      },
      {
        "x": 4.9999995231628,
        "y": 0.0
      },
      {
        "x": 4.9999995231628,
        "y": 0.99999696016312
      },
      {
        "x": 4.9999995231628,
        "y": 0.99999696016312
      },
      {
        "x": 0.0,
        "y": 0.99999696016312
      },
      {
        "x": 0.0,
        "y": 0.0
      },
      {
        "x": 0.0,
        "y": 0.0
      },
      {
        "x": 4.9999995231628,
        "y": 0.0
      },
      {
        "x": 4.9999995231628,
        "y": 0.99999696016312
      },
      {
        "x": 0.50000989437103,
        "y": 0.99999696016312
      },
      {
        "x": 0.0,
        "y": 0.99999696016312
      },
      {
        "x": 0.0,
        "y": 0.0
      },
      {
        "x": 0.50000989437103,
        "y": 0.99999696016312
      },
      {
        "x": 0.0,
        "y": 0.0
      },
      {
        "x": 0.50001019239426,
        "y": 0.11111330986023
      },
      {
        "x": 4.4999895095825,
        "y": 0.89999520778656
      },
      {
        "x": 4.9999995231628,
        "y": 0.99999696016312
      },
      {
        "x": 4.4999895095825,
        "y": 0.99999696016312
      },
      {
        "x": 0.50001019239426,
        "y": 0.11111330986023
      },
      {
        "x": 0.0,
        "y": 0.0
      },
      {
        "x": 0.50001019239426,
        "y": 0.1000017374754
      },
      {
        "x": 4.4999895095825,
        "y": 0.0
      },
      {
        "x": 4.9999995231628,
        "y": 0.0
      },
      {
        "x": 4.9999995231628,
        "y": 0.99999696016312
      },
      {
        "x": 0.50001019239426,
        "y": 0.10000174492598
      },
      {
        "x": 0.0,
        "y": 0.0
      },
      {
        "x": 0.50001007318497,
        "y": 0.0
      },
      {
        "x": 4.4999895095825,
        "y": 0.0
      },
      {
        "x": 4.9999995231628,
        "y": 0.99999696016312
      },
      {
        "x": 4.4999895095825,
        "y": 0.89999520778656
      },
      {
        "x": 4.9999995231628,
        "y": 0.99999696016312
      },
      {
        "x": 0.0,
        "y": 0.99999696016312
      },
      {
        "x": 0.0,
        "y": 0.0
      },
      {
        "x": 0.0,
        "y": 0.0
      },
      {
        "x": 4.9999995231628,
        "y": 0.0
      },
      {
        "x": 4.9999995231628,
        "y": 0.99999696016312
      },
      {
        "x": 4.9999995231628,
        "y": 4.9999995231628
      },
      {
        "x": 0.0,
        "y": 4.9999995231628
      },
      {
        "x": 0.50001019239426,
        "y": 4.4950041770935
      },
      {
        "x": 0.0,
        "y": 4.9999995231628
      },
      {
        "x": 0.0,
        "y": 0.0
      },
      {
        "x": 0.50001019239426,
        "y": 4.4950041770935
      },
      {
        "x": 4.4974970817566,
        "y": 4.4974970817566
      },
      {
        "x": 4.9999995231628,
        "y": 4.9999995231628
      },
      {
        "x": 1.6560047864914,
        "y": 4.4950032234192
      },
      {
        "x": 4.9999995231628,
        "y": 4.9999995231628
      },
      {
        "x": 0.50001019239426,
        "y": 4.4950041770935
      },
      {
        "x": 1.6560047864914,
        "y": 4.4950032234192
      },
      {
        "x": 0.50001019239426,
        "y": 4.4950041770935
      },
      {
        "x": 0.0,
        "y": 0.0
      },
      {
        "x": 0.50001013278961,
        "y": 1.3572106361389
      },
      {
        "x": 0.50001013278961,
        "y": 1.3572106361389
      },
      {
        "x": 0.0,
        "y": 0.0
      },
      {
        "x": 0.49995088577271,
        "y": 1.1739972829819
      },
      {
        "x": 0.49995088577271,
        "y": 1.1739972829819
      },
      {
        "x": 0.0,
        "y": 0.0
      },
      {
        "x": 0.49973341822624,
        "y": 0.49973341822624
      },
      {
        "x": 4.4999895095825,
        "y": 0.0
      },
      {
        "x": 4.9999995231628,
        "y": 0.0
      },
      {
        "x": 4.4999585151672,
        "y": 0.055527098476887
      },
      {
        "x": 0.4997324347496,
        "y": 0.4997324347496
      },
      {
        "x": 0.0,
        "y": 0.0
      },
      {
        "x": 0.50001007318497,
        "y": 0.0
      },
      {
        "x": 4.9999995231628,
        "y": 0.0
      },
      {
        "x": 4.9999995231628,
        "y": 4.9999995231628
      },
      {
        "x": 4.4974904060364,
        "y": 4.4974904060364
      },
      {
        "x": 4.9999995231628,
        "y": 0.0
      },
      {
        "x": 4.4974904060364,
        "y": 4.4974904060364
      },
      {
        "x": 4.4982409477234,
        "y": 3.1468296051025
      },
      {
        "x": 4.4999585151672,
        "y": 0.055527098476887
      },
      {
        "x": 4.9999995231628,
        "y": 0.0
      },
      {
        "x": 4.4982409477234,
        "y": 3.1468296051025
      },
      {
        "x": 4.4974970817566,
        "y": 4.4974970817566
      },
      {
        "x": 4.9999995231628,
        "y": 4.9999995231628
      },
      {
        "x": 0.0,
        "y": 4.9999995231628
      },
      {
        "x": 4.4974970817566,
        "y": 4.4974970817566
      },
      {
        "x": 0.0,
        "y": 4.9999995231628
      },
      {
        "x": 1.343266248703,
        "y": 4.4957485198975
      },
      {
        "x": 0.0,
        "y": 4.9999995231628
      },
      {
        "x": 0.0,
        "y": 0.0
      },
      {
        "x": 0.49973323941231,
        "y": 4.4952807426453
      },
      {
        "x": 0.49973323941231,
        "y": 4.4952807426453
      },
      {
        "x": 0.0,
        "y": 0.0
      },
      {
        "x": 0.49973312020302,
        "y": 1.6725457906723
      },
      {
        "x": 1.343266248703,
        "y": 4.4957485198975
      },
      {
        "x": 0.0,
        "y": 4.9999995231628
      },
      {
        "x": 0.49973323941231,
        "y": 4.4952807426453
      },
      {
        "x": 0.49973338842392,
        "y": 0.80988430976868
      },
      {
        "x": 0.0,
        "y": 0.0
      },
      {
        "x": 0.49973341822624,
        "y": 0.49973341822624
      },
      {
        "x": 0.49973312020302,
        "y": 1.6725457906723
      },
      {
        "x": 0.0,
        "y": 0.0
      },
      {
        "x": 0.49973338842392,
        "y": 0.80988430976868
      },
      {
        "x": 4.9999995231628,
        "y": 0.0
      },
      {
        "x": 4.9999995231628,
        "y": 4.9999995231628
      },
      {
        "x": 4.4974904060364,
        "y": 4.4974904060364
      },
      {
        "x": 0.4997324347496,
        "y": 0.4997324347496
      },
      {
        "x": 0.0,
        "y": 0.0
      },
      {
        "x": 0.49979314208031,
        "y": 0.39016002416611
      },
      {
        "x": 4.4999895095825,
        "y": 0.0
      },
      {
        "x": 4.9999995231628,
        "y": 0.0
      },
      {
        "x": 4.498037815094,
        "y": 3.5113620758057
      },
      {
        "x": 0.49979314208031,
        "y": 0.39016002416611
      },
      {
        "x": 0.0,
        "y": 0.0
      },
      {
        "x": 0.50001007318497,
        "y": 0.0
      },
      {
        "x": 4.9999995231628,
        "y": 0.0
      },
      {
        "x": 4.4974904060364,
        "y": 4.4974904060364
      },
      {
        "x": 4.498037815094,
        "y": 3.5113620758057
      },
      {
        "x": 2.812917470932,
        "y": 1.5779973268509
      },
      {
        "x": 3.155978679657,
        "y": 1.5779973268509
      },
      {
        "x": 0.0,
        "y": 0.57800036668777
      },
      {
        "x": 0.0,
        "y": 0.57800036668777
      },
      {
        "x": 3.155978679657,
        "y": 1.5779973268509
      },
      {
        "x": 1.1559948921204,
        "y": 0.57800036668777
      },
      {
        "x": 0.0,
        "y": 1.577996134758
      },
      {
        "x": 2.812917470932,
        "y": 1.5779973268509
      },
      {
        "x": 0.0,
        "y": 0.57800036668777
      },
      {
        "x": 3.155978679657,
        "y": 1.5779973268509
      },
      {
        "x": 3.9999794960022,
        "y": 1.5779974460602
      },
      {
        "x": 1.1559948921204,
        "y": 0.57800036668777
      },
      {
        "x": 1.1559948921204,
        "y": 0.57800036668777
      },
      {
        "x": 3.9999794960022,
        "y": 1.5779974460602
      },
      {
        "x": 3.9999794960022,
        "y": 0.57800114154816
      },
      {
        "x": 0.17597557604313,
        "y": 1.5779973268509
      },
      {
        "x": 1.037095785141,
        "y": 1.5779968500137
      },
      {
        "x": 0.17597615718842,
        "y": 1.4779950380325
      },
      {
        "x": 1.037095785141,
        "y": 1.5779968500137
      },
      {
        "x": 0.17597579956055,
        "y": 0.57800054550171
      },
      {
        "x": 0.17597615718842,
        "y": 1.4779950380325
      },
      {
        "x": 1.037095785141,
        "y": 1.5779968500137
      },
      {
        "x": 3.3370106220245,
        "y": 1.5779973268509
      },
      {
        "x": 0.17597579956055,
        "y": 0.57800054550171
      },
      {
        "x": 3.4853973388672,
        "y": 1.5779972076416
      },
      {
        "x": 3.6853969097137,
        "y": 1.5779973268509
      },
      {
        "x": 0.67598646879196,
        "y": 0.57800030708313
      },
      {
        "x": 0.67598646879196,
        "y": 0.57800030708313
      },
      {
        "x": 3.6853969097137,
        "y": 1.5779973268509
      },
      {
        "x": 1.3499140739441,
        "y": 0.57800036668777
      },
      {
        "x": 3.3370106220245,
        "y": 1.5779973268509
      },
      {
        "x": 0.67598646879196,
        "y": 0.57800030708313
      },
      {
        "x": 0.17597579956055,
        "y": 0.57800054550171
      },
      {
        "x": 3.3370106220245,
        "y": 1.5779973268509
      },
      {
        "x": 3.4853973388672,
        "y": 1.5779972076416
      },
      {
        "x": 0.67598646879196,
        "y": 0.57800030708313
      },
      {
        "x": 3.6853969097137,
        "y": 1.5779973268509
      },
      {
        "x": 4.6709794998169,
        "y": 1.577997803688
      },
      {
        "x": 1.3499140739441,
        "y": 0.57800036668777
      },
      {
        "x": 1.3499140739441,
        "y": 0.57800036668777
      },
      {
        "x": 4.6709794998169,
        "y": 1.577997803688
      },
      {
        "x": 4.6709794998169,
        "y": 0.57800030708313
      },
      {
        "x": 3.2847864627838,
        "y": 1.5779970884323
      },
      {
        "x": 3.6853969097137,
        "y": 1.5779973268509
      },
      {
        "x": 0.0,
        "y": 0.57800000905991
      },
      {
        "x": 0.0,
        "y": 0.57800000905991
      },
      {
        "x": 3.6853969097137,
        "y": 1.5779973268509
      },
      {
        "x": 1.3499140739441,
        "y": 0.57800036668777
      },
      {
        "x": 0.0,
        "y": 1.5779972076416
      },
      {
        "x": 3.2847864627838,
        "y": 1.5779970884323
      },
      {
        "x": 0.0,
        "y": 0.57800000905991
      },
      {
        "x": 1.6464629173279,
        "y": 0.57800030708313
      },
      {
        "x": 1.3499140739441,
        "y": 0.57800036668777
      },
      {
        "x": 4.4950041770935,
        "y": 1.5779972076416
      },
      {
        "x": 3.8320145606995,
        "y": 0.57800024747849
      },
      {
        "x": 1.6464629173279,
        "y": 0.57800030708313
      },
      {
        "x": 4.4950041770935,
        "y": 0.67800199985504
      },
      {
        "x": 4.4950041770935,
        "y": 0.67800199985504
      },
      {
        "x": 1.6464629173279,
        "y": 0.57800030708313
      },
      {
        "x": 4.4950041770935,
        "y": 1.5779972076416
      },
      {
        "x": 4.4950046539307,
        "y": 0.57800036668777
      },
      {
        "x": 3.8320145606995,
        "y": 0.57800024747849
      },
      {
        "x": 4.4950041770935,
        "y": 0.67800199985504
      },
      {
        "x": 3.6853969097137,
        "y": 1.5779973268509
      },
      {
        "x": 3.9949939250946,
        "y": 1.5779973268509
      },
      {
        "x": 1.3499140739441,
        "y": 0.57800036668777
      },
      {
        "x": 1.3499140739441,
        "y": 0.57800036668777
      },
      {
        "x": 3.9949939250946,
        "y": 1.5779973268509
      },
      {
        "x": 4.4950041770935,
        "y": 1.5779972076416
      }
    ],
    "uvs": [
      {
        "x": 1.0,
        "y": 0.99999988079071
      },
      {
        "x": 0.0,
        "y": 0.99999988079071
      },
      {
        "x": 0.0,
        "y": 0.0
      },
      {
        "x": 0.0,
        "y": 0.0
      },
      {
        "x": 1.0,
        "y": 0.0
      },
      {
        "x": 1.0,
        "y": 0.99999988079071
      },
      {
        "x": 1.0,
        "y": 0.99999988079071
      },
      {
        "x": 0.0,
        "y": 0.99999988079071
      },
      {
        "x": 0.0,
        "y": 0.0
      },
      {
        "x": 0.0,
        "y": 0.0
      },
      {
        "x": 1.0,
        "y": 0.0
      },
      {
        "x": 1.0,
        "y": 0.99999988079071
      },
      {
        "x": 0.10000205039978,
        "y": 1.0
      },
      {
        "x": 0.0,
        "y": 0.99999988079071
      },
      {
        "x": 0.0,
        "y": 0.0
      },
      {
        "x": 0.10000205039978,
        "y": 1.0
      },
      {
        "x": 0.0,
        "y": 0.0
      },
      {
        "x": 0.10000205039978,
        "y": 0.1111136674881
      },
      {
        "x": 0.89999794960022,
        "y": 0.89999788999557
      },
      {
        "x": 1.0,
        "y": 0.99999988079071
      },
      {
        "x": 0.89999794960022,
        "y": 0.99999988079071
      },
      {
        "x": 0.10000205039978,
        "y": 0.1111136674881
      },
      {
        "x": 0.0,
        "y": 0.0
      },
      {
        "x": 0.10000205039978,
        "y": 0.10000205039978
      },
      {
        "x": 0.89999794960022,
        "y": 0.0
      },
      {
        "x": 1.0,
        "y": 0.0
      },
      {
        "x": 1.0,
        "y": 0.99999988079071
      },
      {
        "x": 0.10000205039978,
        "y": 0.10000205039978
      },
      {
        "x": 0.0,
        "y": 0.0
      },
      {
        "x": 0.10000205039978,
        "y": 0.0
      },
      {
        "x": 0.89999794960022,
        "y": 0.0
      },
      {
        "x": 1.0,
        "y": 0.99999988079071
      },
      {
        "x": 0.89999794960022,
        "y": 0.89999788999557
      },
      {
        "x": 1.0,
        "y": 0.99999988079071
      },
      {
        "x": 0.0,
        "y": 0.99999988079071
      },
      {
        "x": 0.0,
        "y": 0.0
      },
      {
        "x": 0.0,
        "y": 0.0
      },
      {
        "x": 1.0,
        "y": 0.0
      },
      {
        "x": 1.0,
        "y": 0.99999988079071
      },
      {
        "x": 1.0,
        "y": 1.0
      },
      {
        "x": 0.0,
        "y": 1.0
      },
      {
        "x": 0.10000205039978,
        "y": 0.89900088310242
      },
      {
        "x": 0.0,
        "y": 1.0
      },
      {
        "x": 0.0,
        "y": 0.0
      },
      {
        "x": 0.10000205039978,
        "y": 0.89900088310242
      },
      {
        "x": 0.89999794960022,
        "y": 0.89900088310242
      },
      {
        "x": 1.0,
        "y": 1.0
      },
      {
        "x": 0.33120101690292,
        "y": 0.89900088310242
      },
      {
        "x": 1.0,
        "y": 1.0
      },
      {
        "x": 0.10000205039978,
        "y": 0.89900088310242
      },
      {
        "x": 0.33120101690292,
        "y": 0.89900088310242
      },
      {
        "x": 0.10000205039978,
        "y": 0.89900088310242
      },
      {
        "x": 0.0,
        "y": 0.0
      },
      {
        "x": 0.10000205039978,
        "y": 0.2714421749115
      },
      {
        "x": 0.10000205039978,
        "y": 0.2714421749115
      },
      {
        "x": 0.0,
        "y": 0.0
      },
      {
        "x": 0.10000205039978,
        "y": 0.23478770256042
      },
      {
        "x": 0.10000205039978,
        "y": 0.23478770256042
      },
      {
        "x": 0.0,
        "y": 0.0
      },
      {
        "x": 0.10000205039978,
        "y": 0.099891304969788
      },
      {
        "x": 0.89999794960022,
        "y": 0.0
      },
      {
        "x": 1.0,
        "y": 0.0
      },
      {
        "x": 0.89999794960022,
        "y": 0.011099278926849
      },
      {
        "x": 0.10000205039978,
        "y": 0.099891304969788
      },
      {
        "x": 0.0,
        "y": 0.0
      },
      {
        "x": 0.10000205039978,
        "y": 0.0
      },
      {
        "x": 1.0,
        "y": 0.0
      },
      {
        "x": 1.0,
        "y": 1.0
      },
      {
        "x": 0.89999794960022,
        "y": 0.89900088310242
      },
      {
        "x": 1.0,
        "y": 0.0
      },
      {
        "x": 0.89999794960022,
        "y": 0.89900088310242
      },
      {
        "x": 0.89999794960022,
        "y": 0.6290180683136
      },
      {
        "x": 0.89999794960022,
        "y": 0.011099278926849
      },
      {
        "x": 1.0,
        "y": 0.0
      },
      {
        "x": 0.89999794960022,
        "y": 0.6290180683136
      },
      {
        "x": 0.10000205039978,
        "y": 0.10099911689758
      },
      {
        "x": 0.0,
        "y": 0.0
      },
      {
        "x": 1.0,
        "y": 0.0
      },
      {
        "x": 0.10000205039978,
        "y": 0.10099911689758
      },
      {
        "x": 1.0,
        "y": 0.0
      },
      {
        "x": 0.73119783401489,
        "y": 0.10099911689758
      },
      {
        "x": 1.0,
        "y": 0.0
      },
      {
        "x": 1.0,
        "y": 1.0
      },
      {
        "x": 0.89999794960022,
        "y": 0.10099911689758
      },
      {
        "x": 0.89999794960022,
        "y": 0.10099911689758
      },
      {
        "x": 1.0,
        "y": 1.0
      },
      {
        "x": 0.89999794960022,
        "y": 0.66554617881775
      },
      {
        "x": 0.73119783401489,
        "y": 0.10099911689758
      },
      {
        "x": 1.0,
        "y": 0.0
      },
      {
        "x": 0.89999794960022,
        "y": 0.10099911689758
      },
      {
        "x": 0.89999794960022,
        "y": 0.83807855844498
      },
      {
        "x": 1.0,
        "y": 1.0
      },
      {
        "x": 0.89999794960022,
        "y": 0.90010869503021
      },
      {
        "x": 0.89999794960022,
        "y": 0.66554617881775
      },
      {
        "x": 1.0,
        "y": 1.0
      },
      {
        "x": 0.89999794960022,
        "y": 0.83807855844498
      },
      {
        "x": 0.0,
        "y": 1.0
      },
      {
        "x": 0.0,
        "y": 0.0
      },
      {
        "x": 0.10000205039978,
        "y": 0.10099911689758
      },
      {
        "x": 0.89999794960022,
        "y": 0.90010869503021
      },
      {
        "x": 1.0,
        "y": 1.0
      },
      {
        "x": 0.89999794960022,
        "y": 0.92201113700867
      },
      {
        "x": 0.10000205039978,
        "y": 1.0
      },
      {
        "x": 0.0,
        "y": 1.0
      },
      {
        "x": 0.10000205039978,
        "y": 0.298115670681
      },
      {
        "x": 0.89999794960022,
        "y": 0.92201113700867
      },
      {
        "x": 1.0,
        "y": 1.0
      },
      {
        "x": 0.89999794960022,
        "y": 1.0
      },
      {
        "x": 0.0,
        "y": 1.0
      },
      {
        "x": 0.10000205039978,
        "y": 0.10099911689758
      },
      {
        "x": 0.10000205039978,
        "y": 0.298115670681
      },
      {
        "x": 0.33741450309753,
        "y": 0.99999988079071
      },
      {
        "x": 0.26880216598511,
        "y": 0.99999988079071
      },
      {
        "x": 0.89999794960022,
        "y": 0.0
      },
      {
        "x": 0.89999794960022,
        "y": 0.0
      },
      {
        "x": 0.26880216598511,
        "y": 0.99999988079071
      },
      {
        "x": 0.66879898309708,
        "y": 0.0
      },
      {
        "x": 0.89900088310242,
        "y": 0.99999988079071
      },
      {
        "x": 0.33741450309753,
        "y": 0.99999988079071
      },
      {
        "x": 0.89999794960022,
        "y": 0.0
      },
      {
        "x": 0.26880216598511,
        "y": 0.99999988079071
      },
      {
        "x": 0.10000205039978,
        "y": 0.99999988079071
      },
      {
        "x": 0.66879898309708,
        "y": 0.0
      },
      {
        "x": 0.66879898309708,
        "y": 0.0
      },
      {
        "x": 0.10000205039978,
        "y": 0.99999988079071
      },
      {
        "x": 0.10099911689758,
        "y": 0.0
      },
      {
        "x": 1.0,
        "y": 0.99999988079071
      },
      {
        "x": 0.82777601480484,
        "y": 0.99999988079071
      },
      {
        "x": 1.0,
        "y": 0.89999788999557
      },
      {
        "x": 0.82777601480484,
        "y": 0.99999988079071
      },
      {
        "x": 1.0,
        "y": 0.0
      },
      {
        "x": 1.0,
        "y": 0.89999788999557
      },
      {
        "x": 0.82777601480484,
        "y": 0.99999988079071
      },
      {
        "x": 0.36779296398163,
        "y": 0.99999988079071
      },
      {
        "x": 1.0,
        "y": 0.0
      },
      {
        "x": 0.33811569213867,
        "y": 0.99999988079071
      },
      {
        "x": 0.298115670681,
        "y": 0.99999988079071
      },
      {
        "x": 0.90010869503021,
        "y": 0.0
      },
      {
        "x": 0.90010869503021,
        "y": 0.0
      },
      {
        "x": 0.298115670681,
        "y": 0.99999988079071
      },
      {
        "x": 0.76521229743958,
        "y": 0.0
      },
      {
        "x": 0.36779296398163,
        "y": 0.99999988079071
      },
      {
        "x": 0.90010869503021,
        "y": 0.0
      },
      {
        "x": 1.0,
        "y": 0.0
      },
      {
        "x": 0.36779296398163,
        "y": 0.99999988079071
      },
      {
        "x": 0.33811569213867,
        "y": 0.99999988079071
      },
      {
        "x": 0.90010869503021,
        "y": 0.0
      },
      {
        "x": 0.298115670681,
        "y": 0.99999988079071
      },
      {
        "x": 0.10000205039978,
        "y": 0.99999988079071
      },
      {
        "x": 0.76521229743958,
        "y": 0.0
      },
      {
        "x": 0.76521229743958,
        "y": 0.0
      },
      {
        "x": 0.10000205039978,
        "y": 0.99999988079071
      },
      {
        "x": 0.10099911689758,
        "y": 0.0
      },
      {
        "x": 0.24233949184418,
        "y": 0.99999988079071
      },
      {
        "x": 0.16192144155502,
        "y": 0.99999988079071
      },
      {
        "x": 0.89999794960022,
        "y": 0.0
      },
      {
        "x": 0.89999794960022,
        "y": 0.0
      },
      {
        "x": 0.16192144155502,
        "y": 0.99999988079071
      },
      {
        "x": 0.6290180683136,
        "y": 0.0
      },
      {
        "x": 0.89900088310242,
        "y": 0.99999988079071
      },
      {
        "x": 0.24233949184418,
        "y": 0.99999988079071
      },
      {
        "x": 0.89999794960022,
        "y": 0.0
      },
      {
        "x": 0.56970822811127,
        "y": 0.0
      },
      {
        "x": 0.6290180683136,
        "y": 0.0
      },
      {
        "x": 0.0,
        "y": 1.0
      },
      {
        "x": 0.13259792327881,
        "y": 0.0
      },
      {
        "x": 0.56970822811127,
        "y": 0.0
      },
      {
        "x": 0.0,
        "y": 0.10000205039978
      },
      {
        "x": 0.0,
        "y": 0.10000205039978
      },
      {
        "x": 0.56970822811127,
        "y": 0.0
      },
      {
        "x": 0.0,
        "y": 1.0
      },
      {
        "x": 0.0,
        "y": 0.0
      },
      {
        "x": 0.13259792327881,
        "y": 0.0
      },
      {
        "x": 0.0,
        "y": 0.10000205039978
      },
      {
        "x": 0.16192144155502,
        "y": 0.99999988079071
      },
      {
        "x": 0.099891304969788,
        "y": 0.99999988079071
      },
      {
        "x": 0.6290180683136,
        "y": 0.0
      },
      {
        "x": 0.6290180683136,
        "y": 0.0
      },
      {
        "x": 0.099891304969788,
        "y": 0.99999988079071
      },
      {
        "x": 0.0,
        "y": 1.0
      }
    ],
    "vertices": [
      {
        "x": 0.5,
        "y": -0.49999994039536,
        "z": -0.5
      },
      {
        "x": 0.5,
        "y": -0.49999994039536,
        "z": 0.5
      },
      {
        "x": 0.5,
        "y": 0.50000005960464,
        "z": 0.5
      },
      {
        "x": 0.5,
        "y": 0.50000005960464,
        "z": 0.5
      },
      {
        "x": 0.5,
        "y": 0.50000005960464,
        "z": -0.5
      },
      {
        "x": 0.5,
        "y": -0.49999994039536,
        "z": -0.5
      },
      {
        "x": 0.5,
        "y": -0.49999994039536,
        "z": 0.5
      },
      {
        "x": -0.5,
        "y": -0.49999994039536,
        "z": 0.5
      },
      {
        "x": -0.5,
        "y": 0.50000005960464,
        "z": 0.5
      },
      {
        "x": -0.5,
        "y": 0.50000005960464,
        "z": 0.5
      },
      {
        "x": 0.5,
        "y": 0.50000005960464,
        "z": 0.5
      },
      {
        "x": 0.5,
        "y": -0.49999994039536,
        "z": 0.5
      },
      {
        "x": -0.5,
        "y": -0.50000005960464,
        "z": -0.39999794960022
      },
      {
        "x": -0.5,
        "y": -0.49999994039536,
        "z": -0.5
      },
      {
        "x": -0.5,
        "y": 0.50000005960464,
        "z": -0.5
      },
      {
        "x": -0.5,
        "y": -0.50000005960464,
        "z": -0.39999794960022
      },
      {
        "x": -0.5,
        "y": 0.50000005960464,
        "z": -0.5
      },
      {
        "x": -0.5,
        "y": 0.38888639211655,
        "z": -0.39999794960022
      },
      {
        "x": -0.5,
        "y": -0.39999794960022,
        "z": 0.39999797940254
      },
      {
        "x": -0.5,
        "y": -0.49999994039536,
        "z": 0.5
      },
      {
        "x": -0.5,
        "y": -0.49999994039536,
        "z": 0.39999797940254
      },
      {
        "x": -0.5,
        "y": 0.38888639211655,
        "z": -0.39999794960022
      },
      {
        "x": -0.5,
        "y": 0.50000005960464,
        "z": -0.5
      },
      {
        "x": -0.5,
        "y": 0.39999800920486,
        "z": -0.39999794960022
      },
      {
        "x": -0.5,
        "y": 0.50000005960464,
        "z": 0.39999794960022
      },
      {
        "x": -0.5,
        "y": 0.50000005960464,
        "z": 0.5
      },
      {
        "x": -0.5,
        "y": -0.49999994039536,
        "z": 0.5
      },
      {
        "x": -0.5,
        "y": 0.39999800920486,
        "z": -0.39999794960022
      },
      {
        "x": -0.5,
        "y": 0.50000005960464,
        "z": -0.5
      },
      {
        "x": -0.5,
        "y": 0.50000005960464,
        "z": -0.39999797940254
      },
      {
        "x": -0.5,
        "y": 0.50000005960464,
        "z": 0.39999794960022
      },
      {
        "x": -0.5,
        "y": -0.49999994039536,
        "z": 0.5
      },
      {
        "x": -0.5,
        "y": -0.39999794960022,
        "z": 0.39999797940254
      },
      {
        "x": -0.5,
        "y": -0.49999994039536,
        "z": -0.5
      },
      {
        "x": 0.5,
        "y": -0.49999994039536,
        "z": -0.5
      },
      {
        "x": 0.5,
        "y": 0.50000005960464,
        "z": -0.5
      },
      {
        "x": 0.5,
        "y": 0.50000005960464,
        "z": -0.5
      },
      {
        "x": -0.5,
        "y": 0.50000005960464,
        "z": -0.5
      },
      {
        "x": -0.5,
        "y": -0.49999994039536,
        "z": -0.5
      },
      {
        "x": 0.5,
        "y": 0.50000005960464,
        "z": -0.5
      },
      {
        "x": 0.5,
        "y": 0.50000005960464,
        "z": 0.5
      },
      {
        "x": 0.39900088310242,
        "y": 0.50000005960464,
        "z": 0.39999794960022
      },
      {
        "x": 0.5,
        "y": 0.50000005960464,
        "z": 0.5
      },
      {
        "x": -0.5,
        "y": 0.50000005960464,
        "z": 0.5
      },
      {
        "x": 0.39900088310242,
        "y": 0.50000005960464,
        "z": 0.39999794960022
      },
      {
        "x": 0.39900088310242,
        "y": 0.50000005960464,
        "z": -0.39999797940254
      },
      {
        "x": 0.5,
        "y": 0.50000005960464,
        "z": -0.5
      },
      {
        "x": 0.39900088310242,
        "y": 0.50000005960464,
        "z": 0.16879898309708
      },
      {
        "x": 0.5,
        "y": 0.50000005960464,
        "z": -0.5
      },
      {
        "x": 0.39900088310242,
        "y": 0.50000005960464,
        "z": 0.39999794960022
      },
      {
        "x": 0.39900088310242,
        "y": 0.50000005960464,
        "z": 0.16879898309708
      },
      {
        "x": 0.39900088310242,
        "y": 0.50000005960464,
        "z": 0.39999794960022
      },
      {
        "x": -0.5,
        "y": 0.50000005960464,
        "z": 0.5
      },
      {
        "x": -0.2285578250885,
        "y": 0.50000005960464,
        "z": 0.39999794960022
      },
      {
        "x": -0.2285578250885,
        "y": 0.50000005960464,
        "z": 0.39999794960022
      },
      {
        "x": -0.5,
        "y": 0.50000005960464,
        "z": 0.5
      },
      {
        "x": -0.26521229743958,
        "y": 0.50000005960464,
        "z": 0.39999794960022
      },
      {
        "x": -0.26521229743958,
        "y": 0.50000005960464,
        "z": 0.39999794960022
      },
      {
        "x": -0.5,
        "y": 0.50000005960464,
        "z": 0.5
      },
      {
        "x": -0.40010869503021,
        "y": 0.50000005960464,
        "z": 0.39999794960022
      },
      {
        "x": -0.5,
        "y": 0.50000005960464,
        "z": -0.39999797940254
      },
      {
        "x": -0.5,
        "y": 0.50000005960464,
        "z": -0.5
      },
      {
        "x": -0.48890072107315,
        "y": 0.50000005960464,
        "z": -0.39999794960022
      },
      {
        "x": -0.40010869503021,
        "y": 0.50000005960464,
        "z": 0.39999794960022
      },
      {
        "x": -0.5,
        "y": 0.50000005960464,
        "z": 0.5
      },
      {
        "x": -0.5,
        "y": 0.50000005960464,
        "z": 0.39999794960022
      },
      {
        "x": -0.5,
        "y": 0.50000005960464,
        "z": -0.5
      },
      {
        "x": 0.5,
        "y": 0.50000005960464,
        "z": -0.5
      },
      {
        "x": 0.39900088310242,
        "y": 0.50000005960464,
        "z": -0.39999797940254
      },
      {
        "x": -0.5,
        "y": 0.50000005960464,
        "z": -0.5
      },
      {
        "x": 0.39900088310242,
        "y": 0.50000005960464,
        "z": -0.39999797940254
      },
      {
        "x": 0.1290180683136,
        "y": 0.50000005960464,
        "z": -0.39999794960022
      },
      {
        "x": -0.48890072107315,
        "y": 0.50000005960464,
        "z": -0.39999794960022
      },
      {
        "x": -0.5,
        "y": 0.50000005960464,
        "z": -0.5
      },
      {
        "x": 0.1290180683136,
        "y": 0.50000005960464,
        "z": -0.39999794960022
      },
      {
        "x": 0.39900088310242,
        "y": -0.49999994039536,
        "z": 0.39999797940254
      },
      {
        "x": 0.5,
        "y": -0.49999994039536,
        "z": 0.5
      },
      {
        "x": 0.5,
        "y": -0.49999994039536,
        "z": -0.5
      },
      {
        "x": 0.39900088310242,
        "y": -0.49999994039536,
        "z": 0.39999797940254
      },
      {
        "x": 0.5,
        "y": -0.49999994039536,
        "z": -0.5
      },
      {
        "x": 0.39900088310242,
        "y": -0.49999994039536,
        "z": -0.23119783401489
      },
      {
        "x": 0.5,
        "y": -0.49999994039536,
        "z": -0.5
      },
      {
        "x": -0.5,
        "y": -0.49999994039536,
        "z": -0.5
      },
      {
        "x": 0.39900088310242,
        "y": -0.49999994039536,
        "z": -0.39999794960022
      },
      {
        "x": 0.39900088310242,
        "y": -0.49999994039536,
        "z": -0.39999794960022
      },
      {
        "x": -0.5,
        "y": -0.49999994039536,
        "z": -0.5
      },
      {
        "x": -0.16554617881775,
        "y": -0.49999994039536,
        "z": -0.39999794960022
      },
      {
        "x": 0.39900088310242,
        "y": -0.49999994039536,
        "z": -0.23119783401489
      },
      {
        "x": 0.5,
        "y": -0.49999994039536,
        "z": -0.5
      },
      {
        "x": 0.39900088310242,
        "y": -0.49999994039536,
        "z": -0.39999794960022
      },
      {
        "x": -0.33807855844498,
        "y": -0.49999994039536,
        "z": -0.39999794960022
      },
      {
        "x": -0.5,
        "y": -0.49999994039536,
        "z": -0.5
      },
      {
        "x": -0.40010869503021,
        "y": -0.49999994039536,
        "z": -0.39999794960022
      },
      {
        "x": -0.16554617881775,
        "y": -0.49999994039536,
        "z": -0.39999794960022
      },
      {
        "x": -0.5,
        "y": -0.49999994039536,
        "z": -0.5
      },
      {
        "x": -0.33807855844498,
        "y": -0.49999994039536,
        "z": -0.39999794960022
      },
      {
        "x": -0.5,
        "y": -0.49999994039536,
        "z": 0.5
      },
      {
        "x": 0.5,
        "y": -0.49999994039536,
        "z": 0.5
      },
      {
        "x": 0.39900088310242,
        "y": -0.49999994039536,
        "z": 0.39999797940254
      },
      {
        "x": -0.40010869503021,
        "y": -0.49999994039536,
        "z": -0.39999794960022
      },
      {
        "x": -0.5,
        "y": -0.49999994039536,
        "z": -0.5
      },
      {
        "x": -0.42201113700867,
        "y": -0.49999994039536,
        "z": -0.39999797940254
      },
      {
        "x": -0.5,
        "y": -0.49999994039536,
        "z": 0.39999797940254
      },
      {
        "x": -0.5,
        "y": -0.49999994039536,
        "z": 0.5
      },
      {
        "x": 0.201884329319,
        "y": -0.49999994039536,
        "z": 0.39999794960022
      },
      {
        "x": -0.42201113700867,
        "y": -0.49999994039536,
        "z": -0.39999797940254
      },
      {
        "x": -0.5,
        "y": -0.49999994039536,
        "z": -0.5
      },
      {
        "x": -0.5,
        "y": -0.50000005960464,
        "z": -0.39999794960022
      },
      {
        "x": -0.5,
        "y": -0.49999994039536,
        "z": 0.5
      },
      {
        "x": 0.39900088310242,
        "y": -0.49999994039536,
        "z": 0.39999797940254
      },
      {
        "x": 0.201884329319,
        "y": -0.49999994039536,
        "z": 0.39999794960022
      },
      {
        "x": 0.39900088310242,
        "y": -0.49999994039536,
        "z": -0.16258552670479
      },
      {
        "x": 0.39900088310242,
        "y": -0.49999994039536,
        "z": -0.23119783401489
      },
      {
        "x": 0.39900088310242,
        "y": 0.50000005960464,
        "z": 0.39999794960022
      },
      {
        "x": 0.39900088310242,
        "y": 0.50000005960464,
        "z": 0.39999794960022
      },
      {
        "x": 0.39900088310242,
        "y": -0.49999994039536,
        "z": -0.23119783401489
      },
      {
        "x": 0.39900088310242,
        "y": 0.50000005960464,
        "z": 0.16879898309708
      },
      {
        "x": 0.39900088310242,
        "y": -0.49999994039536,
        "z": 0.39900085330009
      },
      {
        "x": 0.39900088310242,
        "y": -0.49999994039536,
        "z": -0.16258552670479
      },
      {
        "x": 0.39900088310242,
        "y": 0.50000005960464,
        "z": 0.39999794960022
      },
      {
        "x": 0.39900088310242,
        "y": -0.49999994039536,
        "z": -0.23119783401489
      },
      {
        "x": 0.39900088310242,
        "y": -0.49999994039536,
        "z": -0.39999794960022
      },
      {
        "x": 0.39900088310242,
        "y": 0.50000005960464,
        "z": 0.16879898309708
      },
      {
        "x": 0.39900088310242,
        "y": 0.50000005960464,
        "z": 0.16879898309708
      },
      {
        "x": 0.39900088310242,
        "y": -0.49999994039536,
        "z": -0.39999794960022
      },
      {
        "x": 0.39900088310242,
        "y": 0.50000005960464,
        "z": -0.39900085330009
      },
      {
        "x": -0.5,
        "y": -0.49999994039536,
        "z": 0.39999797940254
      },
      {
        "x": -0.32777601480484,
        "y": -0.49999994039536,
        "z": 0.39999797940254
      },
      {
        "x": -0.5,
        "y": -0.39999794960022,
        "z": 0.39999797940254
      },
      {
        "x": -0.32777601480484,
        "y": -0.49999994039536,
        "z": 0.39999797940254
      },
      {
        "x": -0.5,
        "y": 0.50000005960464,
        "z": 0.39999794960022
      },
      {
        "x": -0.5,
        "y": -0.39999794960022,
        "z": 0.39999797940254
      },
      {
        "x": -0.32777601480484,
        "y": -0.49999994039536,
        "z": 0.39999797940254
      },
      {
        "x": 0.13220703601837,
        "y": -0.49999994039536,
        "z": 0.39999797940254
      },
      {
        "x": -0.5,
        "y": 0.50000005960464,
        "z": 0.39999794960022
      },
      {
        "x": 0.16188430786133,
        "y": -0.49999994039536,
        "z": 0.39999797940254
      },
      {
        "x": 0.201884329319,
        "y": -0.49999994039536,
        "z": 0.39999794960022
      },
      {
        "x": -0.40010869503021,
        "y": 0.50000005960464,
        "z": 0.39999794960022
      },
      {
        "x": -0.40010869503021,
        "y": 0.50000005960464,
        "z": 0.39999794960022
      },
      {
        "x": 0.201884329319,
        "y": -0.49999994039536,
        "z": 0.39999794960022
      },
      {
        "x": -0.26521229743958,
        "y": 0.50000005960464,
        "z": 0.39999794960022
      },
      {
        "x": 0.13220703601837,
        "y": -0.49999994039536,
        "z": 0.39999797940254
      },
      {
        "x": -0.40010869503021,
        "y": 0.50000005960464,
        "z": 0.39999794960022
      },
      {
        "x": -0.5,
        "y": 0.50000005960464,
        "z": 0.39999794960022
      },
      {
        "x": 0.13220703601837,
        "y": -0.49999994039536,
        "z": 0.39999797940254
      },
      {
        "x": 0.16188430786133,
        "y": -0.49999994039536,
        "z": 0.39999797940254
      },
      {
        "x": -0.40010869503021,
        "y": 0.50000005960464,
        "z": 0.39999794960022
      },
      {
        "x": 0.201884329319,
        "y": -0.49999994039536,
        "z": 0.39999794960022
      },
      {
        "x": 0.39999794960022,
        "y": -0.49999994039536,
        "z": 0.39999797940254
      },
      {
        "x": -0.26521229743958,
        "y": 0.50000005960464,
        "z": 0.39999794960022
      },
      {
        "x": -0.26521229743958,
        "y": 0.50000005960464,
        "z": 0.39999794960022
      },
      {
        "x": 0.39999794960022,
        "y": -0.49999994039536,
        "z": 0.39999797940254
      },
      {
        "x": 0.39900088310242,
        "y": 0.50000005960464,
        "z": 0.39999794960022
      },
      {
        "x": -0.25766050815582,
        "y": -0.49999994039536,
        "z": -0.39999797940254
      },
      {
        "x": -0.33807855844498,
        "y": -0.49999994039536,
        "z": -0.39999794960022
      },
      {
        "x": 0.39999794960022,
        "y": 0.50000005960464,
        "z": -0.39999797940254
      },
      {
        "x": 0.39999794960022,
        "y": 0.50000005960464,
        "z": -0.39999797940254
      },
      {
        "x": -0.33807855844498,
        "y": -0.49999994039536,
        "z": -0.39999794960022
      },
      {
        "x": 0.1290180683136,
        "y": 0.50000005960464,
        "z": -0.39999794960022
      },
      {
        "x": 0.39900088310242,
        "y": -0.49999994039536,
        "z": -0.39999794960022
      },
      {
        "x": -0.25766050815582,
        "y": -0.49999994039536,
        "z": -0.39999797940254
      },
      {
        "x": 0.39999794960022,
        "y": 0.50000005960464,
        "z": -0.39999797940254
      },
      {
        "x": 0.069708228111267,
        "y": 0.50000005960464,
        "z": -0.39999797940254
      },
      {
        "x": 0.1290180683136,
        "y": 0.50000005960464,
        "z": -0.39999794960022
      },
      {
        "x": -0.5,
        "y": -0.50000005960464,
        "z": -0.39999794960022
      },
      {
        "x": -0.36740207672119,
        "y": 0.50000005960464,
        "z": -0.39999797940254
      },
      {
        "x": 0.069708228111267,
        "y": 0.50000005960464,
        "z": -0.39999797940254
      },
      {
        "x": -0.5,
        "y": 0.39999800920486,
        "z": -0.39999794960022
      },
      {
        "x": -0.5,
        "y": 0.39999800920486,
        "z": -0.39999794960022
      },
      {
        "x": 0.069708228111267,
        "y": 0.50000005960464,
        "z": -0.39999797940254
      },
      {
        "x": -0.5,
        "y": -0.50000005960464,
        "z": -0.39999794960022
      },
      {
        "x": -0.5,
        "y": 0.50000005960464,
        "z": -0.39999797940254
      },
      {
        "x": -0.36740207672119,
        "y": 0.50000005960464,
        "z": -0.39999797940254
      },
      {
        "x": -0.5,
        "y": 0.39999800920486,
        "z": -0.39999794960022
      },
      {
        "x": -0.33807855844498,
        "y": -0.49999994039536,
        "z": -0.39999794960022
      },
      {
        "x": -0.40010869503021,
        "y": -0.49999994039536,
        "z": -0.39999794960022
      },
      {
        "x": 0.1290180683136,
        "y": 0.50000005960464,
        "z": -0.39999794960022
      },
      {
        "x": 0.1290180683136,
        "y": 0.50000005960464,
        "z": -0.39999794960022
      },
      {
        "x": -0.40010869503021,
        "y": -0.49999994039536,
        "z": -0.39999794960022
      },
      {
        "x": -0.5,
        "y": -0.50000005960464,
        "z": -0.39999794960022
      }
    ]
  }
}