{
  "additionalData": {
    "local_transform": [
      "1 0 0 0 1 0 0 0 1 0 -1.49012e-08 2.98023e-08",
      "1.41421 -1.41421 0 1.41421 1.41421 0 0 0 1.426 0.711887 0.723251 0.00667194"
    ],
    "tillBaseScale": {
      "x": 0.99999988079071,
      "y": 0.99999988079071,
      "z": 0.99999976158142
    }
  },
  "basicShapesData": [
    {
      "class": "Part",
      "properties": {
        "angleVelocity": "x:0 y:0 z:0",
        "batchType": "Static",
        "bloom": "false",
        "booleanOperation": "0",
        "cameraCollideEnable": "true",
        "collisionFidelity": "0",
        "collisionGroup": "1",
        "collisionUniqueKey": "",
        "customColor": "r:1 g:1 b:1 a:1",
        "customThreshold": "1",
        "density": "2.2",
        "friction": "0.37",
        "id": "8780564162408431617",
        "individual": "false",
        "isLockedInEditor": "false",
        "isSelectInEditor": "false",
        "isVisibleInEditor": "true",
        "lineVelocity": "x:0 y:0 z:0",
        "materialAlpha": "1",
        "materialColor": "r:1 g:1 b:1 a:1",
        "materialOffset": "x:1 y:1 z:1",
        "materialTexture": "part_suliao.tga",
        "name": "Part",
        "needSync": "true",
        "networkOwner": "0",
        "originSize": "x:1 y:1 z:1",
        "partNavMeshType": "1",
        "position": "x:-38.4048 y:82.2431 z:-18.7004",
        "restitution": "0.3",
        "rotation": "x:-0 y:0 z:0",
        "scale": "x:1 y:1 z:1",
        "selectable": "true",
        "shape": "1",
        "sides": "24",
        "sideStack": "5",
        "sphereDivision": "3",
        "staticBatchNo": "",
        "staticObject": "false",
        "templateInstanceId": "8780564162408431617",
        "unionLastBox": "false",
        "useAnchor": "false",
        "useCollide": "true",
        "useGravity": "true"
      }
    },
    {
      "class": "Part",
      "properties": {
        "angleVelocity": "x:0 y:0 z:0",
        "batchType": "Static",
        "bloom": "false",
        "booleanOperation": "2",
        "cameraCollideEnable": "true",
        "collisionFidelity": "0",
        "collisionGroup": "1",
        "collisionUniqueKey": "",
        "customColor": "r:0 g:0 b:0 a:1",
        "customThreshold": "1",
        "density": "2.2",
        "friction": "0.37",
        "id": "8780564162413281281",
        "individual": "false",
        "isLockedInEditor": "false",
        "isSelectInEditor": "false",
        "isVisibleInEditor": "true",
        "lineVelocity": "x:0 y:0 z:0",
        "materialAlpha": "1",
        "materialColor": "r:0 g:0 b:0 a:1",
        "materialOffset": "x:1 y:1 z:1",
        "materialTexture": "part_suliao.tga",
        "name": "Part",
        "needSync": "true",
        "networkOwner": "0",
        "originSize": "x:1 y:1 z:1",
        "partNavMeshType": "1",
        "position": "x:-37.693 y:82.9664 z:-18.6938",
        "restitution": "0.3",
        "rotation": "x:-0 y:0 z:45",
        "scale": "x:1.99999 y:1.99999 z:1.426",
        "selectable": "true",
        "shape": "1",
        "sides": "24",
        "sideStack": "5",
        "sphereDivision": "3",
        "staticBatchNo": "",
        "staticObject": "false",
        "templateInstanceId": "8780564162413281281",
        "unionLastBox": "false",
        "useAnchor": "false",
        "useCollide": "true",
        "useGravity": "true"
      }
    }
  ],
  "brushData": {
    "colors": [
      0,
      0,
      0,
      0,
      0,
      0,
      0,
      0,
      0,
      0,
      0,
      0,
      0,
      0,
      0,
      0,
      0,
      0,
      0,
      0,
      0,
      0,
      0,
      0,
      0,
      0,
      0,
      0
    ],
    "lightmapUVs": [
      {
        "x": 0.0,
        "y": 0.0
      },
      {
        "x": 0.0,
        "y": 0.0
      },
      {
        "x": 0.0,
        "y": 0.0
      },
      {
        "x": 0.0,
        "y": 0.0
      },
      {
        "x": 0.0,
        "y": 0.0
      },
      {
        "x": 0.0,
        "y": 0.0
      },
      {
        "x": 0.0,
        "y": 0.0
      },
      {
        "x": 0.0,
        "y": 0.0
      },
      {
        "x": 0.0,
        "y": 0.0
      },
      {
        "x": 0.0,
        "y": 0.0
      },
      {
        "x": 0.0,
        "y": 0.0
      },
      {
        "x": 0.0,
        "y": 0.0
      },
      {
        "x": 0.0,
        "y": 0.0
      },
      {
        "x": 0.0,
        "y": 0.0
      },
      {
        "x": 0.0,
        "y": 0.0
      },
      {
        "x": 0.0,
        "y": 0.0
      },
      {
        "x": 0.0,
        "y": 0.0
      },
      {
        "x": 0.0,
        "y": 0.0
      },
      {
        "x": 0.0,
        "y": 0.0
      },
      {
        "x": 0.0,
        "y": 0.0
      },
      {
        "x": 0.0,
        "y": 0.0
      },
      {
        "x": 0.0,
        "y": 0.0
      },
      {
        "x": 0.0,
        "y": 0.0
      },
      {
        "x": 0.0,
        "y": 0.0
      },
      {
        "x": 0.0,
        "y": 0.0
      },
      {
        "x": 0.0,
        "y": 0.0
      },
      {
        "x": 0.0,
        "y": 0.0
      },
      {
        "x": 0.0,
        "y": 0.0
      },
      {
        "x": 0.0,
        "y": 0.0
      },
      {
        "x": 0.0,
        "y": 0.0
      },
      {
        "x": 0.0,
        "y": 0.0
      },
      {
        "x": 0.0,
        "y": 0.0
      },
      {
        "x": 0.0,
        "y": 0.0
      },
      {
        "x": 0.0,
        "y": 0.0
      },
      {
        "x": 0.0,
        "y": 0.0
      },
      {
        "x": 0.0,
        "y": 0.0
      },
      {
        "x": 0.0,
        "y": 0.0
      },
      {
        "x": 0.0,
        "y": 0.0
      },
      {
        "x": 0.0,
        "y": 0.0
      },
      {
        "x": 0.0,
        "y": 0.0
      },
      {
        "x": 0.0,
        "y": 0.0
      },
      {
        "x": 0.0,
        "y": 0.0
      },
      {
        "x": 0.0,
        "y": 0.0
      },
      {
        "x": 0.0,
        "y": 0.0
      },
      {
        "x": 0.0,
        "y": 0.0
      },
      {
        "x": 0.0,
        "y": 0.0
      },
      {
        "x": 0.0,
        "y": 0.0
      },
      {
        "x": 0.0,
        "y": 0.0
      },
      {
        "x": 0.0,
        "y": 0.0
      },
      {
        "x": 0.0,
        "y": 0.0
      },
      {
        "x": 0.0,
        "y": 0.0
      },
      {
        "x": 0.0,
        "y": 0.0
      },
      {
        "x": 0.0,
        "y": 0.0
      },
      {
        "x": 0.0,
        "y": 0.0
      },
      {
        "x": 0.0,
        "y": 0.0
      },
      {
        "x": 0.0,
        "y": 0.0
      },
      {
        "x": 0.0,
        "y": 0.0
      },
      {
        "x": 0.0,
        "y": 0.0
      },
      {
        "x": 0.0,
        "y": 0.0
      },
      {
        "x": 0.0,
        "y": 0.0
      },
      {
        "x": 0.0,
        "y": 0.0
      },
      {
        "x": 0.0,
        "y": 0.0
      },
      {
        "x": 0.0,
        "y": 0.0
      },
      {
        "x": 0.0,
        "y": 0.0
      },
      {
        "x": 0.0,
        "y": 0.0
      },
      {
        "x": 0.0,
        "y": 0.0
      },
      {
        "x": 0.0,
        "y": 0.0
      },
      {
        "x": 0.0,
        "y": 0.0
      },
      {
        "x": 0.0,
        "y": 0.0
      },
      {
        "x": 0.0,
        "y": 0.0
      },
      {
        "x": 0.0,
        "y": 0.0
      },
      {
        "x": 0.0,
        "y": 0.0
      },
      {
        "x": 0.0,
        "y": 0.0
      },
      {
        "x": 0.0,
        "y": 0.0
      },
      {
        "x": 0.0,
        "y": 0.0
      },
      {
        "x": 0.0,
        "y": 0.0
      },
      {
        "x": 0.0,
        "y": 0.0
      },
      {
        "x": 0.0,
        "y": 0.0
      },
      {
        "x": 0.0,
        "y": 0.0
      },
      {
        "x": 0.0,
        "y": 0.0
      },
      {
        "x": 0.0,
        "y": 0.0
      },
      {
        "x": 0.0,
        "y": 0.0
      },
      {
        "x": 0.0,
        "y": 0.0
      },
      {
        "x": 0.0,
        "y": 0.0
      }
    ],
    "uv2s": [
      {
        "x": 0.97906768321991,
        "y": 0.97906768321991
      },
      {
        "x": 1.0,
        "y": 1.0
      },
      {
        "x": 0.0,
        "y": 0.97906768321991
      },
      {
        "x": 1.0,
        "y": 1.0
      },
      {
        "x": 0.0,
        "y": 1.0
      },
      {
        "x": 0.0,
        "y": 0.97906768321991
      },
      {
        "x": 1.0,
        "y": 0.97906774282455
      },
      {
        "x": 1.0,
        "y": 1.0
      },
      {
        "x": 0.97906768321991,
        "y": 0.97906768321991
      },
      {
        "x": 0.99999994039536,
        "y": 1.0
      },
      {
        "x": 0.0,
        "y": 1.0
      },
      {
        "x": 0.0,
        "y": 5.9604644775391e-08
      },
      {
        "x": 0.99403238296509,
        "y": 0.97310012578964
      },
      {
        "x": 0.0,
        "y": 5.9604644775391e-08
      },
      {
        "x": 0.02093231678009,
        "y": 5.9604644775391e-08
      },
      {
        "x": 0.99999994039536,
        "y": 0.97906768321991
      },
      {
        "x": 0.99999994039536,
        "y": 1.0
      },
      {
        "x": 0.99403238296509,
        "y": 0.97310012578964
      },
      {
        "x": 0.99999994039536,
        "y": 1.0
      },
      {
        "x": 0.0,
        "y": 5.9604644775391e-08
      },
      {
        "x": 0.99403238296509,
        "y": 0.97310012578964
      },
      {
        "x": 1.0,
        "y": 1.0
      },
      {
        "x": 0.0,
        "y": 1.0
      },
      {
        "x": 0.0,
        "y": 5.9604644775391e-08
      },
      {
        "x": 0.0,
        "y": 5.9604644775391e-08
      },
      {
        "x": 1.0,
        "y": 5.9604644775391e-08
      },
      {
        "x": 1.0,
        "y": 1.0
      },
      {
        "x": 0.48953378200531,
        "y": 0.4895339012146
      },
      {
        "x": 0.99999994039536,
        "y": 1.0
      },
      {
        "x": 0.0,
        "y": 0.97906774282455
      },
      {
        "x": 0.99999994039536,
        "y": 1.0
      },
      {
        "x": 0.0,
        "y": 1.0
      },
      {
        "x": 0.0,
        "y": 0.97906774282455
      },
      {
        "x": 0.97906768321991,
        "y": 5.9604644775391e-08
      },
      {
        "x": 0.99999994039536,
        "y": 5.9604644775391e-08
      },
      {
        "x": 0.99999994039536,
        "y": 1.0
      },
      {
        "x": 0.97906768321991,
        "y": 5.9604644775391e-08
      },
      {
        "x": 0.99999994039536,
        "y": 1.0
      },
      {
        "x": 0.48953378200531,
        "y": 0.4895339012146
      },
      {
        "x": 0.0,
        "y": 0.02093231678009
      },
      {
        "x": 0.0,
        "y": 0.0
      },
      {
        "x": 0.02093231678009,
        "y": 0.02093231678009
      },
      {
        "x": 0.0,
        "y": 0.0
      },
      {
        "x": 1.0,
        "y": 0.0
      },
      {
        "x": 0.9812148809433,
        "y": 0.02093231678009
      },
      {
        "x": 0.9812148809433,
        "y": 0.02093231678009
      },
      {
        "x": 1.0,
        "y": 0.0
      },
      {
        "x": 1.0,
        "y": 0.020932257175446
      },
      {
        "x": 0.02093231678009,
        "y": 0.02093231678009
      },
      {
        "x": 0.0,
        "y": 0.0
      },
      {
        "x": 0.9812148809433,
        "y": 0.02093231678009
      },
      {
        "x": 0.0,
        "y": 0.0
      },
      {
        "x": 1.0,
        "y": 0.0
      },
      {
        "x": 1.0,
        "y": 0.99999994039536
      },
      {
        "x": 1.0,
        "y": 0.99999994039536
      },
      {
        "x": 0.0,
        "y": 0.99999994039536
      },
      {
        "x": 0.0,
        "y": 0.0
      },
      {
        "x": 0.9812148809433,
        "y": 0.02093231678009
      },
      {
        "x": 0.98233222961426,
        "y": 0.02093231678009
      },
      {
        "x": 0.0,
        "y": 0.99403238296509
      },
      {
        "x": 0.0,
        "y": 0.97310012578964
      },
      {
        "x": 0.98233222961426,
        "y": 0.0
      },
      {
        "x": 0.0,
        "y": 0.97906768321991
      },
      {
        "x": 1.0,
        "y": 0.86832481622696
      },
      {
        "x": 1.0,
        "y": 0.97906768321991
      },
      {
        "x": 0.97906768321991,
        "y": 0.97906768321991
      },
      {
        "x": 0.0,
        "y": 0.97906768321991
      },
      {
        "x": 1.0,
        "y": 0.4895339012146
      },
      {
        "x": 0.97906768321991,
        "y": 0.97906768321991
      },
      {
        "x": 1.0,
        "y": 0.51046615839005
      },
      {
        "x": 1.0,
        "y": 0.8892570734024
      },
      {
        "x": 0.97906768321991,
        "y": 0.99999988079071
      },
      {
        "x": 0.98233222961426,
        "y": 0.0
      },
      {
        "x": 1.0,
        "y": 1.1920928955078e-07
      },
      {
        "x": 0.0,
        "y": 0.97906768321991
      },
      {
        "x": 0.0,
        "y": 0.99999994039536
      },
      {
        "x": 1.0,
        "y": 0.020932257175446
      },
      {
        "x": 1.0,
        "y": 0.51046615839005
      },
      {
        "x": 0.02093231678009,
        "y": 5.9604644775391e-08
      },
      {
        "x": 0.9812148809433,
        "y": 5.9604644775391e-08
      },
      {
        "x": 0.0,
        "y": 0.97310012578964
      },
      {
        "x": 0.0,
        "y": 5.9604644775391e-08
      },
      {
        "x": 0.02093231678009,
        "y": 5.9604644775391e-08
      },
      {
        "x": 0.0,
        "y": 0.97310012578964
      }
    ],
    "uv3s": [
      {
        "x": 0.97906750440598,
        "y": 0.97906750440598
      },
      {
        "x": 0.99999988079071,
        "y": 0.99999988079071
      },
      {
        "x": 0.0,
        "y": 0.97906756401062
      },
      {
        "x": 0.99999988079071,
        "y": 0.99999988079071
      },
      {
        "x": 0.0,
        "y": 0.99999988079071
      },
      {
        "x": 0.0,
        "y": 0.97906756401062
      },
      {
        "x": 0.99999988079071,
        "y": 0.97906768321991
      },
      {
        "x": 0.99999988079071,
        "y": 0.99999988079071
      },
      {
        "x": 0.97906768321991,
        "y": 0.97906768321991
      },
      {
        "x": 0.99999988079071,
        "y": 0.99999988079071
      },
      {
        "x": 0.0,
        "y": 0.99999988079071
      },
      {
        "x": 0.0,
        "y": 0.0
      },
      {
        "x": 0.99403232336044,
        "y": 0.97310000658035
      },
      {
        "x": 0.0,
        "y": 0.0
      },
      {
        "x": 0.02093231678009,
        "y": 0.0
      },
      {
        "x": 0.99999988079071,
        "y": 0.97906762361526
      },
      {
        "x": 0.99999988079071,
        "y": 0.99999988079071
      },
      {
        "x": 0.99403232336044,
        "y": 0.97310000658035
      },
      {
        "x": 0.99999988079071,
        "y": 0.99999988079071
      },
      {
        "x": 0.0,
        "y": 0.0
      },
      {
        "x": 0.99403232336044,
        "y": 0.97310000658035
      },
      {
        "x": 0.99999988079071,
        "y": 0.99999988079071
      },
      {
        "x": 0.0,
        "y": 0.99999988079071
      },
      {
        "x": 0.0,
        "y": 0.0
      },
      {
        "x": 0.0,
        "y": 0.0
      },
      {
        "x": 0.99999988079071,
        "y": 0.0
      },
      {
        "x": 0.99999988079071,
        "y": 0.99999988079071
      },
      {
        "x": 0.48953375220299,
        "y": 0.48953375220299
      },
      {
        "x": 0.99999988079071,
        "y": 0.99999988079071
      },
      {
        "x": 0.0,
        "y": 0.97906756401062
      },
      {
        "x": 0.99999988079071,
        "y": 0.99999988079071
      },
      {
        "x": 0.0,
        "y": 0.99999988079071
      },
      {
        "x": 0.0,
        "y": 0.97906756401062
      },
      {
        "x": 0.97906768321991,
        "y": 0.0
      },
      {
        "x": 0.99999988079071,
        "y": 0.0
      },
      {
        "x": 0.99999988079071,
        "y": 0.99999988079071
      },
      {
        "x": 0.97906768321991,
        "y": 0.0
      },
      {
        "x": 0.99999988079071,
        "y": 0.99999988079071
      },
      {
        "x": 0.48953378200531,
        "y": 0.48953378200531
      },
      {
        "x": 0.0,
        "y": 0.0209322553128
      },
      {
        "x": 0.0,
        "y": 0.0
      },
      {
        "x": 0.020932314917445,
        "y": 0.020932314917445
      },
      {
        "x": 0.0,
        "y": 0.0
      },
      {
        "x": 0.99999988079071,
        "y": 0.0
      },
      {
        "x": 0.98121482133865,
        "y": 0.020932257175446
      },
      {
        "x": 0.98121482133865,
        "y": 0.020932257175446
      },
      {
        "x": 0.99999988079071,
        "y": 0.0
      },
      {
        "x": 0.99999988079071,
        "y": 0.020932314917445
      },
      {
        "x": 0.02093237452209,
        "y": 0.02093237452209
      },
      {
        "x": 0.0,
        "y": 0.0
      },
      {
        "x": 0.98121482133865,
        "y": 0.020932257175446
      },
      {
        "x": 0.99999988079071,
        "y": 0.99999988079071
      },
      {
        "x": 0.0,
        "y": 0.99999988079071
      },
      {
        "x": 0.0,
        "y": 0.0
      },
      {
        "x": 0.0,
        "y": 0.0
      },
      {
        "x": 0.99999988079071,
        "y": 0.0
      },
      {
        "x": 0.99999988079071,
        "y": 0.99999988079071
      },
      {
        "x": 0.15786334872246,
        "y": 0.15786334872246
      },
      {
        "x": 0.15707981586456,
        "y": 0.15786337852478
      },
      {
        "x": 0.84595233201981,
        "y": 0.84595233201981
      },
      {
        "x": 0.84595233201981,
        "y": 0.84595233201981
      },
      {
        "x": 0.15707981586456,
        "y": 0.15786337852478
      },
      {
        "x": 0.84595239162445,
        "y": 0.85017222166061
      },
      {
        "x": 0.144690066576,
        "y": 0.7718648314476
      },
      {
        "x": 0.14469003677368,
        "y": 0.85017228126526
      },
      {
        "x": 0.15936920046806,
        "y": 0.85017222166061
      },
      {
        "x": 0.84595239162445,
        "y": 0.85017222166061
      },
      {
        "x": 0.14469014108181,
        "y": 0.50401782989502
      },
      {
        "x": 0.15936920046806,
        "y": 0.85017222166061
      },
      {
        "x": 0.14469014108181,
        "y": 0.50401782989502
      },
      {
        "x": 0.144690066576,
        "y": 0.7718648314476
      },
      {
        "x": 0.15936920046806,
        "y": 0.85017222166061
      },
      {
        "x": 0.15707981586456,
        "y": 0.15786337852478
      },
      {
        "x": 0.14469003677368,
        "y": 0.15786328911781
      },
      {
        "x": 0.84595239162445,
        "y": 0.85017222166061
      },
      {
        "x": 0.84595239162445,
        "y": 0.85017222166061
      },
      {
        "x": 0.14469003677368,
        "y": 0.15786328911781
      },
      {
        "x": 0.14469014108181,
        "y": 0.50401782989502
      },
      {
        "x": 0.83127319812775,
        "y": 0.15786337852478
      },
      {
        "x": 0.15786337852478,
        "y": 0.15786337852478
      },
      {
        "x": 0.84595239162445,
        "y": 0.84595239162445
      },
      {
        "x": 0.84595227241516,
        "y": 0.15786334872246
      },
      {
        "x": 0.83127319812775,
        "y": 0.15786337852478
      },
      {
        "x": 0.84595239162445,
        "y": 0.84595239162445
      }
    ],
    "uvs": [
      {
        "x": 0.97906768321991,
        "y": 0.97906768321991
      },
      {
        "x": 1.0,
        "y": 1.0
      },
      {
        "x": 0.0,
        "y": 0.97906768321991
      },
      {
        "x": 1.0,
        "y": 1.0
      },
      {
        "x": 0.0,
        "y": 1.0
      },
      {
        "x": 0.0,
        "y": 0.97906768321991
      },
      {
        "x": 1.0,
        "y": 0.97906774282455
      },
      {
        "x": 1.0,
        "y": 1.0
      },
      {
        "x": 0.97906768321991,
        "y": 0.97906768321991
      },
      {
        "x": 1.0,
        "y": 1.0
      },
      {
        "x": 0.0,
        "y": 1.0
      },
      {
        "x": 0.0,
        "y": 5.9604644775391e-08
      },
      {
        "x": 0.99403244256973,
        "y": 0.97310012578964
      },
      {
        "x": 0.0,
        "y": 5.9604644775391e-08
      },
      {
        "x": 0.02093231678009,
        "y": 5.9604644775391e-08
      },
      {
        "x": 1.0,
        "y": 0.97906768321991
      },
      {
        "x": 1.0,
        "y": 1.0
      },
      {
        "x": 0.99403244256973,
        "y": 0.97310012578964
      },
      {
        "x": 1.0,
        "y": 1.0
      },
      {
        "x": 0.0,
        "y": 5.9604644775391e-08
      },
      {
        "x": 0.99403244256973,
        "y": 0.97310012578964
      },
      {
        "x": 1.0,
        "y": 1.0
      },
      {
        "x": 0.0,
        "y": 1.0
      },
      {
        "x": 0.0,
        "y": 5.9604644775391e-08
      },
      {
        "x": 0.0,
        "y": 5.9604644775391e-08
      },
      {
        "x": 1.0,
        "y": 5.9604644775391e-08
      },
      {
        "x": 1.0,
        "y": 1.0
      },
      {
        "x": 0.48953378200531,
        "y": 0.4895339012146
      },
      {
        "x": 1.0,
        "y": 1.0
      },
      {
        "x": 0.0,
        "y": 0.97906774282455
      },
      {
        "x": 1.0,
        "y": 1.0
      },
      {
        "x": 0.0,
        "y": 1.0
      },
      {
        "x": 0.0,
        "y": 0.97906774282455
      },
      {
        "x": 0.97906774282455,
        "y": 5.9604644775391e-08
      },
      {
        "x": 1.0,
        "y": 5.9604644775391e-08
      },
      {
        "x": 1.0,
        "y": 1.0
      },
      {
        "x": 0.97906774282455,
        "y": 5.9604644775391e-08
      },
      {
        "x": 1.0,
        "y": 1.0
      },
      {
        "x": 0.48953378200531,
        "y": 0.4895339012146
      },
      {
        "x": 0.0,
        "y": 0.02093231678009
      },
      {
        "x": 0.0,
        "y": 0.0
      },
      {
        "x": 0.02093231678009,
        "y": 0.02093231678009
      },
      {
        "x": 0.0,
        "y": 0.0
      },
      {
        "x": 1.0,
        "y": 0.0
      },
      {
        "x": 0.9812148809433,
        "y": 0.02093231678009
      },
      {
        "x": 0.9812148809433,
        "y": 0.02093231678009
      },
      {
        "x": 1.0,
        "y": 0.0
      },
      {
        "x": 1.0,
        "y": 0.020932257175446
      },
      {
        "x": 0.02093231678009,
        "y": 0.02093231678009
      },
      {
        "x": 0.0,
        "y": 0.0
      },
      {
        "x": 0.9812148809433,
        "y": 0.02093231678009
      },
      {
        "x": 0.0,
        "y": 0.0
      },
      {
        "x": 1.0,
        "y": 0.0
      },
      {
        "x": 1.0,
        "y": 1.0
      },
      {
        "x": 1.0,
        "y": 1.0
      },
      {
        "x": 0.0,
        "y": 1.0
      },
      {
        "x": 0.0,
        "y": 0.0
      },
      {
        "x": 0.9812148809433,
        "y": 0.02093231678009
      },
      {
        "x": 0.98233222961426,
        "y": 0.02093231678009
      },
      {
        "x": 0.0,
        "y": 0.99403244256973
      },
      {
        "x": 0.0,
        "y": 0.97310012578964
      },
      {
        "x": 0.98233222961426,
        "y": 0.0
      },
      {
        "x": 0.0,
        "y": 0.97906768321991
      },
      {
        "x": 1.0,
        "y": 0.86832481622696
      },
      {
        "x": 1.0,
        "y": 0.97906768321991
      },
      {
        "x": 0.97906768321991,
        "y": 0.97906768321991
      },
      {
        "x": 0.0,
        "y": 0.97906768321991
      },
      {
        "x": 1.0,
        "y": 0.4895339012146
      },
      {
        "x": 0.97906768321991,
        "y": 0.97906768321991
      },
      {
        "x": 1.0,
        "y": 0.51046621799469
      },
      {
        "x": 1.0,
        "y": 0.88925713300705
      },
      {
        "x": 0.97906768321991,
        "y": 0.99999994039536
      },
      {
        "x": 0.98233222961426,
        "y": 0.0
      },
      {
        "x": 1.0,
        "y": 1.1920928955078e-07
      },
      {
        "x": 0.0,
        "y": 0.97906768321991
      },
      {
        "x": 0.0,
        "y": 1.0
      },
      {
        "x": 1.0,
        "y": 0.020932257175446
      },
      {
        "x": 1.0,
        "y": 0.51046621799469
      },
      {
        "x": 0.02093231678009,
        "y": 5.9604644775391e-08
      },
      {
        "x": 0.9812148809433,
        "y": 5.9604644775391e-08
      },
      {
        "x": 0.0,
        "y": 0.97310012578964
      },
      {
        "x": 0.0,
        "y": 5.9604644775391e-08
      },
      {
        "x": 0.02093231678009,
        "y": 5.9604644775391e-08
      },
      {
        "x": 0.0,
        "y": 0.97310012578964
      }
    ],
    "vertices": [
      {
        "x": 0.49999997019768,
        "y": -0.47906768321991,
        "z": -0.47906768321991
      },
      {
        "x": 0.49999997019768,
        "y": -0.5,
        "z": -0.49999997019768
      },
      {
        "x": 0.49999997019768,
        "y": -0.47906768321991,
        "z": 0.5
      },
      {
        "x": 0.49999997019768,
        "y": -0.5,
        "z": -0.49999997019768
      },
      {
        "x": 0.49999997019768,
        "y": -0.5,
        "z": 0.5
      },
      {
        "x": 0.49999997019768,
        "y": -0.47906768321991,
        "z": 0.5
      },
      {
        "x": 0.49999997019768,
        "y": -0.47906774282455,
        "z": -0.49999997019768
      },
      {
        "x": 0.49999997019768,
        "y": -0.5,
        "z": -0.49999997019768
      },
      {
        "x": 0.49999997019768,
        "y": -0.47906768321991,
        "z": -0.47906768321991
      },
      {
        "x": 0.49999997019768,
        "y": -0.5,
        "z": 0.5
      },
      {
        "x": -0.49999997019768,
        "y": -0.5,
        "z": 0.5
      },
      {
        "x": -0.49999997019768,
        "y": 0.49999994039536,
        "z": 0.5
      },
      {
        "x": 0.49403241276741,
        "y": -0.47310012578964,
        "z": 0.5
      },
      {
        "x": -0.49999997019768,
        "y": 0.49999994039536,
        "z": 0.5
      },
      {
        "x": -0.47906765341759,
        "y": 0.49999994039536,
        "z": 0.5
      },
      {
        "x": 0.49999997019768,
        "y": -0.47906768321991,
        "z": 0.5
      },
      {
        "x": 0.49999997019768,
        "y": -0.5,
        "z": 0.5
      },
      {
        "x": 0.49403241276741,
        "y": -0.47310012578964,
        "z": 0.5
      },
      {
        "x": 0.49999997019768,
        "y": -0.5,
        "z": 0.5
      },
      {
        "x": -0.49999997019768,
        "y": 0.49999994039536,
        "z": 0.5
      },
      {
        "x": 0.49403241276741,
        "y": -0.47310012578964,
        "z": 0.5
      },
      {
        "x": -0.49999997019768,
        "y": -0.5,
        "z": 0.5
      },
      {
        "x": -0.49999997019768,
        "y": -0.5,
        "z": -0.49999997019768
      },
      {
        "x": -0.49999997019768,
        "y": 0.49999994039536,
        "z": -0.49999997019768
      },
      {
        "x": -0.49999997019768,
        "y": 0.49999994039536,
        "z": -0.49999997019768
      },
      {
        "x": -0.49999997019768,
        "y": 0.49999994039536,
        "z": 0.5
      },
      {
        "x": -0.49999997019768,
        "y": -0.5,
        "z": 0.5
      },
      {
        "x": 0.010466188192368,
        "y": 0.010466113686562,
        "z": -0.49999997019768
      },
      {
        "x": -0.49999997019768,
        "y": -0.5,
        "z": -0.49999997019768
      },
      {
        "x": 0.49999997019768,
        "y": -0.47906774282455,
        "z": -0.49999997019768
      },
      {
        "x": -0.49999997019768,
        "y": -0.5,
        "z": -0.49999997019768
      },
      {
        "x": 0.49999997019768,
        "y": -0.5,
        "z": -0.49999997019768
      },
      {
        "x": 0.49999997019768,
        "y": -0.47906774282455,
        "z": -0.49999997019768
      },
      {
        "x": -0.47906771302223,
        "y": 0.49999994039536,
        "z": -0.49999997019768
      },
      {
        "x": -0.49999997019768,
        "y": 0.49999994039536,
        "z": -0.49999997019768
      },
      {
        "x": -0.49999997019768,
        "y": -0.5,
        "z": -0.49999997019768
      },
      {
        "x": -0.47906771302223,
        "y": 0.49999994039536,
        "z": -0.49999997019768
      },
      {
        "x": -0.49999997019768,
        "y": -0.5,
        "z": -0.49999997019768
      },
      {
        "x": 0.010466188192368,
        "y": 0.010466113686562,
        "z": -0.49999997019768
      },
      {
        "x": -0.47906765341759,
        "y": 0.49999994039536,
        "z": 0.5
      },
      {
        "x": -0.49999997019768,
        "y": 0.49999994039536,
        "z": 0.5
      },
      {
        "x": -0.47906765341759,
        "y": 0.49999994039536,
        "z": 0.47906771302223
      },
      {
        "x": -0.49999997019768,
        "y": 0.49999994039536,
        "z": 0.5
      },
      {
        "x": -0.49999997019768,
        "y": 0.49999994039536,
        "z": -0.49999997019768
      },
      {
        "x": -0.47906765341759,
        "y": 0.49999994039536,
        "z": -0.48121491074562
      },
      {
        "x": -0.47906765341759,
        "y": 0.49999994039536,
        "z": -0.48121491074562
      },
      {
        "x": -0.49999997019768,
        "y": 0.49999994039536,
        "z": -0.49999997019768
      },
      {
        "x": -0.47906771302223,
        "y": 0.49999994039536,
        "z": -0.49999997019768
      },
      {
        "x": -0.47906765341759,
        "y": 0.49999994039536,
        "z": 0.47906771302223
      },
      {
        "x": -0.49999997019768,
        "y": 0.49999994039536,
        "z": 0.5
      },
      {
        "x": -0.47906765341759,
        "y": 0.49999994039536,
        "z": -0.48121491074562
      },
      {
        "x": 0.49999997019768,
        "y": -0.5,
        "z": 0.5
      },
      {
        "x": 0.49999997019768,
        "y": -0.5,
        "z": -0.49999997019768
      },
      {
        "x": -0.49999997019768,
        "y": -0.5,
        "z": -0.49999997019768
      },
      {
        "x": -0.49999997019768,
        "y": -0.5,
        "z": -0.49999997019768
      },
      {
        "x": -0.49999997019768,
        "y": -0.5,
        "z": 0.5
      },
      {
        "x": 0.49999997019768,
        "y": -0.5,
        "z": 0.5
      },
      {
        "x": -0.47906765341759,
        "y": 0.49999994039536,
        "z": -0.48121491074562
      },
      {
        "x": -0.47906768321991,
        "y": 0.5,
        "z": -0.48233225941658
      },
      {
        "x": 0.49403241276741,
        "y": -0.47310012578964,
        "z": 0.5
      },
      {
        "x": 0.49403241276741,
        "y": -0.47310012578964,
        "z": 0.5
      },
      {
        "x": -0.47906768321991,
        "y": 0.5,
        "z": -0.48233225941658
      },
      {
        "x": 0.49999997019768,
        "y": -0.47906768321991,
        "z": 0.5
      },
      {
        "x": 0.38925713300705,
        "y": -0.36832481622696,
        "z": -0.5
      },
      {
        "x": 0.49999997019768,
        "y": -0.47906774282455,
        "z": -0.49999997019768
      },
      {
        "x": 0.49999997019768,
        "y": -0.47906768321991,
        "z": -0.47906768321991
      },
      {
        "x": 0.49999997019768,
        "y": -0.47906768321991,
        "z": 0.5
      },
      {
        "x": 0.010466188192368,
        "y": 0.010466113686562,
        "z": -0.49999997019768
      },
      {
        "x": 0.49999997019768,
        "y": -0.47906768321991,
        "z": -0.47906768321991
      },
      {
        "x": 0.010466188192368,
        "y": 0.010466113686562,
        "z": -0.49999997019768
      },
      {
        "x": 0.38925713300705,
        "y": -0.36832481622696,
        "z": -0.5
      },
      {
        "x": 0.49999997019768,
        "y": -0.47906768321991,
        "z": -0.47906768321991
      },
      {
        "x": -0.47906768321991,
        "y": 0.5,
        "z": -0.48233225941658
      },
      {
        "x": -0.47906771302223,
        "y": 0.49999994039536,
        "z": -0.49999997019768
      },
      {
        "x": 0.49999997019768,
        "y": -0.47906768321991,
        "z": 0.5
      },
      {
        "x": 0.49999997019768,
        "y": -0.47906768321991,
        "z": 0.5
      },
      {
        "x": -0.47906771302223,
        "y": 0.49999994039536,
        "z": -0.49999997019768
      },
      {
        "x": 0.010466188192368,
        "y": 0.010466113686562,
        "z": -0.49999997019768
      },
      {
        "x": -0.47906765341759,
        "y": 0.49999994039536,
        "z": 0.47906771302223
      },
      {
        "x": -0.47906765341759,
        "y": 0.49999994039536,
        "z": -0.48121491074562
      },
      {
        "x": 0.49403241276741,
        "y": -0.47310012578964,
        "z": 0.5
      },
      {
        "x": -0.47906765341759,
        "y": 0.49999994039536,
        "z": 0.5
      },
      {
        "x": -0.47906765341759,
        "y": 0.49999994039536,
        "z": 0.47906771302223
      },
      {
        "x": 0.49403241276741,
        "y": -0.47310012578964,
        "z": 0.5
      }
    ]
  }
}