{
  "additionalData": {
    "local_transform": [
      "1 0 0 0 1 0 0 0 1 0 0 0",
      "0.811594 0 0 0 2.00001 0 0 0 0.799994 -0.00679588 0.0779953 0"
    ],
    "tillBaseScale": {
      "x": 4.9999990463257,
      "y": 0.99999690055847,
      "z": 4.9999990463257
    }
  },
  "basicShapesData": [
    {
      "class": "Part",
      "properties": {
        "angleVelocity": "x:0 y:0 z:0",
        "batchType": "Static",
        "bloom": "false",
        "booleanOperation": "0",
        "cameraCollideEnable": "true",
        "collisionFidelity": "0",
        "collisionGroup": "1",
        "collisionUniqueKey": "",
        "customColor": "r:1 g:1 b:1 a:1",
        "customThreshold": "1",
        "density": "2.2",
        "friction": "0.37",
        "id": "8783313036549144577",
        "individual": "false",
        "isLockedInEditor": "false",
        "isSelectInEditor": "false",
        "isVisibleInEditor": "true",
        "lineVelocity": "x:0 y:0 z:0",
        "materialAlpha": "1",
        "materialColor": "r:1 g:1 b:1 a:1",
        "materialOffset": "x:1 y:1 z:1",
        "materialTexture": "part_suliao.tga",
        "name": "Part",
        "needSync": "true",
        "networkOwner": "0",
        "originSize": "x:1 y:1 z:1",
        "partNavMeshType": "1",
        "position": "x:-32.4257 y:88.1021 z:-59.0665",
        "restitution": "0.3",
        "rotation": "x:-0 y:0 z:0",
        "scale": "x:5 y:0.999997 z:5",
        "selectable": "true",
        "shape": "1",
        "sides": "24",
        "sideStack": "5",
        "sphereDivision": "3",
        "staticBatchNo": "",
        "staticObject": "false",
        "templateInstanceId": "8783313036549144577",
        "unionLastBox": "false",
        "useAnchor": "true",
        "useCollide": "true",
        "useGravity": "true"
      }
    },
    {
      "class": "Part",
      "properties": {
        "angleVelocity": "x:0 y:0 z:0",
        "batchType": "Static",
        "bloom": "false",
        "booleanOperation": "2",
        "cameraCollideEnable": "true",
        "collisionFidelity": "0",
        "collisionGroup": "1",
        "collisionUniqueKey": "",
        "customColor": "r:1 g:1 b:1 a:1",
        "customThreshold": "1",
        "density": "2.2",
        "friction": "0.37",
        "id": "8783313036554338305",
        "individual": "false",
        "isLockedInEditor": "false",
        "isSelectInEditor": "false",
        "isVisibleInEditor": "true",
        "lineVelocity": "x:0 y:0 z:0",
        "materialAlpha": "1",
        "materialColor": "r:1 g:1 b:1 a:1",
        "materialOffset": "x:1 y:1 z:1",
        "materialTexture": "part_suliao.tga",
        "name": "Part",
        "needSync": "true",
        "networkOwner": "0",
        "originSize": "x:1 y:1 z:1",
        "partNavMeshType": "1",
        "position": "x:-32.4596 y:88.1801 z:-59.0665",
        "restitution": "0.3",
        "rotation": "x:-0 y:0 z:0",
        "scale": "x:4.05797 y:2 z:3.99997",
        "selectable": "true",
        "shape": "1",
        "sides": "24",
        "sideStack": "5",
        "sphereDivision": "3",
        "staticBatchNo": "",
        "staticObject": "false",
        "templateInstanceId": "8783313036554338305",
        "unionLastBox": "false",
        "useAnchor": "true",
        "useCollide": "true",
        "useGravity": "true"
      }
    }
  ],
  "brushData": {
    "colors": [
      0,
      0,
      0,
      0,
      0,
      0,
      0,
      0,
      0,
      0,
      0,
      0,
      0,
      0,
      0,
      0,
      0,
      0,
      0,
      0,
      0,
      0,
      0,
      0,
      0,
      0,
      0,
      0,
      0,
      0,
      0,
      0,
      0,
      0,
      0,
      0,
      0,
      0,
      0,
      0,
      0,
      0,
      0,
      0,
      0,
      0,
      0,
      0,
      0,
      0,
      0,
      0,
      0,
      0,
      0,
      0,
      0,
      0,
      0,
      0
    ],
    "lightmapUVs": [
      {
        "x": 0.0,
        "y": 0.0
      },
      {
        "x": 0.0,
        "y": 0.0
      },
      {
        "x": 0.0,
        "y": 0.0
      },
      {
        "x": 0.0,
        "y": 0.0
      },
      {
        "x": 0.0,
        "y": 0.0
      },
      {
        "x": 0.0,
        "y": 0.0
      },
      {
        "x": 0.0,
        "y": 0.0
      },
      {
        "x": 0.0,
        "y": 0.0
      },
      {
        "x": 0.0,
        "y": 0.0
      },
      {
        "x": 0.0,
        "y": 0.0
      },
      {
        "x": 0.0,
        "y": 0.0
      },
      {
        "x": 0.0,
        "y": 0.0
      },
      {
        "x": 0.0,
        "y": 0.0
      },
      {
        "x": 0.0,
        "y": 0.0
      },
      {
        "x": 0.0,
        "y": 0.0
      },
      {
        "x": 0.0,
        "y": 0.0
      },
      {
        "x": 0.0,
        "y": 0.0
      },
      {
        "x": 0.0,
        "y": 0.0
      },
      {
        "x": 0.0,
        "y": 0.0
      },
      {
        "x": 0.0,
        "y": 0.0
      },
      {
        "x": 0.0,
        "y": 0.0
      },
      {
        "x": 0.0,
        "y": 0.0
      },
      {
        "x": 0.0,
        "y": 0.0
      },
      {
        "x": 0.0,
        "y": 0.0
      },
      {
        "x": 0.0,
        "y": 0.0
      },
      {
        "x": 0.0,
        "y": 0.0
      },
      {
        "x": 0.0,
        "y": 0.0
      },
      {
        "x": 0.0,
        "y": 0.0
      },
      {
        "x": 0.0,
        "y": 0.0
      },
      {
        "x": 0.0,
        "y": 0.0
      },
      {
        "x": 0.0,
        "y": 0.0
      },
      {
        "x": 0.0,
        "y": 0.0
      },
      {
        "x": 0.0,
        "y": 0.0
      },
      {
        "x": 0.0,
        "y": 0.0
      },
      {
        "x": 0.0,
        "y": 0.0
      },
      {
        "x": 0.0,
        "y": 0.0
      },
      {
        "x": 0.0,
        "y": 0.0
      },
      {
        "x": 0.0,
        "y": 0.0
      },
      {
        "x": 0.0,
        "y": 0.0
      },
      {
        "x": 0.0,
        "y": 0.0
      },
      {
        "x": 0.0,
        "y": 0.0
      },
      {
        "x": 0.0,
        "y": 0.0
      },
      {
        "x": 0.0,
        "y": 0.0
      },
      {
        "x": 0.0,
        "y": 0.0
      },
      {
        "x": 0.0,
        "y": 0.0
      },
      {
        "x": 0.0,
        "y": 0.0
      },
      {
        "x": 0.0,
        "y": 0.0
      },
      {
        "x": 0.0,
        "y": 0.0
      },
      {
        "x": 0.0,
        "y": 0.0
      },
      {
        "x": 0.0,
        "y": 0.0
      },
      {
        "x": 0.0,
        "y": 0.0
      },
      {
        "x": 0.0,
        "y": 0.0
      },
      {
        "x": 0.0,
        "y": 0.0
      },
      {
        "x": 0.0,
        "y": 0.0
      },
      {
        "x": 0.0,
        "y": 0.0
      },
      {
        "x": 0.0,
        "y": 0.0
      },
      {
        "x": 0.0,
        "y": 0.0
      },
      {
        "x": 0.0,
        "y": 0.0
      },
      {
        "x": 0.0,
        "y": 0.0
      },
      {
        "x": 0.0,
        "y": 0.0
      },
      {
        "x": 0.0,
        "y": 0.0
      },
      {
        "x": 0.0,
        "y": 0.0
      },
      {
        "x": 0.0,
        "y": 0.0
      },
      {
        "x": 0.0,
        "y": 0.0
      },
      {
        "x": 0.0,
        "y": 0.0
      },
      {
        "x": 0.0,
        "y": 0.0
      },
      {
        "x": 0.0,
        "y": 0.0
      },
      {
        "x": 0.0,
        "y": 0.0
      },
      {
        "x": 0.0,
        "y": 0.0
      },
      {
        "x": 0.0,
        "y": 0.0
      },
      {
        "x": 0.0,
        "y": 0.0
      },
      {
        "x": 0.0,
        "y": 0.0
      },
      {
        "x": 0.0,
        "y": 0.0
      },
      {
        "x": 0.0,
        "y": 0.0
      },
      {
        "x": 0.0,
        "y": 0.0
      },
      {
        "x": 0.0,
        "y": 0.0
      },
      {
        "x": 0.0,
        "y": 0.0
      },
      {
        "x": 0.0,
        "y": 0.0
      },
      {
        "x": 0.0,
        "y": 0.0
      },
      {
        "x": 0.0,
        "y": 0.0
      },
      {
        "x": 0.0,
        "y": 0.0
      },
      {
        "x": 0.0,
        "y": 0.0
      },
      {
        "x": 0.0,
        "y": 0.0
      },
      {
        "x": 0.0,
        "y": 0.0
      },
      {
        "x": 0.0,
        "y": 0.0
      },
      {
        "x": 0.0,
        "y": 0.0
      },
      {
        "x": 0.0,
        "y": 0.0
      },
      {
        "x": 0.0,
        "y": 0.0
      },
      {
        "x": 0.0,
        "y": 0.0
      },
      {
        "x": 0.0,
        "y": 0.0
      },
      {
        "x": 0.0,
        "y": 0.0
      },
      {
        "x": 0.0,
        "y": 0.0
      },
      {
        "x": 0.0,
        "y": 0.0
      },
      {
        "x": 0.0,
        "y": 0.0
      },
      {
        "x": 0.0,
        "y": 0.0
      },
      {
        "x": 0.0,
        "y": 0.0
      },
      {
        "x": 0.0,
        "y": 0.0
      },
      {
        "x": 0.0,
        "y": 0.0
      },
      {
        "x": 0.0,
        "y": 0.0
      },
      {
        "x": 0.0,
        "y": 0.0
      },
      {
        "x": 0.0,
        "y": 0.0
      },
      {
        "x": 0.0,
        "y": 0.0
      },
      {
        "x": 0.0,
        "y": 0.0
      },
      {
        "x": 0.0,
        "y": 0.0
      },
      {
        "x": 0.0,
        "y": 0.0
      },
      {
        "x": 0.0,
        "y": 0.0
      },
      {
        "x": 0.0,
        "y": 0.0
      },
      {
        "x": 0.0,
        "y": 0.0
      },
      {
        "x": 0.0,
        "y": 0.0
      },
      {
        "x": 0.0,
        "y": 0.0
      },
      {
        "x": 0.0,
        "y": 0.0
      },
      {
        "x": 0.0,
        "y": 0.0
      },
      {
        "x": 0.0,
        "y": 0.0
      },
      {
        "x": 0.0,
        "y": 0.0
      },
      {
        "x": 0.0,
        "y": 0.0
      },
      {
        "x": 0.0,
        "y": 0.0
      },
      {
        "x": 0.0,
        "y": 0.0
      },
      {
        "x": 0.0,
        "y": 0.0
      },
      {
        "x": 0.0,
        "y": 0.0
      },
      {
        "x": 0.0,
        "y": 0.0
      },
      {
        "x": 0.0,
        "y": 0.0
      },
      {
        "x": 0.0,
        "y": 0.0
      },
      {
        "x": 0.0,
        "y": 0.0
      },
      {
        "x": 0.0,
        "y": 0.0
      },
      {
        "x": 0.0,
        "y": 0.0
      },
      {
        "x": 0.0,
        "y": 0.0
      },
      {
        "x": 0.0,
        "y": 0.0
      },
      {
        "x": 0.0,
        "y": 0.0
      },
      {
        "x": 0.0,
        "y": 0.0
      },
      {
        "x": 0.0,
        "y": 0.0
      },
      {
        "x": 0.0,
        "y": 0.0
      },
      {
        "x": 0.0,
        "y": 0.0
      },
      {
        "x": 0.0,
        "y": 0.0
      },
      {
        "x": 0.0,
        "y": 0.0
      },
      {
        "x": 0.0,
        "y": 0.0
      },
      {
        "x": 0.0,
        "y": 0.0
      },
      {
        "x": 0.0,
        "y": 0.0
      },
      {
        "x": 0.0,
        "y": 0.0
      },
      {
        "x": 0.0,
        "y": 0.0
      },
      {
        "x": 0.0,
        "y": 0.0
      },
      {
        "x": 0.0,
        "y": 0.0
      },
      {
        "x": 0.0,
        "y": 0.0
      },
      {
        "x": 0.0,
        "y": 0.0
      },
      {
        "x": 0.0,
        "y": 0.0
      },
      {
        "x": 0.0,
        "y": 0.0
      },
      {
        "x": 0.0,
        "y": 0.0
      },
      {
        "x": 0.0,
        "y": 0.0
      },
      {
        "x": 0.0,
        "y": 0.0
      },
      {
        "x": 0.0,
        "y": 0.0
      },
      {
        "x": 0.0,
        "y": 0.0
      },
      {
        "x": 0.0,
        "y": 0.0
      },
      {
        "x": 0.0,
        "y": 0.0
      },
      {
        "x": 0.0,
        "y": 0.0
      },
      {
        "x": 0.0,
        "y": 0.0
      },
      {
        "x": 0.0,
        "y": 0.0
      },
      {
        "x": 0.0,
        "y": 0.0
      },
      {
        "x": 0.0,
        "y": 0.0
      },
      {
        "x": 0.0,
        "y": 0.0
      },
      {
        "x": 0.0,
        "y": 0.0
      },
      {
        "x": 0.0,
        "y": 0.0
      },
      {
        "x": 0.0,
        "y": 0.0
      },
      {
        "x": 0.0,
        "y": 0.0
      },
      {
        "x": 0.0,
        "y": 0.0
      },
      {
        "x": 0.0,
        "y": 0.0
      },
      {
        "x": 0.0,
        "y": 0.0
      },
      {
        "x": 0.0,
        "y": 0.0
      },
      {
        "x": 0.0,
        "y": 0.0
      },
      {
        "x": 0.0,
        "y": 0.0
      },
      {
        "x": 0.0,
        "y": 0.0
      },
      {
        "x": 0.0,
        "y": 0.0
      },
      {
        "x": 0.0,
        "y": 0.0
      },
      {
        "x": 0.0,
        "y": 0.0
      },
      {
        "x": 0.0,
        "y": 0.0
      },
      {
        "x": 0.0,
        "y": 0.0
      },
      {
        "x": 0.0,
        "y": 0.0
      },
      {
        "x": 0.0,
        "y": 0.0
      },
      {
        "x": 0.0,
        "y": 0.0
      },
      {
        "x": 0.0,
        "y": 0.0
      },
      {
        "x": 0.0,
        "y": 0.0
      },
      {
        "x": 0.0,
        "y": 0.0
      }
    ],
    "uv2s": [
      {
        "x": 1.0,
        "y": 1.0
      },
      {
        "x": 0.0,
        "y": 1.0
      },
      {
        "x": 0.0,
        "y": 0.0
      },
      {
        "x": 0.0,
        "y": 0.0
      },
      {
        "x": 1.0,
        "y": 0.0
      },
      {
        "x": 1.0,
        "y": 1.0
      },
      {
        "x": 1.0,
        "y": 1.0
      },
      {
        "x": 0.0,
        "y": 1.0
      },
      {
        "x": 0.0,
        "y": 0.0
      },
      {
        "x": 0.0,
        "y": 0.0
      },
      {
        "x": 1.0,
        "y": 0.0
      },
      {
        "x": 1.0,
        "y": 1.0
      },
      {
        "x": 1.0,
        "y": 1.0
      },
      {
        "x": 0.0,
        "y": 1.0
      },
      {
        "x": 0.0,
        "y": 0.0
      },
      {
        "x": 0.0,
        "y": 0.0
      },
      {
        "x": 1.0,
        "y": 0.0
      },
      {
        "x": 1.0,
        "y": 1.0
      },
      {
        "x": 1.0,
        "y": 1.0
      },
      {
        "x": 0.0,
        "y": 1.0
      },
      {
        "x": 0.0,
        "y": 0.0
      },
      {
        "x": 0.0,
        "y": 0.0
      },
      {
        "x": 1.0,
        "y": 0.0
      },
      {
        "x": 1.0,
        "y": 1.0
      },
      {
        "x": 1.0,
        "y": 1.0
      },
      {
        "x": 0.0,
        "y": 1.0
      },
      {
        "x": 0.1000030040741,
        "y": 0.899001121521
      },
      {
        "x": 0.0,
        "y": 1.0
      },
      {
        "x": 0.0,
        "y": 0.0
      },
      {
        "x": 0.1000030040741,
        "y": 0.899001121521
      },
      {
        "x": 0.8999969959259,
        "y": 0.899001121521
      },
      {
        "x": 1.0,
        "y": 1.0
      },
      {
        "x": 0.33119988441467,
        "y": 0.899001121521
      },
      {
        "x": 0.1000030040741,
        "y": 0.27144575119019
      },
      {
        "x": 0.0,
        "y": 0.0
      },
      {
        "x": 0.1000030040741,
        "y": 0.099892377853394
      },
      {
        "x": 1.0,
        "y": 1.0
      },
      {
        "x": 0.1000030040741,
        "y": 0.899001121521
      },
      {
        "x": 0.33119988441467,
        "y": 0.899001121521
      },
      {
        "x": 0.1000030040741,
        "y": 0.899001121521
      },
      {
        "x": 0.0,
        "y": 0.0
      },
      {
        "x": 0.1000030040741,
        "y": 0.32195639610291
      },
      {
        "x": 0.1000030040741,
        "y": 0.32195639610291
      },
      {
        "x": 0.0,
        "y": 0.0
      },
      {
        "x": 0.1000030040741,
        "y": 0.27144575119019
      },
      {
        "x": 1.0,
        "y": 0.0
      },
      {
        "x": 1.0,
        "y": 1.0
      },
      {
        "x": 0.8999969959259,
        "y": 0.899001121521
      },
      {
        "x": 0.1000030040741,
        "y": 0.099892377853394
      },
      {
        "x": 0.0,
        "y": 0.0
      },
      {
        "x": 0.1000030040741,
        "y": 0.087407112121582
      },
      {
        "x": 0.0,
        "y": 0.0
      },
      {
        "x": 1.0,
        "y": 0.0
      },
      {
        "x": 0.1000030040741,
        "y": 0.087407112121582
      },
      {
        "x": 0.8999969959259,
        "y": 0.66445183753967
      },
      {
        "x": 0.8999969959259,
        "y": 0.087407112121582
      },
      {
        "x": 1.0,
        "y": 0.0
      },
      {
        "x": 1.0,
        "y": 0.0
      },
      {
        "x": 0.8999969959259,
        "y": 0.899001121521
      },
      {
        "x": 0.8999969959259,
        "y": 0.66445183753967
      },
      {
        "x": 0.66880011558533,
        "y": 0.087407112121582
      },
      {
        "x": 0.1000030040741,
        "y": 0.087407112121582
      },
      {
        "x": 1.0,
        "y": 0.0
      },
      {
        "x": 1.0,
        "y": 0.0
      },
      {
        "x": 0.8999969959259,
        "y": 0.087407112121582
      },
      {
        "x": 0.66880011558533,
        "y": 0.087407112121582
      },
      {
        "x": 0.1000030040741,
        "y": 0.100998878479
      },
      {
        "x": 0.0,
        "y": 0.0
      },
      {
        "x": 1.0,
        "y": 0.0
      },
      {
        "x": 0.1000030040741,
        "y": 0.100998878479
      },
      {
        "x": 1.0,
        "y": 0.0
      },
      {
        "x": 0.73119568824768,
        "y": 0.100998878479
      },
      {
        "x": 1.0,
        "y": 0.0
      },
      {
        "x": 1.0,
        "y": 1.0
      },
      {
        "x": 0.8999969959259,
        "y": 0.100998878479
      },
      {
        "x": 0.8999969959259,
        "y": 0.100998878479
      },
      {
        "x": 1.0,
        "y": 1.0
      },
      {
        "x": 0.8999969959259,
        "y": 0.66554546356201
      },
      {
        "x": 0.73119568824768,
        "y": 0.100998878479
      },
      {
        "x": 1.0,
        "y": 0.0
      },
      {
        "x": 0.8999969959259,
        "y": 0.100998878479
      },
      {
        "x": 0.8999969959259,
        "y": 0.74134397506714
      },
      {
        "x": 1.0,
        "y": 1.0
      },
      {
        "x": 0.8999969959259,
        "y": 0.90010762214661
      },
      {
        "x": 0.8999969959259,
        "y": 0.66554546356201
      },
      {
        "x": 1.0,
        "y": 1.0
      },
      {
        "x": 0.8999969959259,
        "y": 0.74134397506714
      },
      {
        "x": 0.0,
        "y": 1.0
      },
      {
        "x": 0.0,
        "y": 0.0
      },
      {
        "x": 0.1000030040741,
        "y": 0.100998878479
      },
      {
        "x": 1.0,
        "y": 1.0
      },
      {
        "x": 0.0,
        "y": 1.0
      },
      {
        "x": 0.1000030040741,
        "y": 0.91259288787842
      },
      {
        "x": 0.1000030040741,
        "y": 0.27224779129028
      },
      {
        "x": 0.1000030040741,
        "y": 0.91259288787842
      },
      {
        "x": 0.0,
        "y": 1.0
      },
      {
        "x": 0.0,
        "y": 1.0
      },
      {
        "x": 0.1000030040741,
        "y": 0.100998878479
      },
      {
        "x": 0.1000030040741,
        "y": 0.27224779129028
      },
      {
        "x": 0.8999969959259,
        "y": 0.90010762214661
      },
      {
        "x": 1.0,
        "y": 1.0
      },
      {
        "x": 0.8999969959259,
        "y": 0.91259288787842
      },
      {
        "x": 0.8999969959259,
        "y": 0.91259288787842
      },
      {
        "x": 1.0,
        "y": 1.0
      },
      {
        "x": 0.89190542697906,
        "y": 0.91259288787842
      },
      {
        "x": 1.0,
        "y": 1.0
      },
      {
        "x": 0.1000030040741,
        "y": 0.91259288787842
      },
      {
        "x": 0.26880431175232,
        "y": 0.91259288787842
      },
      {
        "x": 0.89190542697906,
        "y": 0.91259288787842
      },
      {
        "x": 1.0,
        "y": 1.0
      },
      {
        "x": 0.26880431175232,
        "y": 0.91259288787842
      },
      {
        "x": 0.33741629123688,
        "y": 1.0
      },
      {
        "x": 0.26880431175232,
        "y": 1.0
      },
      {
        "x": 0.8999969959259,
        "y": 0.0
      },
      {
        "x": 0.8999969959259,
        "y": 0.0
      },
      {
        "x": 0.26880431175232,
        "y": 1.0
      },
      {
        "x": 0.66880011558533,
        "y": 0.0
      },
      {
        "x": 0.899001121521,
        "y": 1.0
      },
      {
        "x": 0.33741629123688,
        "y": 1.0
      },
      {
        "x": 0.8999969959259,
        "y": 0.0
      },
      {
        "x": 0.26880431175232,
        "y": 1.0
      },
      {
        "x": 0.1000030040741,
        "y": 1.0
      },
      {
        "x": 0.66880011558533,
        "y": 0.0
      },
      {
        "x": 0.66880011558533,
        "y": 0.0
      },
      {
        "x": 0.1000030040741,
        "y": 1.0
      },
      {
        "x": 0.100998878479,
        "y": 0.0
      },
      {
        "x": 0.90885484218597,
        "y": 1.0
      },
      {
        "x": 0.33811670541763,
        "y": 1.0
      },
      {
        "x": 0.90010762214661,
        "y": 0.0
      },
      {
        "x": 0.91259288787842,
        "y": 1.0
      },
      {
        "x": 0.90885484218597,
        "y": 1.0
      },
      {
        "x": 0.91259288787842,
        "y": 0.0
      },
      {
        "x": 0.91259288787842,
        "y": 0.0
      },
      {
        "x": 0.90885484218597,
        "y": 1.0
      },
      {
        "x": 0.90010762214661,
        "y": 0.0
      },
      {
        "x": 0.33811670541763,
        "y": 1.0
      },
      {
        "x": 0.27224779129028,
        "y": 1.0
      },
      {
        "x": 0.90010762214661,
        "y": 0.0
      },
      {
        "x": 0.90010762214661,
        "y": 0.0
      },
      {
        "x": 0.27224779129028,
        "y": 1.0
      },
      {
        "x": 0.67804360389709,
        "y": 0.0
      },
      {
        "x": 0.27224779129028,
        "y": 1.0
      },
      {
        "x": 0.1000030040741,
        "y": 1.0
      },
      {
        "x": 0.67804360389709,
        "y": 0.0
      },
      {
        "x": 0.67804360389709,
        "y": 0.0
      },
      {
        "x": 0.1000030040741,
        "y": 1.0
      },
      {
        "x": 0.100998878479,
        "y": 0.0
      },
      {
        "x": 0.33741635084152,
        "y": 1.0
      },
      {
        "x": 0.26880431175232,
        "y": 1.0
      },
      {
        "x": 0.8999969959259,
        "y": 0.0
      },
      {
        "x": 0.8999969959259,
        "y": 0.0
      },
      {
        "x": 0.26880431175232,
        "y": 1.0
      },
      {
        "x": 0.66880011558533,
        "y": 0.0
      },
      {
        "x": 0.8999969959259,
        "y": 1.0
      },
      {
        "x": 0.33741635084152,
        "y": 1.0
      },
      {
        "x": 0.8999969959259,
        "y": 0.0
      },
      {
        "x": 0.26880431175232,
        "y": 1.0
      },
      {
        "x": 0.1000030040741,
        "y": 1.0
      },
      {
        "x": 0.66880011558533,
        "y": 0.0
      },
      {
        "x": 0.66880011558533,
        "y": 0.0
      },
      {
        "x": 0.1000030040741,
        "y": 1.0
      },
      {
        "x": 0.1000030040741,
        "y": 0.0
      },
      {
        "x": 0.3285585641861,
        "y": 1.0
      },
      {
        "x": 0.25865602493286,
        "y": 1.0
      },
      {
        "x": 0.8999969959259,
        "y": 0.0
      },
      {
        "x": 0.8999969959259,
        "y": 0.0
      },
      {
        "x": 0.25865602493286,
        "y": 1.0
      },
      {
        "x": 0.66445183753967,
        "y": 0.0
      },
      {
        "x": 0.899001121521,
        "y": 1.0
      },
      {
        "x": 0.3285585641861,
        "y": 1.0
      },
      {
        "x": 0.8999969959259,
        "y": 0.0
      },
      {
        "x": 0.099892377853394,
        "y": 1.0
      },
      {
        "x": 0.087407112121582,
        "y": 1.0
      },
      {
        "x": 0.087407112121582,
        "y": 0.0
      },
      {
        "x": 0.25865602493286,
        "y": 1.0
      },
      {
        "x": 0.099892377853394,
        "y": 1.0
      },
      {
        "x": 0.66445183753967,
        "y": 0.0
      },
      {
        "x": 0.66445183753967,
        "y": 0.0
      },
      {
        "x": 0.099892377853394,
        "y": 1.0
      },
      {
        "x": 0.087407112121582,
        "y": 0.0
      }
    ],
    "uv3s": [
      {
        "x": 4.9999995231628,
        "y": 0.99999696016312
      },
      {
        "x": 0.0,
        "y": 0.99999696016312
      },
      {
        "x": 0.0,
        "y": 0.0
      },
      {
        "x": 0.0,
        "y": 0.0
      },
      {
        "x": 4.9999995231628,
        "y": 0.0
      },
      {
        "x": 4.9999995231628,
        "y": 0.99999696016312
      },
      {
        "x": 4.9999995231628,
        "y": 0.99999696016312
      },
      {
        "x": 0.0,
        "y": 0.99999696016312
      },
      {
        "x": 0.0,
        "y": 0.0
      },
      {
        "x": 0.0,
        "y": 0.0
      },
      {
        "x": 4.9999995231628,
        "y": 0.0
      },
      {
        "x": 4.9999995231628,
        "y": 0.99999696016312
      },
      {
        "x": 4.9999995231628,
        "y": 0.99999696016312
      },
      {
        "x": 0.0,
        "y": 0.99999696016312
      },
      {
        "x": 0.0,
        "y": 0.0
      },
      {
        "x": 0.0,
        "y": 0.0
      },
      {
        "x": 4.9999995231628,
        "y": 0.0
      },
      {
        "x": 4.9999995231628,
        "y": 0.99999696016312
      },
      {
        "x": 4.9999995231628,
        "y": 0.99999696016312
      },
      {
        "x": 0.0,
        "y": 0.99999696016312
      },
      {
        "x": 0.0,
        "y": 0.0
      },
      {
        "x": 0.0,
        "y": 0.0
      },
      {
        "x": 4.9999995231628,
        "y": 0.0
      },
      {
        "x": 4.9999995231628,
        "y": 0.99999696016312
      },
      {
        "x": 4.9999995231628,
        "y": 4.9999995231628
      },
      {
        "x": 0.0,
        "y": 4.9999995231628
      },
      {
        "x": 0.50001496076584,
        "y": 4.4950051307678
      },
      {
        "x": 0.0,
        "y": 4.9999995231628
      },
      {
        "x": 0.0,
        "y": 0.0
      },
      {
        "x": 0.50001496076584,
        "y": 4.4950051307678
      },
      {
        "x": 4.4974956512451,
        "y": 4.4974956512451
      },
      {
        "x": 4.9999995231628,
        "y": 4.9999995231628
      },
      {
        "x": 1.6559994220734,
        "y": 4.495005607605
      },
      {
        "x": 0.50001502037048,
        "y": 1.3572288751602
      },
      {
        "x": 0.0,
        "y": 0.0
      },
      {
        "x": 0.49973839521408,
        "y": 0.49973839521408
      },
      {
        "x": 4.9999995231628,
        "y": 4.9999995231628
      },
      {
        "x": 0.50001496076584,
        "y": 4.4950051307678
      },
      {
        "x": 1.6559994220734,
        "y": 4.495005607605
      },
      {
        "x": 0.50001496076584,
        "y": 4.4950051307678
      },
      {
        "x": 0.0,
        "y": 0.0
      },
      {
        "x": 0.50001496076584,
        "y": 1.6097819805145
      },
      {
        "x": 0.50001496076584,
        "y": 1.6097819805145
      },
      {
        "x": 0.0,
        "y": 0.0
      },
      {
        "x": 0.50001502037048,
        "y": 1.3572288751602
      },
      {
        "x": 4.9999995231628,
        "y": 0.0
      },
      {
        "x": 4.9999995231628,
        "y": 4.9999995231628
      },
      {
        "x": 4.4974884986877,
        "y": 4.4974884986877
      },
      {
        "x": 0.49973779916763,
        "y": 0.49973779916763
      },
      {
        "x": 0.0,
        "y": 0.0
      },
      {
        "x": 0.49977242946625,
        "y": 0.4372770190239
      },
      {
        "x": 0.0,
        "y": 0.0
      },
      {
        "x": 4.9999995231628,
        "y": 0.0
      },
      {
        "x": 0.49977242946625,
        "y": 0.4372770190239
      },
      {
        "x": 4.4981398582458,
        "y": 3.3240942955017
      },
      {
        "x": 4.4997420310974,
        "y": 0.43727695941925
      },
      {
        "x": 4.9999995231628,
        "y": 0.0
      },
      {
        "x": 4.9999995231628,
        "y": 0.0
      },
      {
        "x": 4.4974884986877,
        "y": 4.4974884986877
      },
      {
        "x": 4.4981398582458,
        "y": 3.3240942955017
      },
      {
        "x": 3.3437576293945,
        "y": 0.43727698922157
      },
      {
        "x": 0.49977242946625,
        "y": 0.4372770190239
      },
      {
        "x": 4.9999995231628,
        "y": 0.0
      },
      {
        "x": 4.9999995231628,
        "y": 0.0
      },
      {
        "x": 4.4997420310974,
        "y": 0.43727695941925
      },
      {
        "x": 3.3437576293945,
        "y": 0.43727698922157
      },
      {
        "x": 4.4974956512451,
        "y": 4.4974956512451
      },
      {
        "x": 4.9999995231628,
        "y": 4.9999995231628
      },
      {
        "x": 0.0,
        "y": 4.9999995231628
      },
      {
        "x": 4.4974956512451,
        "y": 4.4974956512451
      },
      {
        "x": 0.0,
        "y": 4.9999995231628
      },
      {
        "x": 1.3432780504227,
        "y": 4.4957489967346
      },
      {
        "x": 0.0,
        "y": 4.9999995231628
      },
      {
        "x": 0.0,
        "y": 0.0
      },
      {
        "x": 0.49973839521408,
        "y": 4.4952816963196
      },
      {
        "x": 0.49973839521408,
        "y": 4.4952816963196
      },
      {
        "x": 0.0,
        "y": 0.0
      },
      {
        "x": 0.49973848462105,
        "y": 1.672549366951
      },
      {
        "x": 1.3432780504227,
        "y": 4.4957489967346
      },
      {
        "x": 0.0,
        "y": 4.9999995231628
      },
      {
        "x": 0.49973839521408,
        "y": 4.4952816963196
      },
      {
        "x": 0.49973803758621,
        "y": 1.2935565710068
      },
      {
        "x": 0.0,
        "y": 0.0
      },
      {
        "x": 0.49973839521408,
        "y": 0.49973839521408
      },
      {
        "x": 0.49973848462105,
        "y": 1.672549366951
      },
      {
        "x": 0.0,
        "y": 0.0
      },
      {
        "x": 0.49973803758621,
        "y": 1.2935565710068
      },
      {
        "x": 4.9999995231628,
        "y": 0.0
      },
      {
        "x": 4.9999995231628,
        "y": 4.9999995231628
      },
      {
        "x": 4.4974884986877,
        "y": 4.4974884986877
      },
      {
        "x": 0.0,
        "y": 0.0
      },
      {
        "x": 4.9999995231628,
        "y": 0.0
      },
      {
        "x": 4.4997415542603,
        "y": 0.43727669119835
      },
      {
        "x": 4.4979639053345,
        "y": 3.6407709121704
      },
      {
        "x": 4.4997415542603,
        "y": 0.43727669119835
      },
      {
        "x": 4.9999995231628,
        "y": 0.0
      },
      {
        "x": 4.9999995231628,
        "y": 0.0
      },
      {
        "x": 4.4974884986877,
        "y": 4.4974884986877
      },
      {
        "x": 4.4979639053345,
        "y": 3.6407709121704
      },
      {
        "x": 0.49973779916763,
        "y": 0.49973779916763
      },
      {
        "x": 0.0,
        "y": 0.0
      },
      {
        "x": 0.49977177381516,
        "y": 0.43727684020996
      },
      {
        "x": 0.49977177381516,
        "y": 0.43727684020996
      },
      {
        "x": 0.0,
        "y": 0.0
      },
      {
        "x": 0.54023039340973,
        "y": 0.43727672100067
      },
      {
        "x": 0.0,
        "y": 0.0
      },
      {
        "x": 4.4997415542603,
        "y": 0.43727669119835
      },
      {
        "x": 3.6557350158691,
        "y": 0.43727648258209
      },
      {
        "x": 0.54023039340973,
        "y": 0.43727672100067
      },
      {
        "x": 0.0,
        "y": 0.0
      },
      {
        "x": 3.6557350158691,
        "y": 0.43727648258209
      },
      {
        "x": 2.8129029273987,
        "y": 1.5779935121536
      },
      {
        "x": 3.1559631824493,
        "y": 1.5779935121536
      },
      {
        "x": 0.0,
        "y": 0.57799655199051
      },
      {
        "x": 0.0,
        "y": 0.57799655199051
      },
      {
        "x": 3.1559631824493,
        "y": 1.5779935121536
      },
      {
        "x": 1.1559842824936,
        "y": 0.57799649238586
      },
      {
        "x": 0.0,
        "y": 1.5779923200607
      },
      {
        "x": 2.8129029273987,
        "y": 1.5779935121536
      },
      {
        "x": 0.0,
        "y": 0.57799655199051
      },
      {
        "x": 3.1559631824493,
        "y": 1.5779935121536
      },
      {
        "x": 3.9999694824219,
        "y": 1.5779937505722
      },
      {
        "x": 1.1559841632843,
        "y": 0.57799643278122
      },
      {
        "x": 1.1559841632843,
        "y": 0.57799643278122
      },
      {
        "x": 3.9999694824219,
        "y": 1.5779937505722
      },
      {
        "x": 3.9999694824219,
        "y": 0.57799732685089
      },
      {
        "x": 0.018690314143896,
        "y": 1.577993273735
      },
      {
        "x": 2.87238073349,
        "y": 1.5779935121536
      },
      {
        "x": 0.062979348003864,
        "y": 0.57799625396729
      },
      {
        "x": 0.0,
        "y": 1.5779935121536
      },
      {
        "x": 0.018690314143896,
        "y": 1.577993273735
      },
      {
        "x": 0.0,
        "y": 0.57799655199051
      },
      {
        "x": 0.0,
        "y": 0.57799655199051
      },
      {
        "x": 0.018690314143896,
        "y": 1.577993273735
      },
      {
        "x": 0.062979348003864,
        "y": 0.57799625396729
      },
      {
        "x": 2.87238073349,
        "y": 1.5779935121536
      },
      {
        "x": 3.2017250061035,
        "y": 1.5779935121536
      },
      {
        "x": 0.062979348003864,
        "y": 0.57799625396729
      },
      {
        "x": 0.062979348003864,
        "y": 0.57799625396729
      },
      {
        "x": 3.2017250061035,
        "y": 1.5779935121536
      },
      {
        "x": 1.172746181488,
        "y": 0.57799649238586
      },
      {
        "x": 3.2017247676849,
        "y": 1.5779933929443
      },
      {
        "x": 4.0579695701599,
        "y": 1.5779939889908
      },
      {
        "x": 1.1727460622787,
        "y": 0.57799643278122
      },
      {
        "x": 1.1727460622787,
        "y": 0.57799643278122
      },
      {
        "x": 4.0579695701599,
        "y": 1.5779939889908
      },
      {
        "x": 4.0579695701599,
        "y": 0.57799649238586
      },
      {
        "x": 2.8129029273987,
        "y": 1.5779935121536
      },
      {
        "x": 3.1559631824493,
        "y": 1.5779935121536
      },
      {
        "x": 0.0,
        "y": 0.57799655199051
      },
      {
        "x": 0.0,
        "y": 0.57799655199051
      },
      {
        "x": 3.1559631824493,
        "y": 1.5779935121536
      },
      {
        "x": 1.1559842824936,
        "y": 0.57799649238586
      },
      {
        "x": 0.0,
        "y": 1.5779935121536
      },
      {
        "x": 2.8129029273987,
        "y": 1.5779935121536
      },
      {
        "x": 0.0,
        "y": 0.57799655199051
      },
      {
        "x": 3.1559631824493,
        "y": 1.5779935121536
      },
      {
        "x": 3.9999694824219,
        "y": 1.5779935121536
      },
      {
        "x": 1.1559841632843,
        "y": 0.57799643278122
      },
      {
        "x": 1.1559841632843,
        "y": 0.57799643278122
      },
      {
        "x": 3.9999694824219,
        "y": 1.5779935121536
      },
      {
        "x": 3.9999694824219,
        "y": 0.57799649238586
      },
      {
        "x": 2.8536903858185,
        "y": 1.5779933929443
      },
      {
        "x": 3.2017250061035,
        "y": 1.5779935121536
      },
      {
        "x": 0.0,
        "y": 0.57799619436264
      },
      {
        "x": 0.0,
        "y": 0.57799619436264
      },
      {
        "x": 3.2017250061035,
        "y": 1.5779935121536
      },
      {
        "x": 1.172746181488,
        "y": 0.57799649238586
      },
      {
        "x": 0.0,
        "y": 1.577993273735
      },
      {
        "x": 2.8536903858185,
        "y": 1.5779933929443
      },
      {
        "x": 0.0,
        "y": 0.57799619436264
      },
      {
        "x": 3.9949898719788,
        "y": 1.5779933929443
      },
      {
        "x": 4.0579695701599,
        "y": 1.5779935121536
      },
      {
        "x": 4.0579695701599,
        "y": 0.57799649238586
      },
      {
        "x": 3.2017247676849,
        "y": 1.5779933929443
      },
      {
        "x": 3.9949898719788,
        "y": 1.5779933929443
      },
      {
        "x": 1.1727460622787,
        "y": 0.57799643278122
      },
      {
        "x": 1.1727460622787,
        "y": 0.57799643278122
      },
      {
        "x": 3.9949898719788,
        "y": 1.5779933929443
      },
      {
        "x": 4.0579695701599,
        "y": 0.57799649238586
      }
    ],
    "uvs": [
      {
        "x": 1.0,
        "y": 1.0
      },
      {
        "x": 0.0,
        "y": 1.0
      },
      {
        "x": 0.0,
        "y": 0.0
      },
      {
        "x": 0.0,
        "y": 0.0
      },
      {
        "x": 1.0,
        "y": 0.0
      },
      {
        "x": 1.0,
        "y": 1.0
      },
      {
        "x": 1.0,
        "y": 1.0
      },
      {
        "x": 0.0,
        "y": 1.0
      },
      {
        "x": 0.0,
        "y": 0.0
      },
      {
        "x": 0.0,
        "y": 0.0
      },
      {
        "x": 1.0,
        "y": 0.0
      },
      {
        "x": 1.0,
        "y": 1.0
      },
      {
        "x": 1.0,
        "y": 1.0
      },
      {
        "x": 0.0,
        "y": 1.0
      },
      {
        "x": 0.0,
        "y": 0.0
      },
      {
        "x": 0.0,
        "y": 0.0
      },
      {
        "x": 1.0,
        "y": 0.0
      },
      {
        "x": 1.0,
        "y": 1.0
      },
      {
        "x": 1.0,
        "y": 1.0
      },
      {
        "x": 0.0,
        "y": 1.0
      },
      {
        "x": 0.0,
        "y": 0.0
      },
      {
        "x": 0.0,
        "y": 0.0
      },
      {
        "x": 1.0,
        "y": 0.0
      },
      {
        "x": 1.0,
        "y": 1.0
      },
      {
        "x": 1.0,
        "y": 1.0
      },
      {
        "x": 0.0,
        "y": 1.0
      },
      {
        "x": 0.1000030040741,
        "y": 0.899001121521
      },
      {
        "x": 0.0,
        "y": 1.0
      },
      {
        "x": 0.0,
        "y": 0.0
      },
      {
        "x": 0.1000030040741,
        "y": 0.899001121521
      },
      {
        "x": 0.8999969959259,
        "y": 0.899001121521
      },
      {
        "x": 1.0,
        "y": 1.0
      },
      {
        "x": 0.33119988441467,
        "y": 0.899001121521
      },
      {
        "x": 0.1000030040741,
        "y": 0.27144575119019
      },
      {
        "x": 0.0,
        "y": 0.0
      },
      {
        "x": 0.1000030040741,
        "y": 0.099892377853394
      },
      {
        "x": 1.0,
        "y": 1.0
      },
      {
        "x": 0.1000030040741,
        "y": 0.899001121521
      },
      {
        "x": 0.33119988441467,
        "y": 0.899001121521
      },
      {
        "x": 0.1000030040741,
        "y": 0.899001121521
      },
      {
        "x": 0.0,
        "y": 0.0
      },
      {
        "x": 0.1000030040741,
        "y": 0.32195639610291
      },
      {
        "x": 0.1000030040741,
        "y": 0.32195639610291
      },
      {
        "x": 0.0,
        "y": 0.0
      },
      {
        "x": 0.1000030040741,
        "y": 0.27144575119019
      },
      {
        "x": 1.0,
        "y": 0.0
      },
      {
        "x": 1.0,
        "y": 1.0
      },
      {
        "x": 0.8999969959259,
        "y": 0.899001121521
      },
      {
        "x": 0.1000030040741,
        "y": 0.099892377853394
      },
      {
        "x": 0.0,
        "y": 0.0
      },
      {
        "x": 0.1000030040741,
        "y": 0.087407112121582
      },
      {
        "x": 0.0,
        "y": 0.0
      },
      {
        "x": 1.0,
        "y": 0.0
      },
      {
        "x": 0.1000030040741,
        "y": 0.087407112121582
      },
      {
        "x": 0.8999969959259,
        "y": 0.66445183753967
      },
      {
        "x": 0.8999969959259,
        "y": 0.087407112121582
      },
      {
        "x": 1.0,
        "y": 0.0
      },
      {
        "x": 1.0,
        "y": 0.0
      },
      {
        "x": 0.8999969959259,
        "y": 0.899001121521
      },
      {
        "x": 0.8999969959259,
        "y": 0.66445183753967
      },
      {
        "x": 0.66880011558533,
        "y": 0.087407112121582
      },
      {
        "x": 0.1000030040741,
        "y": 0.087407112121582
      },
      {
        "x": 1.0,
        "y": 0.0
      },
      {
        "x": 1.0,
        "y": 0.0
      },
      {
        "x": 0.8999969959259,
        "y": 0.087407112121582
      },
      {
        "x": 0.66880011558533,
        "y": 0.087407112121582
      },
      {
        "x": 0.1000030040741,
        "y": 0.100998878479
      },
      {
        "x": 0.0,
        "y": 0.0
      },
      {
        "x": 1.0,
        "y": 0.0
      },
      {
        "x": 0.1000030040741,
        "y": 0.100998878479
      },
      {
        "x": 1.0,
        "y": 0.0
      },
      {
        "x": 0.73119568824768,
        "y": 0.100998878479
      },
      {
        "x": 1.0,
        "y": 0.0
      },
      {
        "x": 1.0,
        "y": 1.0
      },
      {
        "x": 0.8999969959259,
        "y": 0.100998878479
      },
      {
        "x": 0.8999969959259,
        "y": 0.100998878479
      },
      {
        "x": 1.0,
        "y": 1.0
      },
      {
        "x": 0.8999969959259,
        "y": 0.66554546356201
      },
      {
        "x": 0.73119568824768,
        "y": 0.100998878479
      },
      {
        "x": 1.0,
        "y": 0.0
      },
      {
        "x": 0.8999969959259,
        "y": 0.100998878479
      },
      {
        "x": 0.8999969959259,
        "y": 0.74134397506714
      },
      {
        "x": 1.0,
        "y": 1.0
      },
      {
        "x": 0.8999969959259,
        "y": 0.90010762214661
      },
      {
        "x": 0.8999969959259,
        "y": 0.66554546356201
      },
      {
        "x": 1.0,
        "y": 1.0
      },
      {
        "x": 0.8999969959259,
        "y": 0.74134397506714
      },
      {
        "x": 0.0,
        "y": 1.0
      },
      {
        "x": 0.0,
        "y": 0.0
      },
      {
        "x": 0.1000030040741,
        "y": 0.100998878479
      },
      {
        "x": 1.0,
        "y": 1.0
      },
      {
        "x": 0.0,
        "y": 1.0
      },
      {
        "x": 0.1000030040741,
        "y": 0.91259288787842
      },
      {
        "x": 0.1000030040741,
        "y": 0.27224779129028
      },
      {
        "x": 0.1000030040741,
        "y": 0.91259288787842
      },
      {
        "x": 0.0,
        "y": 1.0
      },
      {
        "x": 0.0,
        "y": 1.0
      },
      {
        "x": 0.1000030040741,
        "y": 0.100998878479
      },
      {
        "x": 0.1000030040741,
        "y": 0.27224779129028
      },
      {
        "x": 0.8999969959259,
        "y": 0.90010762214661
      },
      {
        "x": 1.0,
        "y": 1.0
      },
      {
        "x": 0.8999969959259,
        "y": 0.91259288787842
      },
      {
        "x": 0.8999969959259,
        "y": 0.91259288787842
      },
      {
        "x": 1.0,
        "y": 1.0
      },
      {
        "x": 0.89190542697906,
        "y": 0.91259288787842
      },
      {
        "x": 1.0,
        "y": 1.0
      },
      {
        "x": 0.1000030040741,
        "y": 0.91259288787842
      },
      {
        "x": 0.26880431175232,
        "y": 0.91259288787842
      },
      {
        "x": 0.89190542697906,
        "y": 0.91259288787842
      },
      {
        "x": 1.0,
        "y": 1.0
      },
      {
        "x": 0.26880431175232,
        "y": 0.91259288787842
      },
      {
        "x": 0.33741629123688,
        "y": 1.0
      },
      {
        "x": 0.26880431175232,
        "y": 1.0
      },
      {
        "x": 0.8999969959259,
        "y": 0.0
      },
      {
        "x": 0.8999969959259,
        "y": 0.0
      },
      {
        "x": 0.26880431175232,
        "y": 1.0
      },
      {
        "x": 0.66880011558533,
        "y": 0.0
      },
      {
        "x": 0.899001121521,
        "y": 1.0
      },
      {
        "x": 0.33741629123688,
        "y": 1.0
      },
      {
        "x": 0.8999969959259,
        "y": 0.0
      },
      {
        "x": 0.26880431175232,
        "y": 1.0
      },
      {
        "x": 0.1000030040741,
        "y": 1.0
      },
      {
        "x": 0.66880011558533,
        "y": 0.0
      },
      {
        "x": 0.66880011558533,
        "y": 0.0
      },
      {
        "x": 0.1000030040741,
        "y": 1.0
      },
      {
        "x": 0.100998878479,
        "y": 0.0
      },
      {
        "x": 0.90885484218597,
        "y": 1.0
      },
      {
        "x": 0.33811670541763,
        "y": 1.0
      },
      {
        "x": 0.90010762214661,
        "y": 0.0
      },
      {
        "x": 0.91259288787842,
        "y": 1.0
      },
      {
        "x": 0.90885484218597,
        "y": 1.0
      },
      {
        "x": 0.91259288787842,
        "y": 0.0
      },
      {
        "x": 0.91259288787842,
        "y": 0.0
      },
      {
        "x": 0.90885484218597,
        "y": 1.0
      },
      {
        "x": 0.90010762214661,
        "y": 0.0
      },
      {
        "x": 0.33811670541763,
        "y": 1.0
      },
      {
        "x": 0.27224779129028,
        "y": 1.0
      },
      {
        "x": 0.90010762214661,
        "y": 0.0
      },
      {
        "x": 0.90010762214661,
        "y": 0.0
      },
      {
        "x": 0.27224779129028,
        "y": 1.0
      },
      {
        "x": 0.67804360389709,
        "y": 0.0
      },
      {
        "x": 0.27224779129028,
        "y": 1.0
      },
      {
        "x": 0.1000030040741,
        "y": 1.0
      },
      {
        "x": 0.67804360389709,
        "y": 0.0
      },
      {
        "x": 0.67804360389709,
        "y": 0.0
      },
      {
        "x": 0.1000030040741,
        "y": 1.0
      },
      {
        "x": 0.100998878479,
        "y": 0.0
      },
      {
        "x": 0.33741635084152,
        "y": 1.0
      },
      {
        "x": 0.26880431175232,
        "y": 1.0
      },
      {
        "x": 0.8999969959259,
        "y": 0.0
      },
      {
        "x": 0.8999969959259,
        "y": 0.0
      },
      {
        "x": 0.26880431175232,
        "y": 1.0
      },
      {
        "x": 0.66880011558533,
        "y": 0.0
      },
      {
        "x": 0.8999969959259,
        "y": 1.0
      },
      {
        "x": 0.33741635084152,
        "y": 1.0
      },
      {
        "x": 0.8999969959259,
        "y": 0.0
      },
      {
        "x": 0.26880431175232,
        "y": 1.0
      },
      {
        "x": 0.1000030040741,
        "y": 1.0
      },
      {
        "x": 0.66880011558533,
        "y": 0.0
      },
      {
        "x": 0.66880011558533,
        "y": 0.0
      },
      {
        "x": 0.1000030040741,
        "y": 1.0
      },
      {
        "x": 0.1000030040741,
        "y": 0.0
      },
      {
        "x": 0.3285585641861,
        "y": 1.0
      },
      {
        "x": 0.25865602493286,
        "y": 1.0
      },
      {
        "x": 0.8999969959259,
        "y": 0.0
      },
      {
        "x": 0.8999969959259,
        "y": 0.0
      },
      {
        "x": 0.25865602493286,
        "y": 1.0
      },
      {
        "x": 0.66445183753967,
        "y": 0.0
      },
      {
        "x": 0.899001121521,
        "y": 1.0
      },
      {
        "x": 0.3285585641861,
        "y": 1.0
      },
      {
        "x": 0.8999969959259,
        "y": 0.0
      },
      {
        "x": 0.099892377853394,
        "y": 1.0
      },
      {
        "x": 0.087407112121582,
        "y": 1.0
      },
      {
        "x": 0.087407112121582,
        "y": 0.0
      },
      {
        "x": 0.25865602493286,
        "y": 1.0
      },
      {
        "x": 0.099892377853394,
        "y": 1.0
      },
      {
        "x": 0.66445183753967,
        "y": 0.0
      },
      {
        "x": 0.66445183753967,
        "y": 0.0
      },
      {
        "x": 0.099892377853394,
        "y": 1.0
      },
      {
        "x": 0.087407112121582,
        "y": 0.0
      }
    ],
    "vertices": [
      {
        "x": 0.5,
        "y": -0.5,
        "z": -0.5
      },
      {
        "x": 0.5,
        "y": -0.5,
        "z": 0.5
      },
      {
        "x": 0.5,
        "y": 0.5,
        "z": 0.5
      },
      {
        "x": 0.5,
        "y": 0.5,
        "z": 0.5
      },
      {
        "x": 0.5,
        "y": 0.5,
        "z": -0.5
      },
      {
        "x": 0.5,
        "y": -0.5,
        "z": -0.5
      },
      {
        "x": 0.5,
        "y": -0.5,
        "z": 0.5
      },
      {
        "x": -0.5,
        "y": -0.5,
        "z": 0.5
      },
      {
        "x": -0.5,
        "y": 0.5,
        "z": 0.5
      },
      {
        "x": -0.5,
        "y": 0.5,
        "z": 0.5
      },
      {
        "x": 0.5,
        "y": 0.5,
        "z": 0.5
      },
      {
        "x": 0.5,
        "y": -0.5,
        "z": 0.5
      },
      {
        "x": -0.5,
        "y": -0.5,
        "z": 0.5
      },
      {
        "x": -0.5,
        "y": -0.5,
        "z": -0.5
      },
      {
        "x": -0.5,
        "y": 0.5,
        "z": -0.5
      },
      {
        "x": -0.5,
        "y": 0.5,
        "z": -0.5
      },
      {
        "x": -0.5,
        "y": 0.5,
        "z": 0.5
      },
      {
        "x": -0.5,
        "y": -0.5,
        "z": 0.5
      },
      {
        "x": -0.5,
        "y": -0.5,
        "z": -0.5
      },
      {
        "x": 0.5,
        "y": -0.5,
        "z": -0.5
      },
      {
        "x": 0.5,
        "y": 0.5,
        "z": -0.5
      },
      {
        "x": 0.5,
        "y": 0.5,
        "z": -0.5
      },
      {
        "x": -0.5,
        "y": 0.5,
        "z": -0.5
      },
      {
        "x": -0.5,
        "y": -0.5,
        "z": -0.5
      },
      {
        "x": 0.5,
        "y": 0.5,
        "z": -0.5
      },
      {
        "x": 0.5,
        "y": 0.5,
        "z": 0.5
      },
      {
        "x": 0.399001121521,
        "y": 0.5,
        "z": 0.3999969959259
      },
      {
        "x": 0.5,
        "y": 0.5,
        "z": 0.5
      },
      {
        "x": -0.5,
        "y": 0.5,
        "z": 0.5
      },
      {
        "x": 0.399001121521,
        "y": 0.5,
        "z": 0.3999969959259
      },
      {
        "x": 0.399001121521,
        "y": 0.5,
        "z": -0.3999969959259
      },
      {
        "x": 0.5,
        "y": 0.5,
        "z": -0.5
      },
      {
        "x": 0.399001121521,
        "y": 0.5,
        "z": 0.16880011558533
      },
      {
        "x": -0.22855424880981,
        "y": 0.5,
        "z": 0.3999969959259
      },
      {
        "x": -0.5,
        "y": 0.5,
        "z": 0.5
      },
      {
        "x": -0.40010762214661,
        "y": 0.5,
        "z": 0.3999969959259
      },
      {
        "x": 0.5,
        "y": 0.5,
        "z": -0.5
      },
      {
        "x": 0.399001121521,
        "y": 0.5,
        "z": 0.3999969959259
      },
      {
        "x": 0.399001121521,
        "y": 0.5,
        "z": 0.16880011558533
      },
      {
        "x": 0.399001121521,
        "y": 0.5,
        "z": 0.3999969959259
      },
      {
        "x": -0.5,
        "y": 0.5,
        "z": 0.5
      },
      {
        "x": -0.17804360389709,
        "y": 0.5,
        "z": 0.3999969959259
      },
      {
        "x": -0.17804360389709,
        "y": 0.5,
        "z": 0.3999969959259
      },
      {
        "x": -0.5,
        "y": 0.5,
        "z": 0.5
      },
      {
        "x": -0.22855424880981,
        "y": 0.5,
        "z": 0.3999969959259
      },
      {
        "x": -0.5,
        "y": 0.5,
        "z": -0.5
      },
      {
        "x": 0.5,
        "y": 0.5,
        "z": -0.5
      },
      {
        "x": 0.399001121521,
        "y": 0.5,
        "z": -0.3999969959259
      },
      {
        "x": -0.40010762214661,
        "y": 0.5,
        "z": 0.3999969959259
      },
      {
        "x": -0.5,
        "y": 0.5,
        "z": 0.5
      },
      {
        "x": -0.41259288787842,
        "y": 0.5,
        "z": 0.3999969959259
      },
      {
        "x": -0.5,
        "y": 0.5,
        "z": 0.5
      },
      {
        "x": -0.5,
        "y": 0.5,
        "z": -0.5
      },
      {
        "x": -0.41259288787842,
        "y": 0.5,
        "z": 0.3999969959259
      },
      {
        "x": 0.16445183753967,
        "y": 0.5,
        "z": -0.3999969959259
      },
      {
        "x": -0.41259288787842,
        "y": 0.5,
        "z": -0.3999969959259
      },
      {
        "x": -0.5,
        "y": 0.5,
        "z": -0.5
      },
      {
        "x": -0.5,
        "y": 0.5,
        "z": -0.5
      },
      {
        "x": 0.399001121521,
        "y": 0.5,
        "z": -0.3999969959259
      },
      {
        "x": 0.16445183753967,
        "y": 0.5,
        "z": -0.3999969959259
      },
      {
        "x": -0.41259288787842,
        "y": 0.5,
        "z": -0.16880011558533
      },
      {
        "x": -0.41259288787842,
        "y": 0.5,
        "z": 0.3999969959259
      },
      {
        "x": -0.5,
        "y": 0.5,
        "z": -0.5
      },
      {
        "x": -0.5,
        "y": 0.5,
        "z": -0.5
      },
      {
        "x": -0.41259288787842,
        "y": 0.5,
        "z": -0.3999969959259
      },
      {
        "x": -0.41259288787842,
        "y": 0.5,
        "z": -0.16880011558533
      },
      {
        "x": 0.399001121521,
        "y": -0.5,
        "z": 0.3999969959259
      },
      {
        "x": 0.5,
        "y": -0.5,
        "z": 0.5
      },
      {
        "x": 0.5,
        "y": -0.5,
        "z": -0.5
      },
      {
        "x": 0.399001121521,
        "y": -0.5,
        "z": 0.3999969959259
      },
      {
        "x": 0.5,
        "y": -0.5,
        "z": -0.5
      },
      {
        "x": 0.399001121521,
        "y": -0.5,
        "z": -0.23119568824768
      },
      {
        "x": 0.5,
        "y": -0.5,
        "z": -0.5
      },
      {
        "x": -0.5,
        "y": -0.5,
        "z": -0.5
      },
      {
        "x": 0.399001121521,
        "y": -0.5,
        "z": -0.3999969959259
      },
      {
        "x": 0.399001121521,
        "y": -0.5,
        "z": -0.3999969959259
      },
      {
        "x": -0.5,
        "y": -0.5,
        "z": -0.5
      },
      {
        "x": -0.16554546356201,
        "y": -0.5,
        "z": -0.3999969959259
      },
      {
        "x": 0.399001121521,
        "y": -0.5,
        "z": -0.23119568824768
      },
      {
        "x": 0.5,
        "y": -0.5,
        "z": -0.5
      },
      {
        "x": 0.399001121521,
        "y": -0.5,
        "z": -0.3999969959259
      },
      {
        "x": -0.24134397506714,
        "y": -0.5,
        "z": -0.3999969959259
      },
      {
        "x": -0.5,
        "y": -0.5,
        "z": -0.5
      },
      {
        "x": -0.40010762214661,
        "y": -0.5,
        "z": -0.3999969959259
      },
      {
        "x": -0.16554546356201,
        "y": -0.5,
        "z": -0.3999969959259
      },
      {
        "x": -0.5,
        "y": -0.5,
        "z": -0.5
      },
      {
        "x": -0.24134397506714,
        "y": -0.5,
        "z": -0.3999969959259
      },
      {
        "x": -0.5,
        "y": -0.5,
        "z": 0.5
      },
      {
        "x": 0.5,
        "y": -0.5,
        "z": 0.5
      },
      {
        "x": 0.399001121521,
        "y": -0.5,
        "z": 0.3999969959259
      },
      {
        "x": -0.5,
        "y": -0.5,
        "z": -0.5
      },
      {
        "x": -0.5,
        "y": -0.5,
        "z": 0.5
      },
      {
        "x": -0.41259288787842,
        "y": -0.5,
        "z": 0.3999969959259
      },
      {
        "x": 0.22775220870972,
        "y": -0.5,
        "z": 0.3999969959259
      },
      {
        "x": -0.41259288787842,
        "y": -0.5,
        "z": 0.3999969959259
      },
      {
        "x": -0.5,
        "y": -0.5,
        "z": 0.5
      },
      {
        "x": -0.5,
        "y": -0.5,
        "z": 0.5
      },
      {
        "x": 0.399001121521,
        "y": -0.5,
        "z": 0.3999969959259
      },
      {
        "x": 0.22775220870972,
        "y": -0.5,
        "z": 0.3999969959259
      },
      {
        "x": -0.40010762214661,
        "y": -0.5,
        "z": -0.3999969959259
      },
      {
        "x": -0.5,
        "y": -0.5,
        "z": -0.5
      },
      {
        "x": -0.41259288787842,
        "y": -0.5,
        "z": -0.3999969959259
      },
      {
        "x": -0.41259288787842,
        "y": -0.5,
        "z": -0.3999969959259
      },
      {
        "x": -0.5,
        "y": -0.5,
        "z": -0.5
      },
      {
        "x": -0.41259288787842,
        "y": -0.5,
        "z": -0.39190539717674
      },
      {
        "x": -0.5,
        "y": -0.5,
        "z": -0.5
      },
      {
        "x": -0.41259288787842,
        "y": -0.5,
        "z": 0.3999969959259
      },
      {
        "x": -0.41259288787842,
        "y": -0.5,
        "z": 0.23119568824768
      },
      {
        "x": -0.41259288787842,
        "y": -0.5,
        "z": -0.39190539717674
      },
      {
        "x": -0.5,
        "y": -0.5,
        "z": -0.5
      },
      {
        "x": -0.41259288787842,
        "y": -0.5,
        "z": 0.23119568824768
      },
      {
        "x": 0.399001121521,
        "y": -0.5,
        "z": -0.1625836789608
      },
      {
        "x": 0.399001121521,
        "y": -0.5,
        "z": -0.23119568824768
      },
      {
        "x": 0.399001121521,
        "y": 0.5,
        "z": 0.3999969959259
      },
      {
        "x": 0.399001121521,
        "y": 0.5,
        "z": 0.3999969959259
      },
      {
        "x": 0.399001121521,
        "y": -0.5,
        "z": -0.23119568824768
      },
      {
        "x": 0.399001121521,
        "y": 0.5,
        "z": 0.16880011558533
      },
      {
        "x": 0.399001121521,
        "y": -0.5,
        "z": 0.399001121521
      },
      {
        "x": 0.399001121521,
        "y": -0.5,
        "z": -0.1625836789608
      },
      {
        "x": 0.399001121521,
        "y": 0.5,
        "z": 0.3999969959259
      },
      {
        "x": 0.399001121521,
        "y": -0.5,
        "z": -0.23119568824768
      },
      {
        "x": 0.399001121521,
        "y": -0.5,
        "z": -0.3999969959259
      },
      {
        "x": 0.399001121521,
        "y": 0.5,
        "z": 0.16880011558533
      },
      {
        "x": 0.399001121521,
        "y": 0.5,
        "z": 0.16880011558533
      },
      {
        "x": 0.399001121521,
        "y": -0.5,
        "z": -0.3999969959259
      },
      {
        "x": 0.399001121521,
        "y": 0.5,
        "z": -0.399001121521
      },
      {
        "x": -0.40885484218597,
        "y": -0.5,
        "z": 0.3999969959259
      },
      {
        "x": 0.16188329458237,
        "y": -0.5,
        "z": 0.3999969959259
      },
      {
        "x": -0.40010762214661,
        "y": 0.5,
        "z": 0.3999969959259
      },
      {
        "x": -0.41259288787842,
        "y": -0.5,
        "z": 0.3999969959259
      },
      {
        "x": -0.40885484218597,
        "y": -0.5,
        "z": 0.3999969959259
      },
      {
        "x": -0.41259288787842,
        "y": 0.5,
        "z": 0.3999969959259
      },
      {
        "x": -0.41259288787842,
        "y": 0.5,
        "z": 0.3999969959259
      },
      {
        "x": -0.40885484218597,
        "y": -0.5,
        "z": 0.3999969959259
      },
      {
        "x": -0.40010762214661,
        "y": 0.5,
        "z": 0.3999969959259
      },
      {
        "x": 0.16188329458237,
        "y": -0.5,
        "z": 0.3999969959259
      },
      {
        "x": 0.22775220870972,
        "y": -0.5,
        "z": 0.3999969959259
      },
      {
        "x": -0.40010762214661,
        "y": 0.5,
        "z": 0.3999969959259
      },
      {
        "x": -0.40010762214661,
        "y": 0.5,
        "z": 0.3999969959259
      },
      {
        "x": 0.22775220870972,
        "y": -0.5,
        "z": 0.3999969959259
      },
      {
        "x": -0.17804360389709,
        "y": 0.5,
        "z": 0.3999969959259
      },
      {
        "x": 0.22775220870972,
        "y": -0.5,
        "z": 0.3999969959259
      },
      {
        "x": 0.3999969959259,
        "y": -0.5,
        "z": 0.3999969959259
      },
      {
        "x": -0.17804360389709,
        "y": 0.5,
        "z": 0.3999969959259
      },
      {
        "x": -0.17804360389709,
        "y": 0.5,
        "z": 0.3999969959259
      },
      {
        "x": 0.3999969959259,
        "y": -0.5,
        "z": 0.3999969959259
      },
      {
        "x": 0.399001121521,
        "y": 0.5,
        "z": 0.3999969959259
      },
      {
        "x": -0.41259288787842,
        "y": -0.5,
        "z": 0.16258364915848
      },
      {
        "x": -0.41259288787842,
        "y": -0.5,
        "z": 0.23119568824768
      },
      {
        "x": -0.41259288787842,
        "y": 0.5,
        "z": -0.3999969959259
      },
      {
        "x": -0.41259288787842,
        "y": 0.5,
        "z": -0.3999969959259
      },
      {
        "x": -0.41259288787842,
        "y": -0.5,
        "z": 0.23119568824768
      },
      {
        "x": -0.41259288787842,
        "y": 0.5,
        "z": -0.16880011558533
      },
      {
        "x": -0.41259288787842,
        "y": -0.5,
        "z": -0.3999969959259
      },
      {
        "x": -0.41259288787842,
        "y": -0.5,
        "z": 0.16258364915848
      },
      {
        "x": -0.41259288787842,
        "y": 0.5,
        "z": -0.3999969959259
      },
      {
        "x": -0.41259288787842,
        "y": -0.5,
        "z": 0.23119568824768
      },
      {
        "x": -0.41259288787842,
        "y": -0.5,
        "z": 0.3999969959259
      },
      {
        "x": -0.41259288787842,
        "y": 0.5,
        "z": -0.16880011558533
      },
      {
        "x": -0.41259288787842,
        "y": 0.5,
        "z": -0.16880011558533
      },
      {
        "x": -0.41259288787842,
        "y": -0.5,
        "z": 0.3999969959259
      },
      {
        "x": -0.41259288787842,
        "y": 0.5,
        "z": 0.3999969959259
      },
      {
        "x": -0.1714414358139,
        "y": -0.5,
        "z": -0.3999969959259
      },
      {
        "x": -0.24134397506714,
        "y": -0.5,
        "z": -0.3999969959259
      },
      {
        "x": 0.3999969959259,
        "y": 0.5,
        "z": -0.3999969959259
      },
      {
        "x": 0.3999969959259,
        "y": 0.5,
        "z": -0.3999969959259
      },
      {
        "x": -0.24134397506714,
        "y": -0.5,
        "z": -0.3999969959259
      },
      {
        "x": 0.16445183753967,
        "y": 0.5,
        "z": -0.3999969959259
      },
      {
        "x": 0.399001121521,
        "y": -0.5,
        "z": -0.3999969959259
      },
      {
        "x": -0.1714414358139,
        "y": -0.5,
        "z": -0.3999969959259
      },
      {
        "x": 0.3999969959259,
        "y": 0.5,
        "z": -0.3999969959259
      },
      {
        "x": -0.40010762214661,
        "y": -0.5,
        "z": -0.3999969959259
      },
      {
        "x": -0.41259288787842,
        "y": -0.5,
        "z": -0.3999969959259
      },
      {
        "x": -0.41259288787842,
        "y": 0.5,
        "z": -0.3999969959259
      },
      {
        "x": -0.24134397506714,
        "y": -0.5,
        "z": -0.3999969959259
      },
      {
        "x": -0.40010762214661,
        "y": -0.5,
        "z": -0.3999969959259
      },
      {
        "x": 0.16445183753967,
        "y": 0.5,
        "z": -0.3999969959259
      },
      {
        "x": 0.16445183753967,
        "y": 0.5,
        "z": -0.3999969959259
      },
      {
        "x": -0.40010762214661,
        "y": -0.5,
        "z": -0.3999969959259
      },
      {
        "x": -0.41259288787842,
        "y": 0.5,
        "z": -0.3999969959259
      }
    ]
  }
}