{
  "additionalData": {
    "local_transform": [
      "1 0 0 0 1 0 1.42109e-14 0 1 0 0 0",
      "1.03256 0 -3.55271e-15 0 0.894798 0 0 0 0.833332 -0.0255955 0.0289021 0"
    ],
    "tillBaseScale": {
      "x": 15.91889667511,
      "y": 4.9999990463257,
      "z": 5.9999985694885
    }
  },
  "basicShapesData": [
    {
      "class": "Part",
      "properties": {
        "angleVelocity": "x:0 y:0 z:0",
        "batchType": "Static",
        "bloom": "false",
        "booleanOperation": "0",
        "cameraCollideEnable": "true",
        "collisionFidelity": "0",
        "collisionGroup": "1",
        "collisionUniqueKey": "",
        "customColor": "r:1 g:1 b:1 a:1",
        "customThreshold": "1",
        "density": "2.2",
        "friction": "0.37",
        "id": "8784987893522907137",
        "individual": "false",
        "isLockedInEditor": "false",
        "isSelectInEditor": "false",
        "isVisibleInEditor": "true",
        "lineVelocity": "x:0 y:0 z:0",
        "materialAlpha": "1",
        "materialColor": "r:1 g:1 b:1 a:1",
        "materialOffset": "x:1 y:1 z:1",
        "materialTexture": "part_suliao.tga",
        "name": "Part",
        "needSync": "true",
        "networkOwner": "0",
        "originSize": "x:1 y:1 z:1",
        "partNavMeshType": "1",
        "position": "x:-54.4824 y:112.6 z:-31.9217",
        "restitution": "0.3",
        "rotation": "x:-0 y:90 z:0",
        "scale": "x:15.9189 y:5 z:6",
        "selectable": "true",
        "shape": "1",
        "sides": "24",
        "sideStack": "5",
        "sphereDivision": "3",
        "staticBatchNo": "",
        "staticObject": "false",
        "templateInstanceId": "8784987893522907137",
        "unionLastBox": "false",
        "useAnchor": "false",
        "useCollide": "true",
        "useGravity": "true"
      }
    },
    {
      "class": "Part",
      "properties": {
        "angleVelocity": "x:0 y:0 z:0",
        "batchType": "Static",
        "bloom": "false",
        "booleanOperation": "2",
        "cameraCollideEnable": "true",
        "collisionFidelity": "0",
        "collisionGroup": "1",
        "collisionUniqueKey": "",
        "customColor": "r:1 g:1 b:1 a:1",
        "customThreshold": "1",
        "density": "2.2",
        "friction": "0.37",
        "id": "8784987893529837569",
        "individual": "false",
        "isLockedInEditor": "false",
        "isSelectInEditor": "false",
        "isVisibleInEditor": "true",
        "lineVelocity": "x:0 y:0 z:0",
        "materialAlpha": "1",
        "materialColor": "r:1 g:1 b:1 a:1",
        "materialOffset": "x:1 y:1 z:1",
        "materialTexture": "part_suliao.tga",
        "name": "Part",
        "needSync": "true",
        "networkOwner": "0",
        "originSize": "x:1 y:1 z:1",
        "partNavMeshType": "1",
        "position": "x:-54.4824 y:112.745 z:-31.5142",
        "restitution": "0.3",
        "rotation": "x:-0 y:90 z:0",
        "scale": "x:16.4372 y:4.47399 z:4.99999",
        "selectable": "true",
        "shape": "1",
        "sides": "24",
        "sideStack": "5",
        "sphereDivision": "3",
        "staticBatchNo": "",
        "staticObject": "false",
        "templateInstanceId": "8784987893529837569",
        "unionLastBox": "false",
        "useAnchor": "false",
        "useCollide": "true",
        "useGravity": "true"
      }
    }
  ],
  "brushData": {
    "colors": [
      0,
      0,
      0,
      0,
      0,
      0,
      0,
      0,
      0,
      0,
      0,
      0,
      0,
      0,
      0,
      0,
      0,
      0,
      0,
      0,
      0,
      0,
      0,
      0,
      0,
      0,
      0,
      0,
      0,
      0,
      0,
      0,
      0,
      0,
      0,
      0,
      0,
      0,
      0,
      0,
      0
    ],
    "lightmapUVs": [
      {
        "x": 0.0,
        "y": 0.0
      },
      {
        "x": 0.0,
        "y": 0.0
      },
      {
        "x": 0.0,
        "y": 0.0
      },
      {
        "x": 0.0,
        "y": 0.0
      },
      {
        "x": 0.0,
        "y": 0.0
      },
      {
        "x": 0.0,
        "y": 0.0
      },
      {
        "x": 0.0,
        "y": 0.0
      },
      {
        "x": 0.0,
        "y": 0.0
      },
      {
        "x": 0.0,
        "y": 0.0
      },
      {
        "x": 0.0,
        "y": 0.0
      },
      {
        "x": 0.0,
        "y": 0.0
      },
      {
        "x": 0.0,
        "y": 0.0
      },
      {
        "x": 0.0,
        "y": 0.0
      },
      {
        "x": 0.0,
        "y": 0.0
      },
      {
        "x": 0.0,
        "y": 0.0
      },
      {
        "x": 0.0,
        "y": 0.0
      },
      {
        "x": 0.0,
        "y": 0.0
      },
      {
        "x": 0.0,
        "y": 0.0
      },
      {
        "x": 0.0,
        "y": 0.0
      },
      {
        "x": 0.0,
        "y": 0.0
      },
      {
        "x": 0.0,
        "y": 0.0
      },
      {
        "x": 0.0,
        "y": 0.0
      },
      {
        "x": 0.0,
        "y": 0.0
      },
      {
        "x": 0.0,
        "y": 0.0
      },
      {
        "x": 0.0,
        "y": 0.0
      },
      {
        "x": 0.0,
        "y": 0.0
      },
      {
        "x": 0.0,
        "y": 0.0
      },
      {
        "x": 0.0,
        "y": 0.0
      },
      {
        "x": 0.0,
        "y": 0.0
      },
      {
        "x": 0.0,
        "y": 0.0
      },
      {
        "x": 0.0,
        "y": 0.0
      },
      {
        "x": 0.0,
        "y": 0.0
      },
      {
        "x": 0.0,
        "y": 0.0
      },
      {
        "x": 0.0,
        "y": 0.0
      },
      {
        "x": 0.0,
        "y": 0.0
      },
      {
        "x": 0.0,
        "y": 0.0
      },
      {
        "x": 0.0,
        "y": 0.0
      },
      {
        "x": 0.0,
        "y": 0.0
      },
      {
        "x": 0.0,
        "y": 0.0
      },
      {
        "x": 0.0,
        "y": 0.0
      },
      {
        "x": 0.0,
        "y": 0.0
      },
      {
        "x": 0.0,
        "y": 0.0
      },
      {
        "x": 0.0,
        "y": 0.0
      },
      {
        "x": 0.0,
        "y": 0.0
      },
      {
        "x": 0.0,
        "y": 0.0
      },
      {
        "x": 0.0,
        "y": 0.0
      },
      {
        "x": 0.0,
        "y": 0.0
      },
      {
        "x": 0.0,
        "y": 0.0
      },
      {
        "x": 0.0,
        "y": 0.0
      },
      {
        "x": 0.0,
        "y": 0.0
      },
      {
        "x": 0.0,
        "y": 0.0
      },
      {
        "x": 0.0,
        "y": 0.0
      },
      {
        "x": 0.0,
        "y": 0.0
      },
      {
        "x": 0.0,
        "y": 0.0
      },
      {
        "x": 0.0,
        "y": 0.0
      },
      {
        "x": 0.0,
        "y": 0.0
      },
      {
        "x": 0.0,
        "y": 0.0
      },
      {
        "x": 0.0,
        "y": 0.0
      },
      {
        "x": 0.0,
        "y": 0.0
      },
      {
        "x": 0.0,
        "y": 0.0
      },
      {
        "x": 0.0,
        "y": 0.0
      },
      {
        "x": 0.0,
        "y": 0.0
      },
      {
        "x": 0.0,
        "y": 0.0
      },
      {
        "x": 0.0,
        "y": 0.0
      },
      {
        "x": 0.0,
        "y": 0.0
      },
      {
        "x": 0.0,
        "y": 0.0
      },
      {
        "x": 0.0,
        "y": 0.0
      },
      {
        "x": 0.0,
        "y": 0.0
      },
      {
        "x": 0.0,
        "y": 0.0
      },
      {
        "x": 0.0,
        "y": 0.0
      },
      {
        "x": 0.0,
        "y": 0.0
      },
      {
        "x": 0.0,
        "y": 0.0
      },
      {
        "x": 0.0,
        "y": 0.0
      },
      {
        "x": 0.0,
        "y": 0.0
      },
      {
        "x": 0.0,
        "y": 0.0
      },
      {
        "x": 0.0,
        "y": 0.0
      },
      {
        "x": 0.0,
        "y": 0.0
      },
      {
        "x": 0.0,
        "y": 0.0
      },
      {
        "x": 0.0,
        "y": 0.0
      },
      {
        "x": 0.0,
        "y": 0.0
      },
      {
        "x": 0.0,
        "y": 0.0
      },
      {
        "x": 0.0,
        "y": 0.0
      },
      {
        "x": 0.0,
        "y": 0.0
      },
      {
        "x": 0.0,
        "y": 0.0
      },
      {
        "x": 0.0,
        "y": 0.0
      },
      {
        "x": 0.0,
        "y": 0.0
      },
      {
        "x": 0.0,
        "y": 0.0
      },
      {
        "x": 0.0,
        "y": 0.0
      },
      {
        "x": 0.0,
        "y": 0.0
      },
      {
        "x": 0.0,
        "y": 0.0
      },
      {
        "x": 0.0,
        "y": 0.0
      },
      {
        "x": 0.0,
        "y": 0.0
      },
      {
        "x": 0.0,
        "y": 0.0
      },
      {
        "x": 0.0,
        "y": 0.0
      },
      {
        "x": 0.0,
        "y": 0.0
      },
      {
        "x": 0.0,
        "y": 0.0
      },
      {
        "x": 0.0,
        "y": 0.0
      },
      {
        "x": 0.0,
        "y": 0.0
      },
      {
        "x": 0.0,
        "y": 0.0
      },
      {
        "x": 0.0,
        "y": 0.0
      },
      {
        "x": 0.0,
        "y": 0.0
      },
      {
        "x": 0.0,
        "y": 0.0
      },
      {
        "x": 0.0,
        "y": 0.0
      },
      {
        "x": 0.0,
        "y": 0.0
      },
      {
        "x": 0.0,
        "y": 0.0
      },
      {
        "x": 0.0,
        "y": 0.0
      },
      {
        "x": 0.0,
        "y": 0.0
      },
      {
        "x": 0.0,
        "y": 0.0
      },
      {
        "x": 0.0,
        "y": 0.0
      },
      {
        "x": 0.0,
        "y": 0.0
      },
      {
        "x": 0.0,
        "y": 0.0
      },
      {
        "x": 0.0,
        "y": 0.0
      },
      {
        "x": 0.0,
        "y": 0.0
      },
      {
        "x": 0.0,
        "y": 0.0
      },
      {
        "x": 0.0,
        "y": 0.0
      },
      {
        "x": 0.0,
        "y": 0.0
      },
      {
        "x": 0.0,
        "y": 0.0
      },
      {
        "x": 0.0,
        "y": 0.0
      },
      {
        "x": 0.0,
        "y": 0.0
      },
      {
        "x": 0.0,
        "y": 0.0
      },
      {
        "x": 0.0,
        "y": 0.0
      },
      {
        "x": 0.0,
        "y": 0.0
      },
      {
        "x": 0.0,
        "y": 0.0
      }
    ],
    "uv2s": [
      {
        "x": 0.99999994039536,
        "y": 1.0
      },
      {
        "x": 0.0,
        "y": 1.0
      },
      {
        "x": 0.0,
        "y": 0.0
      },
      {
        "x": 0.0,
        "y": 0.0
      },
      {
        "x": 0.99999994039536,
        "y": 0.0
      },
      {
        "x": 0.99999994039536,
        "y": 1.0
      },
      {
        "x": 1.0,
        "y": 1.0
      },
      {
        "x": 0.0,
        "y": 1.0
      },
      {
        "x": 0.0,
        "y": 0.0
      },
      {
        "x": 0.0,
        "y": 0.0
      },
      {
        "x": 1.0,
        "y": 0.0
      },
      {
        "x": 1.0,
        "y": 1.0
      },
      {
        "x": 0.99999994039536,
        "y": 1.0
      },
      {
        "x": 0.0,
        "y": 1.0
      },
      {
        "x": 0.91666579246521,
        "y": 0.918496966362
      },
      {
        "x": 0.91666579246521,
        "y": 0.91666585206985
      },
      {
        "x": 0.99999994039536,
        "y": 1.0
      },
      {
        "x": 0.91666579246521,
        "y": 0.918496966362
      },
      {
        "x": 0.0,
        "y": 1.0
      },
      {
        "x": 0.0,
        "y": 0.0
      },
      {
        "x": 0.083334147930145,
        "y": 0.918496966362
      },
      {
        "x": 0.11712950468063,
        "y": 0.918496966362
      },
      {
        "x": 0.91666579246521,
        "y": 0.918496966362
      },
      {
        "x": 0.0,
        "y": 1.0
      },
      {
        "x": 0.0,
        "y": 1.0
      },
      {
        "x": 0.083334147930145,
        "y": 0.918496966362
      },
      {
        "x": 0.11712950468063,
        "y": 0.918496966362
      },
      {
        "x": 0.083334147930145,
        "y": 0.88220882415771
      },
      {
        "x": 0.0,
        "y": 0.0
      },
      {
        "x": 0.083334147930145,
        "y": 0.083500623703003
      },
      {
        "x": 0.083334147930145,
        "y": 0.918496966362
      },
      {
        "x": 0.0,
        "y": 0.0
      },
      {
        "x": 0.083334147930145,
        "y": 0.88220882415771
      },
      {
        "x": 0.99999994039536,
        "y": 0.0
      },
      {
        "x": 0.99999994039536,
        "y": 1.0
      },
      {
        "x": 0.91666579246521,
        "y": 0.05998706817627
      },
      {
        "x": 0.91666579246521,
        "y": 0.05998706817627
      },
      {
        "x": 0.99999994039536,
        "y": 1.0
      },
      {
        "x": 0.91666579246521,
        "y": 0.91666585206985
      },
      {
        "x": 0.88287043571472,
        "y": 0.023698925971985
      },
      {
        "x": 0.0,
        "y": 0.0
      },
      {
        "x": 0.99999994039536,
        "y": 0.0
      },
      {
        "x": 0.99999994039536,
        "y": 0.0
      },
      {
        "x": 0.91666579246521,
        "y": 0.023698925971985
      },
      {
        "x": 0.88287043571472,
        "y": 0.023698925971985
      },
      {
        "x": 0.99999994039536,
        "y": 0.0
      },
      {
        "x": 0.91666579246521,
        "y": 0.05998706817627
      },
      {
        "x": 0.91666579246521,
        "y": 0.023698925971985
      },
      {
        "x": 0.36214512586594,
        "y": 0.023698925971985
      },
      {
        "x": 0.0,
        "y": 0.0
      },
      {
        "x": 0.88287043571472,
        "y": 0.023698925971985
      },
      {
        "x": 0.083334147930145,
        "y": 0.083500623703003
      },
      {
        "x": 0.0,
        "y": 0.0
      },
      {
        "x": 0.083334147930145,
        "y": 0.023698925971985
      },
      {
        "x": 0.083334147930145,
        "y": 0.023698925971985
      },
      {
        "x": 0.0,
        "y": 0.0
      },
      {
        "x": 0.36214512586594,
        "y": 0.023698925971985
      },
      {
        "x": 1.0,
        "y": 1.0
      },
      {
        "x": 0.0,
        "y": 1.0
      },
      {
        "x": 0.0,
        "y": 0.0
      },
      {
        "x": 0.0,
        "y": 0.0
      },
      {
        "x": 1.0,
        "y": 0.0
      },
      {
        "x": 1.0,
        "y": 1.0
      },
      {
        "x": 0.99999994039536,
        "y": 1.0
      },
      {
        "x": 0.0,
        "y": 1.0
      },
      {
        "x": 0.0,
        "y": 0.0
      },
      {
        "x": 0.0,
        "y": 0.0
      },
      {
        "x": 0.99999994039536,
        "y": 0.0
      },
      {
        "x": 0.99999994039536,
        "y": 1.0
      },
      {
        "x": 0.0,
        "y": 0.0
      },
      {
        "x": 0.99999994039536,
        "y": 0.0
      },
      {
        "x": 0.99999994039536,
        "y": 1.0
      },
      {
        "x": 0.99999994039536,
        "y": 1.0
      },
      {
        "x": 0.0,
        "y": 1.0
      },
      {
        "x": 0.0,
        "y": 0.0
      },
      {
        "x": 0.083334147930145,
        "y": 0.918496966362
      },
      {
        "x": 0.91666579246521,
        "y": 0.023698925971985
      },
      {
        "x": 0.91666579246521,
        "y": 0.918496966362
      },
      {
        "x": 0.91666579246521,
        "y": 0.023698925971985
      },
      {
        "x": 0.083334147930145,
        "y": 0.918496966362
      },
      {
        "x": 0.083334147930145,
        "y": 0.023698925971985
      },
      {
        "x": 1.0,
        "y": 0.91666585206985
      },
      {
        "x": 1.0,
        "y": 0.918496966362
      },
      {
        "x": 0.0093161463737488,
        "y": 0.918496966362
      },
      {
        "x": 1.0,
        "y": 0.05998706817627
      },
      {
        "x": 1.0,
        "y": 0.91666585206985
      },
      {
        "x": 0.0093161463737488,
        "y": 0.918496966362
      },
      {
        "x": 1.0,
        "y": 0.023698925971985
      },
      {
        "x": 0.0093161463737488,
        "y": 0.918496966362
      },
      {
        "x": 0.0093161463737488,
        "y": 0.023698925971985
      },
      {
        "x": 1.0,
        "y": 0.023698925971985
      },
      {
        "x": 1.0,
        "y": 0.05998706817627
      },
      {
        "x": 0.0093161463737488,
        "y": 0.918496966362
      },
      {
        "x": 0.0,
        "y": 0.918496966362
      },
      {
        "x": 0.99068385362625,
        "y": 0.023698925971985
      },
      {
        "x": 0.99068385362625,
        "y": 0.918496966362
      },
      {
        "x": 0.0,
        "y": 0.918496966362
      },
      {
        "x": 0.0,
        "y": 0.88220882415771
      },
      {
        "x": 0.99068385362625,
        "y": 0.023698925971985
      },
      {
        "x": 0.0,
        "y": 0.083500623703003
      },
      {
        "x": 0.0,
        "y": 0.023698925971985
      },
      {
        "x": 0.99068385362625,
        "y": 0.023698925971985
      },
      {
        "x": 0.0,
        "y": 0.88220882415771
      },
      {
        "x": 0.0,
        "y": 0.083500623703003
      },
      {
        "x": 0.99068385362625,
        "y": 0.023698925971985
      },
      {
        "x": 0.11712950468063,
        "y": 1.0
      },
      {
        "x": 0.083334147930145,
        "y": 1.0
      },
      {
        "x": 0.91666579246521,
        "y": 0.0093161463737488
      },
      {
        "x": 0.91666579246521,
        "y": 0.0093161463737488
      },
      {
        "x": 0.083334147930145,
        "y": 1.0
      },
      {
        "x": 0.083334147930145,
        "y": 0.0093161463737488
      },
      {
        "x": 0.91666579246521,
        "y": 1.0
      },
      {
        "x": 0.11712950468063,
        "y": 1.0
      },
      {
        "x": 0.91666579246521,
        "y": 0.0093161463737488
      },
      {
        "x": 0.88287043571472,
        "y": 0.0
      },
      {
        "x": 0.91666579246521,
        "y": 0.0
      },
      {
        "x": 0.083334147930145,
        "y": 0.99068385362625
      },
      {
        "x": 0.083334147930145,
        "y": 0.99068385362625
      },
      {
        "x": 0.91666579246521,
        "y": 0.0
      },
      {
        "x": 0.91666579246521,
        "y": 0.99068385362625
      },
      {
        "x": 0.083334147930145,
        "y": 0.0
      },
      {
        "x": 0.88287043571472,
        "y": 0.0
      },
      {
        "x": 0.083334147930145,
        "y": 0.99068385362625
      }
    ],
    "uv3s": [
      {
        "x": 5.9999985694885,
        "y": 4.9999995231628
      },
      {
        "x": 0.0,
        "y": 4.9999995231628
      },
      {
        "x": 0.0,
        "y": 0.0
      },
      {
        "x": 0.0,
        "y": 0.0
      },
      {
        "x": 5.9999985694885,
        "y": 0.0
      },
      {
        "x": 5.9999985694885,
        "y": 4.9999995231628
      },
      {
        "x": 15.918898582458,
        "y": 4.9999995231628
      },
      {
        "x": 0.0,
        "y": 4.9999995231628
      },
      {
        "x": 0.0,
        "y": 0.0
      },
      {
        "x": 0.0,
        "y": 0.0
      },
      {
        "x": 15.918898582458,
        "y": 0.0
      },
      {
        "x": 15.918898582458,
        "y": 4.9999995231628
      },
      {
        "x": 5.9999985694885,
        "y": 4.9999995231628
      },
      {
        "x": 0.0,
        "y": 4.9999995231628
      },
      {
        "x": 5.4999938011169,
        "y": 4.592483997345
      },
      {
        "x": 5.4999933242798,
        "y": 4.5833287239075
      },
      {
        "x": 5.9999985694885,
        "y": 4.9999995231628
      },
      {
        "x": 5.4999938011169,
        "y": 4.592483997345
      },
      {
        "x": 0.0,
        "y": 4.9999995231628
      },
      {
        "x": 0.0,
        "y": 0.0
      },
      {
        "x": 0.50000482797623,
        "y": 4.5924844741821
      },
      {
        "x": 0.70277684926987,
        "y": 4.5924844741821
      },
      {
        "x": 5.4999938011169,
        "y": 4.592483997345
      },
      {
        "x": 0.0,
        "y": 4.9999995231628
      },
      {
        "x": 0.0,
        "y": 4.9999995231628
      },
      {
        "x": 0.50000482797623,
        "y": 4.5924844741821
      },
      {
        "x": 0.70277684926987,
        "y": 4.5924844741821
      },
      {
        "x": 0.50000524520874,
        "y": 4.4110441207886
      },
      {
        "x": 0.0,
        "y": 0.0
      },
      {
        "x": 0.50000441074371,
        "y": 0.41750279068947
      },
      {
        "x": 0.50000482797623,
        "y": 4.5924844741821
      },
      {
        "x": 0.0,
        "y": 0.0
      },
      {
        "x": 0.50000524520874,
        "y": 4.4110441207886
      },
      {
        "x": 5.9999985694885,
        "y": 0.0
      },
      {
        "x": 5.9999985694885,
        "y": 4.9999995231628
      },
      {
        "x": 5.4999938011169,
        "y": 0.29993534088135
      },
      {
        "x": 5.4999938011169,
        "y": 0.29993534088135
      },
      {
        "x": 5.9999985694885,
        "y": 4.9999995231628
      },
      {
        "x": 5.4999938011169,
        "y": 4.5833287239075
      },
      {
        "x": 5.2973322868347,
        "y": 0.11412746459246
      },
      {
        "x": 0.0,
        "y": 0.0
      },
      {
        "x": 5.9999985694885,
        "y": 0.0
      },
      {
        "x": 5.9999985694885,
        "y": 0.0
      },
      {
        "x": 5.5000381469727,
        "y": 0.11849462985992
      },
      {
        "x": 5.2973322868347,
        "y": 0.11412746459246
      },
      {
        "x": 5.9999985694885,
        "y": 0.0
      },
      {
        "x": 5.4999938011169,
        "y": 0.29993534088135
      },
      {
        "x": 5.5000381469727,
        "y": 0.11849462985992
      },
      {
        "x": 2.1728706359863,
        "y": 0.11849480122328
      },
      {
        "x": 0.0,
        "y": 0.0
      },
      {
        "x": 5.2973322868347,
        "y": 0.11412746459246
      },
      {
        "x": 0.50000441074371,
        "y": 0.41667041182518
      },
      {
        "x": 0.0,
        "y": 0.0
      },
      {
        "x": 0.50000286102295,
        "y": 0.11849468201399
      },
      {
        "x": 0.50000286102295,
        "y": 0.11849468201399
      },
      {
        "x": 0.0,
        "y": 0.0
      },
      {
        "x": 2.1728706359863,
        "y": 0.11849480122328
      },
      {
        "x": 15.918898582458,
        "y": 4.9999995231628
      },
      {
        "x": 0.0,
        "y": 4.9999995231628
      },
      {
        "x": 0.0,
        "y": 0.0
      },
      {
        "x": 0.0,
        "y": 0.0
      },
      {
        "x": 15.918898582458,
        "y": 0.0
      },
      {
        "x": 15.918898582458,
        "y": 4.9999995231628
      },
      {
        "x": 5.9999985694885,
        "y": 15.918898582458
      },
      {
        "x": 0.0,
        "y": 15.918898582458
      },
      {
        "x": 0.0,
        "y": 0.0
      },
      {
        "x": 0.0,
        "y": 0.0
      },
      {
        "x": 5.9999985694885,
        "y": 0.0
      },
      {
        "x": 5.9999985694885,
        "y": 15.918898582458
      },
      {
        "x": 5.9999985694885,
        "y": 15.918898582458
      },
      {
        "x": 0.0,
        "y": 15.918898582458
      },
      {
        "x": 0.0,
        "y": 0.0
      },
      {
        "x": 0.0,
        "y": 0.0
      },
      {
        "x": 5.9999985694885,
        "y": 0.0
      },
      {
        "x": 5.9999985694885,
        "y": 15.918898582458
      },
      {
        "x": 4.9999895095825,
        "y": 4.4739894866943
      },
      {
        "x": 0.0,
        "y": 0.0
      },
      {
        "x": 0.0,
        "y": 4.4739894866943
      },
      {
        "x": 0.0,
        "y": 0.0
      },
      {
        "x": 4.9999895095825,
        "y": 4.4739894866943
      },
      {
        "x": 4.9999895095825,
        "y": 0.0
      },
      {
        "x": 0.66660445928574,
        "y": 4.464834690094
      },
      {
        "x": 0.66660374403,
        "y": 4.4739894866943
      },
      {
        "x": 16.437198638916,
        "y": 4.4739894866943
      },
      {
        "x": 0.66660314798355,
        "y": 0.18144060671329
      },
      {
        "x": 0.66660445928574,
        "y": 4.464834690094
      },
      {
        "x": 16.437198638916,
        "y": 4.4739894866943
      },
      {
        "x": 0.66660302877426,
        "y": 0.0
      },
      {
        "x": 16.437198638916,
        "y": 4.4739894866943
      },
      {
        "x": 16.437198638916,
        "y": 0.0
      },
      {
        "x": 0.66660302877426,
        "y": 0.0
      },
      {
        "x": 0.66660374403,
        "y": 0.18144078552723
      },
      {
        "x": 16.437198638916,
        "y": 4.4739894866943
      },
      {
        "x": 15.770595550537,
        "y": 4.4739894866943
      },
      {
        "x": 0.0,
        "y": 0.0
      },
      {
        "x": 0.0,
        "y": 4.4739894866943
      },
      {
        "x": 15.770595550537,
        "y": 4.4739894866943
      },
      {
        "x": 15.770594596863,
        "y": 4.2925486564636
      },
      {
        "x": 0.0,
        "y": 0.0
      },
      {
        "x": 15.770594596863,
        "y": 0.29817572236061
      },
      {
        "x": 15.770594596863,
        "y": 0.0
      },
      {
        "x": 0.0,
        "y": 0.0
      },
      {
        "x": 15.770595550537,
        "y": 4.2925491333008
      },
      {
        "x": 15.770594596863,
        "y": 0.29817572236061
      },
      {
        "x": 0.0,
        "y": 0.0
      },
      {
        "x": 0.20277208089828,
        "y": 0.66660237312317
      },
      {
        "x": 0.0,
        "y": 0.66660374403
      },
      {
        "x": 4.9999895095825,
        "y": 16.437198638916
      },
      {
        "x": 4.9999895095825,
        "y": 16.437198638916
      },
      {
        "x": 0.0,
        "y": 0.66660374403
      },
      {
        "x": 0.0,
        "y": 16.437198638916
      },
      {
        "x": 4.9999895095825,
        "y": 0.66660302877426
      },
      {
        "x": 0.20277188718319,
        "y": 0.66660177707672
      },
      {
        "x": 4.9999895095825,
        "y": 16.437198638916
      },
      {
        "x": 0.20277221500874,
        "y": 0.66660279035568
      },
      {
        "x": 0.0,
        "y": 0.66660374403
      },
      {
        "x": 4.9999895095825,
        "y": 16.437198638916
      },
      {
        "x": 4.9999895095825,
        "y": 16.437198638916
      },
      {
        "x": 0.0,
        "y": 0.66660374403
      },
      {
        "x": 0.0,
        "y": 16.437198638916
      },
      {
        "x": 4.9999895095825,
        "y": 0.66660302877426
      },
      {
        "x": 0.20277188718319,
        "y": 0.66660177707672
      },
      {
        "x": 4.9999895095825,
        "y": 16.437198638916
      }
    ],
    "uvs": [
      {
        "x": 1.0,
        "y": 1.0
      },
      {
        "x": 0.0,
        "y": 1.0
      },
      {
        "x": 0.0,
        "y": 0.0
      },
      {
        "x": 0.0,
        "y": 0.0
      },
      {
        "x": 1.0,
        "y": 0.0
      },
      {
        "x": 1.0,
        "y": 1.0
      },
      {
        "x": 1.0,
        "y": 1.0
      },
      {
        "x": 0.0,
        "y": 1.0
      },
      {
        "x": 0.0,
        "y": 0.0
      },
      {
        "x": 0.0,
        "y": 0.0
      },
      {
        "x": 1.0,
        "y": 0.0
      },
      {
        "x": 1.0,
        "y": 1.0
      },
      {
        "x": 1.0,
        "y": 1.0
      },
      {
        "x": 0.0,
        "y": 1.0
      },
      {
        "x": 0.91666585206985,
        "y": 0.918496966362
      },
      {
        "x": 0.91666585206985,
        "y": 0.91666585206985
      },
      {
        "x": 1.0,
        "y": 1.0
      },
      {
        "x": 0.91666585206985,
        "y": 0.918496966362
      },
      {
        "x": 0.0,
        "y": 1.0
      },
      {
        "x": 0.0,
        "y": 0.0
      },
      {
        "x": 0.083334147930145,
        "y": 0.918496966362
      },
      {
        "x": 0.11712950468063,
        "y": 0.918496966362
      },
      {
        "x": 0.91666585206985,
        "y": 0.918496966362
      },
      {
        "x": 0.0,
        "y": 1.0
      },
      {
        "x": 0.0,
        "y": 1.0
      },
      {
        "x": 0.083334147930145,
        "y": 0.918496966362
      },
      {
        "x": 0.11712950468063,
        "y": 0.918496966362
      },
      {
        "x": 0.083334147930145,
        "y": 0.88220882415771
      },
      {
        "x": 0.0,
        "y": 0.0
      },
      {
        "x": 0.083334147930145,
        "y": 0.083500623703003
      },
      {
        "x": 0.083334147930145,
        "y": 0.918496966362
      },
      {
        "x": 0.0,
        "y": 0.0
      },
      {
        "x": 0.083334147930145,
        "y": 0.88220882415771
      },
      {
        "x": 1.0,
        "y": 0.0
      },
      {
        "x": 1.0,
        "y": 1.0
      },
      {
        "x": 0.91666585206985,
        "y": 0.05998706817627
      },
      {
        "x": 0.91666585206985,
        "y": 0.05998706817627
      },
      {
        "x": 1.0,
        "y": 1.0
      },
      {
        "x": 0.91666585206985,
        "y": 0.91666585206985
      },
      {
        "x": 0.88287049531937,
        "y": 0.023698925971985
      },
      {
        "x": 0.0,
        "y": 0.0
      },
      {
        "x": 1.0,
        "y": 0.0
      },
      {
        "x": 1.0,
        "y": 0.0
      },
      {
        "x": 0.91666585206985,
        "y": 0.023698925971985
      },
      {
        "x": 0.88287049531937,
        "y": 0.023698925971985
      },
      {
        "x": 1.0,
        "y": 0.0
      },
      {
        "x": 0.91666585206985,
        "y": 0.05998706817627
      },
      {
        "x": 0.91666585206985,
        "y": 0.023698925971985
      },
      {
        "x": 0.36214512586594,
        "y": 0.023698925971985
      },
      {
        "x": 0.0,
        "y": 0.0
      },
      {
        "x": 0.88287049531937,
        "y": 0.023698925971985
      },
      {
        "x": 0.083334147930145,
        "y": 0.083500623703003
      },
      {
        "x": 0.0,
        "y": 0.0
      },
      {
        "x": 0.083334147930145,
        "y": 0.023698925971985
      },
      {
        "x": 0.083334147930145,
        "y": 0.023698925971985
      },
      {
        "x": 0.0,
        "y": 0.0
      },
      {
        "x": 0.36214512586594,
        "y": 0.023698925971985
      },
      {
        "x": 1.0,
        "y": 1.0
      },
      {
        "x": 0.0,
        "y": 1.0
      },
      {
        "x": 0.0,
        "y": 0.0
      },
      {
        "x": 0.0,
        "y": 0.0
      },
      {
        "x": 1.0,
        "y": 0.0
      },
      {
        "x": 1.0,
        "y": 1.0
      },
      {
        "x": 1.0,
        "y": 1.0
      },
      {
        "x": 0.0,
        "y": 1.0
      },
      {
        "x": 0.0,
        "y": 0.0
      },
      {
        "x": 0.0,
        "y": 0.0
      },
      {
        "x": 1.0,
        "y": 0.0
      },
      {
        "x": 1.0,
        "y": 1.0
      },
      {
        "x": 0.0,
        "y": 0.0
      },
      {
        "x": 1.0,
        "y": 0.0
      },
      {
        "x": 1.0,
        "y": 1.0
      },
      {
        "x": 1.0,
        "y": 1.0
      },
      {
        "x": 0.0,
        "y": 1.0
      },
      {
        "x": 0.0,
        "y": 0.0
      },
      {
        "x": 0.083334147930145,
        "y": 0.918496966362
      },
      {
        "x": 0.91666585206985,
        "y": 0.023698925971985
      },
      {
        "x": 0.91666585206985,
        "y": 0.918496966362
      },
      {
        "x": 0.91666585206985,
        "y": 0.023698925971985
      },
      {
        "x": 0.083334147930145,
        "y": 0.918496966362
      },
      {
        "x": 0.083334147930145,
        "y": 0.023698925971985
      },
      {
        "x": 1.0,
        "y": 0.91666585206985
      },
      {
        "x": 1.0,
        "y": 0.918496966362
      },
      {
        "x": 0.0093161463737488,
        "y": 0.918496966362
      },
      {
        "x": 1.0,
        "y": 0.05998706817627
      },
      {
        "x": 1.0,
        "y": 0.91666585206985
      },
      {
        "x": 0.0093161463737488,
        "y": 0.918496966362
      },
      {
        "x": 1.0,
        "y": 0.023698925971985
      },
      {
        "x": 0.0093161463737488,
        "y": 0.918496966362
      },
      {
        "x": 0.0093161463737488,
        "y": 0.023698925971985
      },
      {
        "x": 1.0,
        "y": 0.023698925971985
      },
      {
        "x": 1.0,
        "y": 0.05998706817627
      },
      {
        "x": 0.0093161463737488,
        "y": 0.918496966362
      },
      {
        "x": 0.0,
        "y": 0.918496966362
      },
      {
        "x": 0.99068385362625,
        "y": 0.023698925971985
      },
      {
        "x": 0.99068385362625,
        "y": 0.918496966362
      },
      {
        "x": 0.0,
        "y": 0.918496966362
      },
      {
        "x": 0.0,
        "y": 0.88220882415771
      },
      {
        "x": 0.99068385362625,
        "y": 0.023698925971985
      },
      {
        "x": 0.0,
        "y": 0.083500623703003
      },
      {
        "x": 0.0,
        "y": 0.023698925971985
      },
      {
        "x": 0.99068385362625,
        "y": 0.023698925971985
      },
      {
        "x": 0.0,
        "y": 0.88220882415771
      },
      {
        "x": 0.0,
        "y": 0.083500623703003
      },
      {
        "x": 0.99068385362625,
        "y": 0.023698925971985
      },
      {
        "x": 0.11712950468063,
        "y": 1.0
      },
      {
        "x": 0.083334147930145,
        "y": 1.0
      },
      {
        "x": 0.91666585206985,
        "y": 0.0093161463737488
      },
      {
        "x": 0.91666585206985,
        "y": 0.0093161463737488
      },
      {
        "x": 0.083334147930145,
        "y": 1.0
      },
      {
        "x": 0.083334147930145,
        "y": 0.0093161463737488
      },
      {
        "x": 0.91666585206985,
        "y": 1.0
      },
      {
        "x": 0.11712950468063,
        "y": 1.0
      },
      {
        "x": 0.91666585206985,
        "y": 0.0093161463737488
      },
      {
        "x": 0.88287049531937,
        "y": 0.0
      },
      {
        "x": 0.91666585206985,
        "y": 0.0
      },
      {
        "x": 0.083334147930145,
        "y": 0.99068385362625
      },
      {
        "x": 0.083334147930145,
        "y": 0.99068385362625
      },
      {
        "x": 0.91666585206985,
        "y": 0.0
      },
      {
        "x": 0.91666585206985,
        "y": 0.99068385362625
      },
      {
        "x": 0.083334147930145,
        "y": 0.0
      },
      {
        "x": 0.88287049531937,
        "y": 0.0
      },
      {
        "x": 0.083334147930145,
        "y": 0.99068385362625
      }
    ],
    "vertices": [
      {
        "x": 0.5,
        "y": -0.5,
        "z": -0.49999997019768
      },
      {
        "x": 0.5,
        "y": -0.5,
        "z": 0.49999997019768
      },
      {
        "x": 0.5,
        "y": 0.5,
        "z": 0.49999997019768
      },
      {
        "x": 0.5,
        "y": 0.5,
        "z": 0.49999997019768
      },
      {
        "x": 0.5,
        "y": 0.5,
        "z": -0.49999997019768
      },
      {
        "x": 0.5,
        "y": -0.5,
        "z": -0.49999997019768
      },
      {
        "x": 0.5,
        "y": -0.5,
        "z": 0.49999997019768
      },
      {
        "x": -0.5,
        "y": -0.5,
        "z": 0.49999997019768
      },
      {
        "x": -0.5,
        "y": 0.5,
        "z": 0.49999997019768
      },
      {
        "x": -0.5,
        "y": 0.5,
        "z": 0.49999997019768
      },
      {
        "x": 0.5,
        "y": 0.5,
        "z": 0.49999997019768
      },
      {
        "x": 0.5,
        "y": -0.5,
        "z": 0.49999997019768
      },
      {
        "x": -0.5,
        "y": -0.5,
        "z": 0.49999997019768
      },
      {
        "x": -0.5,
        "y": -0.5,
        "z": -0.49999997019768
      },
      {
        "x": -0.5,
        "y": -0.41849693655968,
        "z": 0.41666585206985
      },
      {
        "x": -0.5,
        "y": -0.41666585206985,
        "z": 0.41666585206985
      },
      {
        "x": -0.5,
        "y": -0.5,
        "z": 0.49999997019768
      },
      {
        "x": -0.5,
        "y": -0.41849693655968,
        "z": 0.41666585206985
      },
      {
        "x": -0.5,
        "y": -0.5,
        "z": -0.49999997019768
      },
      {
        "x": -0.5,
        "y": 0.5,
        "z": -0.49999997019768
      },
      {
        "x": -0.5,
        "y": -0.41849693655968,
        "z": -0.41666582226753
      },
      {
        "x": -0.5,
        "y": -0.41849693655968,
        "z": -0.38287046551704
      },
      {
        "x": -0.5,
        "y": -0.41849693655968,
        "z": 0.41666585206985
      },
      {
        "x": -0.5,
        "y": -0.5,
        "z": -0.49999997019768
      },
      {
        "x": -0.5,
        "y": -0.5,
        "z": -0.49999997019768
      },
      {
        "x": -0.5,
        "y": -0.41849693655968,
        "z": -0.41666582226753
      },
      {
        "x": -0.5,
        "y": -0.41849693655968,
        "z": -0.38287046551704
      },
      {
        "x": -0.5,
        "y": -0.38220885396004,
        "z": -0.41666582226753
      },
      {
        "x": -0.5,
        "y": 0.5,
        "z": -0.49999997019768
      },
      {
        "x": -0.5,
        "y": 0.416499376297,
        "z": -0.41666582226753
      },
      {
        "x": -0.5,
        "y": -0.41849693655968,
        "z": -0.41666582226753
      },
      {
        "x": -0.5,
        "y": 0.5,
        "z": -0.49999997019768
      },
      {
        "x": -0.5,
        "y": -0.38220885396004,
        "z": -0.41666582226753
      },
      {
        "x": -0.5,
        "y": 0.5,
        "z": 0.49999997019768
      },
      {
        "x": -0.5,
        "y": -0.5,
        "z": 0.49999997019768
      },
      {
        "x": -0.5,
        "y": 0.44001293182373,
        "z": 0.41666582226753
      },
      {
        "x": -0.5,
        "y": 0.44001293182373,
        "z": 0.41666582226753
      },
      {
        "x": -0.5,
        "y": -0.5,
        "z": 0.49999997019768
      },
      {
        "x": -0.5,
        "y": -0.41666585206985,
        "z": 0.41666585206985
      },
      {
        "x": -0.5,
        "y": 0.47630104422569,
        "z": 0.38287046551704
      },
      {
        "x": -0.5,
        "y": 0.5,
        "z": -0.49999997019768
      },
      {
        "x": -0.5,
        "y": 0.5,
        "z": 0.49999997019768
      },
      {
        "x": -0.5,
        "y": 0.5,
        "z": 0.49999997019768
      },
      {
        "x": -0.5,
        "y": 0.47630104422569,
        "z": 0.41666582226753
      },
      {
        "x": -0.5,
        "y": 0.47630104422569,
        "z": 0.38287046551704
      },
      {
        "x": -0.5,
        "y": 0.5,
        "z": 0.49999997019768
      },
      {
        "x": -0.5,
        "y": 0.44001293182373,
        "z": 0.41666582226753
      },
      {
        "x": -0.5,
        "y": 0.47630104422569,
        "z": 0.41666582226753
      },
      {
        "x": -0.5,
        "y": 0.47630104422569,
        "z": -0.13785484433174
      },
      {
        "x": -0.5,
        "y": 0.5,
        "z": -0.49999997019768
      },
      {
        "x": -0.5,
        "y": 0.47630104422569,
        "z": 0.38287046551704
      },
      {
        "x": -0.5,
        "y": 0.416499376297,
        "z": -0.41666582226753
      },
      {
        "x": -0.5,
        "y": 0.5,
        "z": -0.49999997019768
      },
      {
        "x": -0.5,
        "y": 0.47630104422569,
        "z": -0.41666585206985
      },
      {
        "x": -0.5,
        "y": 0.47630104422569,
        "z": -0.41666585206985
      },
      {
        "x": -0.5,
        "y": 0.5,
        "z": -0.49999997019768
      },
      {
        "x": -0.5,
        "y": 0.47630104422569,
        "z": -0.13785484433174
      },
      {
        "x": -0.5,
        "y": -0.5,
        "z": -0.49999997019768
      },
      {
        "x": 0.5,
        "y": -0.5,
        "z": -0.49999997019768
      },
      {
        "x": 0.5,
        "y": 0.5,
        "z": -0.49999997019768
      },
      {
        "x": 0.5,
        "y": 0.5,
        "z": -0.49999997019768
      },
      {
        "x": -0.5,
        "y": 0.5,
        "z": -0.49999997019768
      },
      {
        "x": -0.5,
        "y": -0.5,
        "z": -0.49999997019768
      },
      {
        "x": 0.5,
        "y": 0.5,
        "z": -0.49999997019768
      },
      {
        "x": 0.5,
        "y": 0.5,
        "z": 0.49999997019768
      },
      {
        "x": -0.5,
        "y": 0.5,
        "z": 0.49999997019768
      },
      {
        "x": -0.5,
        "y": 0.5,
        "z": 0.49999997019768
      },
      {
        "x": -0.5,
        "y": 0.5,
        "z": -0.49999997019768
      },
      {
        "x": 0.5,
        "y": 0.5,
        "z": -0.49999997019768
      },
      {
        "x": 0.5,
        "y": -0.5,
        "z": 0.49999997019768
      },
      {
        "x": 0.5,
        "y": -0.5,
        "z": -0.49999997019768
      },
      {
        "x": -0.5,
        "y": -0.5,
        "z": -0.49999997019768
      },
      {
        "x": -0.5,
        "y": -0.5,
        "z": -0.49999997019768
      },
      {
        "x": -0.5,
        "y": -0.5,
        "z": 0.49999997019768
      },
      {
        "x": 0.5,
        "y": -0.5,
        "z": 0.49999997019768
      },
      {
        "x": 0.49068385362625,
        "y": -0.41849693655968,
        "z": -0.41666585206985
      },
      {
        "x": 0.49068385362625,
        "y": 0.47630104422569,
        "z": 0.41666585206985
      },
      {
        "x": 0.49068385362625,
        "y": -0.41849693655968,
        "z": 0.41666585206985
      },
      {
        "x": 0.49068385362625,
        "y": 0.47630104422569,
        "z": 0.41666585206985
      },
      {
        "x": 0.49068385362625,
        "y": -0.41849693655968,
        "z": -0.41666585206985
      },
      {
        "x": 0.49068385362625,
        "y": 0.47630104422569,
        "z": -0.41666585206985
      },
      {
        "x": -0.5,
        "y": -0.41666585206985,
        "z": 0.41666585206985
      },
      {
        "x": -0.5,
        "y": -0.41849693655968,
        "z": 0.41666585206985
      },
      {
        "x": 0.49068385362625,
        "y": -0.41849693655968,
        "z": 0.41666585206985
      },
      {
        "x": -0.5,
        "y": 0.44001293182373,
        "z": 0.41666582226753
      },
      {
        "x": -0.5,
        "y": -0.41666585206985,
        "z": 0.41666585206985
      },
      {
        "x": 0.49068385362625,
        "y": -0.41849693655968,
        "z": 0.41666585206985
      },
      {
        "x": -0.5,
        "y": 0.47630104422569,
        "z": 0.41666582226753
      },
      {
        "x": 0.49068385362625,
        "y": -0.41849693655968,
        "z": 0.41666585206985
      },
      {
        "x": 0.49068385362625,
        "y": 0.47630104422569,
        "z": 0.41666585206985
      },
      {
        "x": -0.5,
        "y": 0.47630104422569,
        "z": 0.41666582226753
      },
      {
        "x": -0.5,
        "y": 0.44001293182373,
        "z": 0.41666582226753
      },
      {
        "x": 0.49068385362625,
        "y": -0.41849693655968,
        "z": 0.41666585206985
      },
      {
        "x": -0.5,
        "y": -0.41849693655968,
        "z": -0.41666582226753
      },
      {
        "x": 0.49068385362625,
        "y": 0.47630104422569,
        "z": -0.41666585206985
      },
      {
        "x": 0.49068385362625,
        "y": -0.41849693655968,
        "z": -0.41666585206985
      },
      {
        "x": -0.5,
        "y": -0.41849693655968,
        "z": -0.41666582226753
      },
      {
        "x": -0.5,
        "y": -0.38220885396004,
        "z": -0.41666582226753
      },
      {
        "x": 0.49068385362625,
        "y": 0.47630104422569,
        "z": -0.41666585206985
      },
      {
        "x": -0.5,
        "y": 0.416499376297,
        "z": -0.41666582226753
      },
      {
        "x": -0.5,
        "y": 0.47630104422569,
        "z": -0.41666585206985
      },
      {
        "x": 0.49068385362625,
        "y": 0.47630104422569,
        "z": -0.41666585206985
      },
      {
        "x": -0.5,
        "y": -0.38220885396004,
        "z": -0.41666582226753
      },
      {
        "x": -0.5,
        "y": 0.416499376297,
        "z": -0.41666582226753
      },
      {
        "x": 0.49068385362625,
        "y": 0.47630104422569,
        "z": -0.41666585206985
      },
      {
        "x": -0.5,
        "y": 0.47630104422569,
        "z": 0.38287046551704
      },
      {
        "x": -0.5,
        "y": 0.47630104422569,
        "z": 0.41666582226753
      },
      {
        "x": 0.49068385362625,
        "y": 0.47630104422569,
        "z": -0.41666585206985
      },
      {
        "x": 0.49068385362625,
        "y": 0.47630104422569,
        "z": -0.41666585206985
      },
      {
        "x": -0.5,
        "y": 0.47630104422569,
        "z": 0.41666582226753
      },
      {
        "x": 0.49068385362625,
        "y": 0.47630104422569,
        "z": 0.41666585206985
      },
      {
        "x": -0.5,
        "y": 0.47630104422569,
        "z": -0.41666585206985
      },
      {
        "x": -0.5,
        "y": 0.47630104422569,
        "z": 0.38287046551704
      },
      {
        "x": 0.49068385362625,
        "y": 0.47630104422569,
        "z": -0.41666585206985
      },
      {
        "x": -0.5,
        "y": -0.41849693655968,
        "z": -0.38287046551704
      },
      {
        "x": -0.5,
        "y": -0.41849693655968,
        "z": -0.41666582226753
      },
      {
        "x": 0.49068385362625,
        "y": -0.41849693655968,
        "z": 0.41666585206985
      },
      {
        "x": 0.49068385362625,
        "y": -0.41849693655968,
        "z": 0.41666585206985
      },
      {
        "x": -0.5,
        "y": -0.41849693655968,
        "z": -0.41666582226753
      },
      {
        "x": 0.49068385362625,
        "y": -0.41849693655968,
        "z": -0.41666585206985
      },
      {
        "x": -0.5,
        "y": -0.41849693655968,
        "z": 0.41666585206985
      },
      {
        "x": -0.5,
        "y": -0.41849693655968,
        "z": -0.38287046551704
      },
      {
        "x": 0.49068385362625,
        "y": -0.41849693655968,
        "z": 0.41666585206985
      }
    ]
  }
}