{
  "additionalData": {
    "local_transform": [
      "1 0 0 0 1 0 0 0 1 0 0 0",
      "1.21605 0 0 0 0.799994 0 0 0 0.799987 -0.0237899 0 0"
    ],
    "tillBaseScale": {
      "x": 4.9999990463257,
      "y": 4.3333292007446,
      "z": 4.3333292007446
    }
  },
  "basicShapesData": [
    {
      "class": "Part",
      "properties": {
        "angleVelocity": "x:0 y:0 z:0",
        "batchType": "Static",
        "bloom": "false",
        "booleanOperation": "0",
        "cameraCollideEnable": "true",
        "collisionFidelity": "0",
        "collisionGroup": "1",
        "collisionUniqueKey": "",
        "customColor": "r:1 g:1 b:1 a:1",
        "customThreshold": "1",
        "density": "2.2",
        "friction": "0.37",
        "id": "8784981528875368449",
        "individual": "false",
        "isLockedInEditor": "false",
        "isSelectInEditor": "false",
        "isVisibleInEditor": "true",
        "lineVelocity": "x:0 y:0 z:0",
        "materialAlpha": "1",
        "materialColor": "r:1 g:1 b:1 a:1",
        "materialOffset": "x:1 y:1 z:1",
        "materialTexture": "part_suliao.tga",
        "name": "Part",
        "needSync": "true",
        "networkOwner": "0",
        "originSize": "x:1 y:1 z:1",
        "partNavMeshType": "1",
        "position": "x:-25.7024 y:112.6 z:-19.7852",
        "restitution": "0.3",
        "rotation": "x:-0 y:0 z:0",
        "scale": "x:5 y:4.33333 z:4.33333",
        "selectable": "true",
        "shape": "1",
        "sides": "24",
        "sideStack": "5",
        "sphereDivision": "3",
        "staticBatchNo": "",
        "staticObject": "false",
        "templateInstanceId": "8784981528875368449",
        "unionLastBox": "false",
        "useAnchor": "false",
        "useCollide": "true",
        "useGravity": "true"
      }
    },
    {
      "class": "Part",
      "properties": {
        "angleVelocity": "x:0 y:0 z:0",
        "batchType": "Static",
        "bloom": "false",
        "booleanOperation": "2",
        "cameraCollideEnable": "true",
        "collisionFidelity": "0",
        "collisionGroup": "1",
        "collisionUniqueKey": "",
        "customColor": "r:1 g:1 b:1 a:1",
        "customThreshold": "1",
        "density": "2.2",
        "friction": "0.37",
        "id": "8784981528880889857",
        "individual": "false",
        "isLockedInEditor": "false",
        "isSelectInEditor": "false",
        "isVisibleInEditor": "true",
        "lineVelocity": "x:0 y:0 z:0",
        "materialAlpha": "1",
        "materialColor": "r:1 g:1 b:1 a:1",
        "materialOffset": "x:1 y:1 z:1",
        "materialTexture": "part_suliao.tga",
        "name": "Part",
        "needSync": "true",
        "networkOwner": "0",
        "originSize": "x:1 y:1 z:1",
        "partNavMeshType": "1",
        "position": "x:-25.8214 y:112.6 z:-19.7852",
        "restitution": "0.3",
        "rotation": "x:-0 y:0 z:0",
        "scale": "x:6.08027 y:3.46664 z:3.46661",
        "selectable": "true",
        "shape": "1",
        "sides": "24",
        "sideStack": "5",
        "sphereDivision": "3",
        "staticBatchNo": "",
        "staticObject": "false",
        "templateInstanceId": "8784981528880889857",
        "unionLastBox": "false",
        "useAnchor": "false",
        "useCollide": "true",
        "useGravity": "true"
      }
    }
  ],
  "brushData": {
    "colors": [
      0,
      0,
      0,
      0,
      0,
      0,
      0,
      0,
      0,
      0,
      0,
      0,
      0,
      0,
      0,
      0,
      0,
      0,
      0,
      0,
      0,
      0,
      0,
      0,
      0,
      0,
      0,
      0,
      0,
      0,
      0,
      0,
      0,
      0,
      0,
      0,
      0,
      0,
      0,
      0,
      0,
      0,
      0,
      0,
      0,
      0,
      0,
      0,
      0,
      0,
      0,
      0,
      0,
      0
    ],
    "lightmapUVs": [
      {
        "x": 0.0,
        "y": 0.0
      },
      {
        "x": 0.0,
        "y": 0.0
      },
      {
        "x": 0.0,
        "y": 0.0
      },
      {
        "x": 0.0,
        "y": 0.0
      },
      {
        "x": 0.0,
        "y": 0.0
      },
      {
        "x": 0.0,
        "y": 0.0
      },
      {
        "x": 0.0,
        "y": 0.0
      },
      {
        "x": 0.0,
        "y": 0.0
      },
      {
        "x": 0.0,
        "y": 0.0
      },
      {
        "x": 0.0,
        "y": 0.0
      },
      {
        "x": 0.0,
        "y": 0.0
      },
      {
        "x": 0.0,
        "y": 0.0
      },
      {
        "x": 0.0,
        "y": 0.0
      },
      {
        "x": 0.0,
        "y": 0.0
      },
      {
        "x": 0.0,
        "y": 0.0
      },
      {
        "x": 0.0,
        "y": 0.0
      },
      {
        "x": 0.0,
        "y": 0.0
      },
      {
        "x": 0.0,
        "y": 0.0
      },
      {
        "x": 0.0,
        "y": 0.0
      },
      {
        "x": 0.0,
        "y": 0.0
      },
      {
        "x": 0.0,
        "y": 0.0
      },
      {
        "x": 0.0,
        "y": 0.0
      },
      {
        "x": 0.0,
        "y": 0.0
      },
      {
        "x": 0.0,
        "y": 0.0
      },
      {
        "x": 0.0,
        "y": 0.0
      },
      {
        "x": 0.0,
        "y": 0.0
      },
      {
        "x": 0.0,
        "y": 0.0
      },
      {
        "x": 0.0,
        "y": 0.0
      },
      {
        "x": 0.0,
        "y": 0.0
      },
      {
        "x": 0.0,
        "y": 0.0
      },
      {
        "x": 0.0,
        "y": 0.0
      },
      {
        "x": 0.0,
        "y": 0.0
      },
      {
        "x": 0.0,
        "y": 0.0
      },
      {
        "x": 0.0,
        "y": 0.0
      },
      {
        "x": 0.0,
        "y": 0.0
      },
      {
        "x": 0.0,
        "y": 0.0
      },
      {
        "x": 0.0,
        "y": 0.0
      },
      {
        "x": 0.0,
        "y": 0.0
      },
      {
        "x": 0.0,
        "y": 0.0
      },
      {
        "x": 0.0,
        "y": 0.0
      },
      {
        "x": 0.0,
        "y": 0.0
      },
      {
        "x": 0.0,
        "y": 0.0
      },
      {
        "x": 0.0,
        "y": 0.0
      },
      {
        "x": 0.0,
        "y": 0.0
      },
      {
        "x": 0.0,
        "y": 0.0
      },
      {
        "x": 0.0,
        "y": 0.0
      },
      {
        "x": 0.0,
        "y": 0.0
      },
      {
        "x": 0.0,
        "y": 0.0
      },
      {
        "x": 0.0,
        "y": 0.0
      },
      {
        "x": 0.0,
        "y": 0.0
      },
      {
        "x": 0.0,
        "y": 0.0
      },
      {
        "x": 0.0,
        "y": 0.0
      },
      {
        "x": 0.0,
        "y": 0.0
      },
      {
        "x": 0.0,
        "y": 0.0
      },
      {
        "x": 0.0,
        "y": 0.0
      },
      {
        "x": 0.0,
        "y": 0.0
      },
      {
        "x": 0.0,
        "y": 0.0
      },
      {
        "x": 0.0,
        "y": 0.0
      },
      {
        "x": 0.0,
        "y": 0.0
      },
      {
        "x": 0.0,
        "y": 0.0
      },
      {
        "x": 0.0,
        "y": 0.0
      },
      {
        "x": 0.0,
        "y": 0.0
      },
      {
        "x": 0.0,
        "y": 0.0
      },
      {
        "x": 0.0,
        "y": 0.0
      },
      {
        "x": 0.0,
        "y": 0.0
      },
      {
        "x": 0.0,
        "y": 0.0
      },
      {
        "x": 0.0,
        "y": 0.0
      },
      {
        "x": 0.0,
        "y": 0.0
      },
      {
        "x": 0.0,
        "y": 0.0
      },
      {
        "x": 0.0,
        "y": 0.0
      },
      {
        "x": 0.0,
        "y": 0.0
      },
      {
        "x": 0.0,
        "y": 0.0
      },
      {
        "x": 0.0,
        "y": 0.0
      },
      {
        "x": 0.0,
        "y": 0.0
      },
      {
        "x": 0.0,
        "y": 0.0
      },
      {
        "x": 0.0,
        "y": 0.0
      },
      {
        "x": 0.0,
        "y": 0.0
      },
      {
        "x": 0.0,
        "y": 0.0
      },
      {
        "x": 0.0,
        "y": 0.0
      },
      {
        "x": 0.0,
        "y": 0.0
      },
      {
        "x": 0.0,
        "y": 0.0
      },
      {
        "x": 0.0,
        "y": 0.0
      },
      {
        "x": 0.0,
        "y": 0.0
      },
      {
        "x": 0.0,
        "y": 0.0
      },
      {
        "x": 0.0,
        "y": 0.0
      },
      {
        "x": 0.0,
        "y": 0.0
      },
      {
        "x": 0.0,
        "y": 0.0
      },
      {
        "x": 0.0,
        "y": 0.0
      },
      {
        "x": 0.0,
        "y": 0.0
      },
      {
        "x": 0.0,
        "y": 0.0
      },
      {
        "x": 0.0,
        "y": 0.0
      },
      {
        "x": 0.0,
        "y": 0.0
      },
      {
        "x": 0.0,
        "y": 0.0
      },
      {
        "x": 0.0,
        "y": 0.0
      },
      {
        "x": 0.0,
        "y": 0.0
      },
      {
        "x": 0.0,
        "y": 0.0
      },
      {
        "x": 0.0,
        "y": 0.0
      },
      {
        "x": 0.0,
        "y": 0.0
      },
      {
        "x": 0.0,
        "y": 0.0
      },
      {
        "x": 0.0,
        "y": 0.0
      },
      {
        "x": 0.0,
        "y": 0.0
      },
      {
        "x": 0.0,
        "y": 0.0
      },
      {
        "x": 0.0,
        "y": 0.0
      },
      {
        "x": 0.0,
        "y": 0.0
      },
      {
        "x": 0.0,
        "y": 0.0
      },
      {
        "x": 0.0,
        "y": 0.0
      },
      {
        "x": 0.0,
        "y": 0.0
      },
      {
        "x": 0.0,
        "y": 0.0
      },
      {
        "x": 0.0,
        "y": 0.0
      },
      {
        "x": 0.0,
        "y": 0.0
      },
      {
        "x": 0.0,
        "y": 0.0
      },
      {
        "x": 0.0,
        "y": 0.0
      },
      {
        "x": 0.0,
        "y": 0.0
      },
      {
        "x": 0.0,
        "y": 0.0
      },
      {
        "x": 0.0,
        "y": 0.0
      },
      {
        "x": 0.0,
        "y": 0.0
      },
      {
        "x": 0.0,
        "y": 0.0
      },
      {
        "x": 0.0,
        "y": 0.0
      },
      {
        "x": 0.0,
        "y": 0.0
      },
      {
        "x": 0.0,
        "y": 0.0
      },
      {
        "x": 0.0,
        "y": 0.0
      },
      {
        "x": 0.0,
        "y": 0.0
      },
      {
        "x": 0.0,
        "y": 0.0
      },
      {
        "x": 0.0,
        "y": 0.0
      },
      {
        "x": 0.0,
        "y": 0.0
      },
      {
        "x": 0.0,
        "y": 0.0
      },
      {
        "x": 0.0,
        "y": 0.0
      },
      {
        "x": 0.0,
        "y": 0.0
      },
      {
        "x": 0.0,
        "y": 0.0
      },
      {
        "x": 0.0,
        "y": 0.0
      },
      {
        "x": 0.0,
        "y": 0.0
      },
      {
        "x": 0.0,
        "y": 0.0
      },
      {
        "x": 0.0,
        "y": 0.0
      },
      {
        "x": 0.0,
        "y": 0.0
      },
      {
        "x": 0.0,
        "y": 0.0
      },
      {
        "x": 0.0,
        "y": 0.0
      },
      {
        "x": 0.0,
        "y": 0.0
      },
      {
        "x": 0.0,
        "y": 0.0
      },
      {
        "x": 0.0,
        "y": 0.0
      },
      {
        "x": 0.0,
        "y": 0.0
      },
      {
        "x": 0.0,
        "y": 0.0
      },
      {
        "x": 0.0,
        "y": 0.0
      },
      {
        "x": 0.0,
        "y": 0.0
      },
      {
        "x": 0.0,
        "y": 0.0
      },
      {
        "x": 0.0,
        "y": 0.0
      },
      {
        "x": 0.0,
        "y": 0.0
      },
      {
        "x": 0.0,
        "y": 0.0
      },
      {
        "x": 0.0,
        "y": 0.0
      },
      {
        "x": 0.0,
        "y": 0.0
      },
      {
        "x": 0.0,
        "y": 0.0
      },
      {
        "x": 0.0,
        "y": 0.0
      },
      {
        "x": 0.0,
        "y": 0.0
      },
      {
        "x": 0.0,
        "y": 0.0
      },
      {
        "x": 0.0,
        "y": 0.0
      },
      {
        "x": 0.0,
        "y": 0.0
      },
      {
        "x": 0.0,
        "y": 0.0
      },
      {
        "x": 0.0,
        "y": 0.0
      },
      {
        "x": 0.0,
        "y": 0.0
      },
      {
        "x": 0.0,
        "y": 0.0
      },
      {
        "x": 0.0,
        "y": 0.0
      },
      {
        "x": 0.0,
        "y": 0.0
      },
      {
        "x": 0.0,
        "y": 0.0
      }
    ],
    "uv2s": [
      {
        "x": 0.99999994039536,
        "y": 0.99999994039536
      },
      {
        "x": 0.0,
        "y": 0.99999994039536
      },
      {
        "x": 0.10000628232956,
        "y": 0.89999717473984
      },
      {
        "x": 0.0,
        "y": 0.99999994039536
      },
      {
        "x": 0.0,
        "y": 0.0
      },
      {
        "x": 0.10000628232956,
        "y": 0.89999717473984
      },
      {
        "x": 0.8999936580658,
        "y": 0.89999717473984
      },
      {
        "x": 0.99999994039536,
        "y": 0.99999994039536
      },
      {
        "x": 0.42090839147568,
        "y": 0.89999717473984
      },
      {
        "x": 0.10000628232956,
        "y": 0.84458088874817
      },
      {
        "x": 0.0,
        "y": 0.0
      },
      {
        "x": 0.10000628232956,
        "y": 0.10000276565552
      },
      {
        "x": 0.10000628232956,
        "y": 0.89999717473984
      },
      {
        "x": 0.0,
        "y": 0.0
      },
      {
        "x": 0.10000628232956,
        "y": 0.84458088874817
      },
      {
        "x": 0.99999994039536,
        "y": 0.99999994039536
      },
      {
        "x": 0.10000628232956,
        "y": 0.89999717473984
      },
      {
        "x": 0.15542203187943,
        "y": 0.89999717473984
      },
      {
        "x": 0.42090839147568,
        "y": 0.89999717473984
      },
      {
        "x": 0.99999994039536,
        "y": 0.99999994039536
      },
      {
        "x": 0.15542203187943,
        "y": 0.89999717473984
      },
      {
        "x": 0.10000628232956,
        "y": 0.10000276565552
      },
      {
        "x": 0.0,
        "y": 0.0
      },
      {
        "x": 0.99999994039536,
        "y": 0.0
      },
      {
        "x": 0.99999994039536,
        "y": 0.0
      },
      {
        "x": 0.99999994039536,
        "y": 0.99999994039536
      },
      {
        "x": 0.8999936580658,
        "y": 0.89999717473984
      },
      {
        "x": 0.99999994039536,
        "y": 0.0
      },
      {
        "x": 0.8999936580658,
        "y": 0.89999717473984
      },
      {
        "x": 0.8999936580658,
        "y": 0.15541905164719
      },
      {
        "x": 0.84457790851593,
        "y": 0.10000276565552
      },
      {
        "x": 0.10000628232956,
        "y": 0.10000276565552
      },
      {
        "x": 0.99999994039536,
        "y": 0.0
      },
      {
        "x": 0.99999994039536,
        "y": 0.0
      },
      {
        "x": 0.8999936580658,
        "y": 0.10000276565552
      },
      {
        "x": 0.84457790851593,
        "y": 0.10000276565552
      },
      {
        "x": 0.99999994039536,
        "y": 0.0
      },
      {
        "x": 0.8999936580658,
        "y": 0.15541905164719
      },
      {
        "x": 0.8999936580658,
        "y": 0.10000276565552
      },
      {
        "x": 0.99999994039536,
        "y": 0.99999994039536
      },
      {
        "x": 0.0,
        "y": 0.99999994039536
      },
      {
        "x": 0.0,
        "y": 0.0
      },
      {
        "x": 0.0,
        "y": 0.0
      },
      {
        "x": 0.99999994039536,
        "y": 0.0
      },
      {
        "x": 0.99999994039536,
        "y": 0.99999994039536
      },
      {
        "x": 0.8999936580658,
        "y": 0.89999717473984
      },
      {
        "x": 0.99999994039536,
        "y": 0.99999994039536
      },
      {
        "x": 0.0,
        "y": 0.99999994039536
      },
      {
        "x": 0.0,
        "y": 0.99999994039536
      },
      {
        "x": 0.0,
        "y": 0.0
      },
      {
        "x": 0.10000628232956,
        "y": 0.89999717473984
      },
      {
        "x": 0.18672269582748,
        "y": 0.89999717473984
      },
      {
        "x": 0.8999936580658,
        "y": 0.89999717473984
      },
      {
        "x": 0.0,
        "y": 0.99999994039536
      },
      {
        "x": 0.0,
        "y": 0.99999994039536
      },
      {
        "x": 0.10000628232956,
        "y": 0.89999717473984
      },
      {
        "x": 0.18672269582748,
        "y": 0.89999717473984
      },
      {
        "x": 0.10000628232956,
        "y": 0.81327998638153
      },
      {
        "x": 0.0,
        "y": 0.0
      },
      {
        "x": 0.10000628232956,
        "y": 0.10000276565552
      },
      {
        "x": 0.10000628232956,
        "y": 0.89999717473984
      },
      {
        "x": 0.0,
        "y": 0.0
      },
      {
        "x": 0.10000628232956,
        "y": 0.81327998638153
      },
      {
        "x": 0.99999994039536,
        "y": 0.0
      },
      {
        "x": 0.99999994039536,
        "y": 0.99999994039536
      },
      {
        "x": 0.8999936580658,
        "y": 0.89999717473984
      },
      {
        "x": 0.10000628232956,
        "y": 0.10000276565552
      },
      {
        "x": 0.0,
        "y": 0.0
      },
      {
        "x": 0.48201531171799,
        "y": 0.10000276565552
      },
      {
        "x": 0.99999994039536,
        "y": 0.0
      },
      {
        "x": 0.8999936580658,
        "y": 0.89999717473984
      },
      {
        "x": 0.8999936580658,
        "y": 0.18671995401382
      },
      {
        "x": 0.0,
        "y": 0.0
      },
      {
        "x": 0.99999994039536,
        "y": 0.0
      },
      {
        "x": 0.8999936580658,
        "y": 0.10000276565552
      },
      {
        "x": 0.99999994039536,
        "y": 0.0
      },
      {
        "x": 0.8999936580658,
        "y": 0.18671995401382
      },
      {
        "x": 0.8999936580658,
        "y": 0.10000276565552
      },
      {
        "x": 0.48201531171799,
        "y": 0.10000276565552
      },
      {
        "x": 0.0,
        "y": 0.0
      },
      {
        "x": 0.81327724456787,
        "y": 0.10000276565552
      },
      {
        "x": 0.0,
        "y": 0.0
      },
      {
        "x": 0.8999936580658,
        "y": 0.10000276565552
      },
      {
        "x": 0.81327724456787,
        "y": 0.10000276565552
      },
      {
        "x": 0.99999994039536,
        "y": 0.99999994039536
      },
      {
        "x": 0.0,
        "y": 0.99999994039536
      },
      {
        "x": 0.0,
        "y": 0.0
      },
      {
        "x": 0.0,
        "y": 0.0
      },
      {
        "x": 0.99999994039536,
        "y": 0.0
      },
      {
        "x": 0.99999994039536,
        "y": 0.99999994039536
      },
      {
        "x": 0.99999994039536,
        "y": 0.99999994039536
      },
      {
        "x": 0.0,
        "y": 0.99999994039536
      },
      {
        "x": 0.0,
        "y": 0.0
      },
      {
        "x": 0.0,
        "y": 0.0
      },
      {
        "x": 0.99999994039536,
        "y": 0.0
      },
      {
        "x": 0.99999994039536,
        "y": 0.99999994039536
      },
      {
        "x": 0.0,
        "y": 0.0
      },
      {
        "x": 0.99999994039536,
        "y": 0.0
      },
      {
        "x": 0.99999994039536,
        "y": 0.99999994039536
      },
      {
        "x": 0.99999994039536,
        "y": 0.99999994039536
      },
      {
        "x": 0.0,
        "y": 0.99999994039536
      },
      {
        "x": 0.0,
        "y": 0.0
      },
      {
        "x": 0.99999988079071,
        "y": 0.19317400455475
      },
      {
        "x": 0.99999994039536,
        "y": 0.89999717473984
      },
      {
        "x": 0.0,
        "y": 0.89999717473984
      },
      {
        "x": 0.99999994039536,
        "y": 0.18671995401382
      },
      {
        "x": 0.99999988079071,
        "y": 0.19317400455475
      },
      {
        "x": 0.0,
        "y": 0.84458088874817
      },
      {
        "x": 0.0,
        "y": 0.84458088874817
      },
      {
        "x": 0.99999988079071,
        "y": 0.19317400455475
      },
      {
        "x": 0.0,
        "y": 0.89999717473984
      },
      {
        "x": 0.99999994039536,
        "y": 0.10000276565552
      },
      {
        "x": 0.99999994039536,
        "y": 0.18671995401382
      },
      {
        "x": 0.0,
        "y": 0.10000276565552
      },
      {
        "x": 0.0,
        "y": 0.10000276565552
      },
      {
        "x": 0.99999994039536,
        "y": 0.18671995401382
      },
      {
        "x": 0.0,
        "y": 0.84458088874817
      },
      {
        "x": 0.0,
        "y": 0.89999717473984
      },
      {
        "x": 0.0,
        "y": 0.81327998638153
      },
      {
        "x": 0.99999994039536,
        "y": 0.89999717473984
      },
      {
        "x": 0.99999994039536,
        "y": 0.89999717473984
      },
      {
        "x": 0.0,
        "y": 0.81327998638153
      },
      {
        "x": 0.99999994039536,
        "y": 0.15541905164719
      },
      {
        "x": 5.9604644775391e-08,
        "y": 0.80682593584061
      },
      {
        "x": 0.0,
        "y": 0.10000276565552
      },
      {
        "x": 0.99999994039536,
        "y": 0.10000276565552
      },
      {
        "x": 0.0,
        "y": 0.81327998638153
      },
      {
        "x": 5.9604644775391e-08,
        "y": 0.80682593584061
      },
      {
        "x": 0.99999994039536,
        "y": 0.15541905164719
      },
      {
        "x": 0.99999994039536,
        "y": 0.15541905164719
      },
      {
        "x": 5.9604644775391e-08,
        "y": 0.80682593584061
      },
      {
        "x": 0.99999994039536,
        "y": 0.10000276565552
      },
      {
        "x": 0.18672269582748,
        "y": 0.99999994039536
      },
      {
        "x": 0.10000628232956,
        "y": 0.99999994039536
      },
      {
        "x": 0.84457790851593,
        "y": 0.0
      },
      {
        "x": 0.84457790851593,
        "y": 0.0
      },
      {
        "x": 0.10000628232956,
        "y": 0.99999994039536
      },
      {
        "x": 0.10000628232956,
        "y": 0.0
      },
      {
        "x": 0.19317662715912,
        "y": 0.99999994039536
      },
      {
        "x": 0.18672269582748,
        "y": 0.99999994039536
      },
      {
        "x": 0.8999936580658,
        "y": 0.0
      },
      {
        "x": 0.8999936580658,
        "y": 0.0
      },
      {
        "x": 0.18672269582748,
        "y": 0.99999994039536
      },
      {
        "x": 0.84457790851593,
        "y": 0.0
      },
      {
        "x": 0.8999936580658,
        "y": 0.99999994039536
      },
      {
        "x": 0.19317662715912,
        "y": 0.99999994039536
      },
      {
        "x": 0.8999936580658,
        "y": 0.0
      },
      {
        "x": 0.81327724456787,
        "y": 0.0
      },
      {
        "x": 0.8999936580658,
        "y": 0.0
      },
      {
        "x": 0.15542203187943,
        "y": 0.99999994039536
      },
      {
        "x": 0.15542203187943,
        "y": 0.99999994039536
      },
      {
        "x": 0.8999936580658,
        "y": 0.0
      },
      {
        "x": 0.8999936580658,
        "y": 0.99999994039536
      },
      {
        "x": 0.80682331323624,
        "y": 0.0
      },
      {
        "x": 0.81327724456787,
        "y": 0.0
      },
      {
        "x": 0.10000628232956,
        "y": 0.99999994039536
      },
      {
        "x": 0.10000628232956,
        "y": 0.99999994039536
      },
      {
        "x": 0.81327724456787,
        "y": 0.0
      },
      {
        "x": 0.15542203187943,
        "y": 0.99999994039536
      },
      {
        "x": 0.10000628232956,
        "y": 0.0
      },
      {
        "x": 0.80682331323624,
        "y": 0.0
      },
      {
        "x": 0.10000628232956,
        "y": 0.99999994039536
      }
    ],
    "uv3s": [
      {
        "x": 4.3333292007446,
        "y": 4.3333292007446
      },
      {
        "x": 0.0,
        "y": 4.3333292007446
      },
      {
        "x": 0.43336030840874,
        "y": 3.8999843597412
      },
      {
        "x": 0.0,
        "y": 4.3333292007446
      },
      {
        "x": 0.0,
        "y": 0.0
      },
      {
        "x": 0.43336030840874,
        "y": 3.8999843597412
      },
      {
        "x": 3.8999769687653,
        "y": 3.8999769687653
      },
      {
        "x": 4.3333292007446,
        "y": 4.3333292007446
      },
      {
        "x": 1.8239351511002,
        "y": 3.8999841213226
      },
      {
        "x": 0.43336084485054,
        "y": 3.6598470211029
      },
      {
        "x": 0.0,
        "y": 0.0
      },
      {
        "x": 0.43335255980492,
        "y": 0.43335255980492
      },
      {
        "x": 0.43336030840874,
        "y": 3.8999843597412
      },
      {
        "x": 0.0,
        "y": 0.0
      },
      {
        "x": 0.43336084485054,
        "y": 3.6598470211029
      },
      {
        "x": 4.3333292007446,
        "y": 4.3333292007446
      },
      {
        "x": 0.43336030840874,
        "y": 3.8999843597412
      },
      {
        "x": 0.67344033718109,
        "y": 3.8999783992767
      },
      {
        "x": 1.8239351511002,
        "y": 3.8999841213226
      },
      {
        "x": 4.3333292007446,
        "y": 4.3333292007446
      },
      {
        "x": 0.67344033718109,
        "y": 3.8999783992767
      },
      {
        "x": 0.43335264921188,
        "y": 0.43335264921188
      },
      {
        "x": 0.0,
        "y": 0.0
      },
      {
        "x": 4.3333292007446,
        "y": 0.0
      },
      {
        "x": 4.3333292007446,
        "y": 0.0
      },
      {
        "x": 4.3333292007446,
        "y": 4.3333292007446
      },
      {
        "x": 3.8999764919281,
        "y": 3.8999764919281
      },
      {
        "x": 4.3333292007446,
        "y": 0.0
      },
      {
        "x": 3.8999764919281,
        "y": 3.8999764919281
      },
      {
        "x": 3.8999693393707,
        "y": 0.6734813451767
      },
      {
        "x": 3.6598238945007,
        "y": 0.43334516882896
      },
      {
        "x": 0.43335264921188,
        "y": 0.43335264921188
      },
      {
        "x": 4.3333292007446,
        "y": 0.0
      },
      {
        "x": 4.3333292007446,
        "y": 0.0
      },
      {
        "x": 3.8999581336975,
        "y": 0.43334460258484
      },
      {
        "x": 3.6598238945007,
        "y": 0.43334516882896
      },
      {
        "x": 4.3333292007446,
        "y": 0.0
      },
      {
        "x": 3.8999693393707,
        "y": 0.6734813451767
      },
      {
        "x": 3.8999581336975,
        "y": 0.43334460258484
      },
      {
        "x": 4.9999990463257,
        "y": 4.3333292007446
      },
      {
        "x": 0.0,
        "y": 4.3333292007446
      },
      {
        "x": 0.0,
        "y": 0.0
      },
      {
        "x": 0.0,
        "y": 0.0
      },
      {
        "x": 4.9999990463257,
        "y": 0.0
      },
      {
        "x": 4.9999990463257,
        "y": 4.3333292007446
      },
      {
        "x": 3.8999764919281,
        "y": 3.8999764919281
      },
      {
        "x": 4.3333292007446,
        "y": 4.3333292007446
      },
      {
        "x": 0.0,
        "y": 4.3333292007446
      },
      {
        "x": 0.0,
        "y": 4.3333292007446
      },
      {
        "x": 0.0,
        "y": 0.0
      },
      {
        "x": 0.43336102366447,
        "y": 3.8999834060669
      },
      {
        "x": 0.80913251638412,
        "y": 3.8999826908112
      },
      {
        "x": 3.8999764919281,
        "y": 3.8999764919281
      },
      {
        "x": 0.0,
        "y": 4.3333292007446
      },
      {
        "x": 0.0,
        "y": 4.3333292007446
      },
      {
        "x": 0.43336102366447,
        "y": 3.8999834060669
      },
      {
        "x": 0.80913251638412,
        "y": 3.8999826908112
      },
      {
        "x": 0.4333607852459,
        "y": 3.5242085456848
      },
      {
        "x": 0.0,
        "y": 0.0
      },
      {
        "x": 0.43335258960724,
        "y": 0.43335258960724
      },
      {
        "x": 0.43336102366447,
        "y": 3.8999834060669
      },
      {
        "x": 0.0,
        "y": 0.0
      },
      {
        "x": 0.4333607852459,
        "y": 3.5242085456848
      },
      {
        "x": 4.3333292007446,
        "y": 0.0
      },
      {
        "x": 4.3333292007446,
        "y": 4.3333292007446
      },
      {
        "x": 3.8999764919281,
        "y": 3.8999764919281
      },
      {
        "x": 0.4333521425724,
        "y": 0.4333521425724
      },
      {
        "x": 0.0,
        "y": 0.0
      },
      {
        "x": 2.0887322425842,
        "y": 0.43334433436394
      },
      {
        "x": 4.3333292007446,
        "y": 0.0
      },
      {
        "x": 3.8999764919281,
        "y": 3.8999764919281
      },
      {
        "x": 3.8999705314636,
        "y": 0.80911767482758
      },
      {
        "x": 0.0,
        "y": 0.0
      },
      {
        "x": 4.3333292007446,
        "y": 0.0
      },
      {
        "x": 3.8999698162079,
        "y": 0.43334430456161
      },
      {
        "x": 4.3333292007446,
        "y": 0.0
      },
      {
        "x": 3.8999705314636,
        "y": 0.80911767482758
      },
      {
        "x": 3.8999698162079,
        "y": 0.43334430456161
      },
      {
        "x": 2.0887322425842,
        "y": 0.43334433436394
      },
      {
        "x": 0.0,
        "y": 0.0
      },
      {
        "x": 3.5241990089417,
        "y": 0.43334424495697
      },
      {
        "x": 0.0,
        "y": 0.0
      },
      {
        "x": 3.8999698162079,
        "y": 0.43334430456161
      },
      {
        "x": 3.5241990089417,
        "y": 0.43334424495697
      },
      {
        "x": 4.9999990463257,
        "y": 4.3333292007446
      },
      {
        "x": 0.0,
        "y": 4.3333292007446
      },
      {
        "x": 0.0,
        "y": 0.0
      },
      {
        "x": 0.0,
        "y": 0.0
      },
      {
        "x": 4.9999990463257,
        "y": 0.0
      },
      {
        "x": 4.9999990463257,
        "y": 4.3333292007446
      },
      {
        "x": 4.3333292007446,
        "y": 4.9999990463257
      },
      {
        "x": 0.0,
        "y": 4.9999990463257
      },
      {
        "x": 0.0,
        "y": 0.0
      },
      {
        "x": 0.0,
        "y": 0.0
      },
      {
        "x": 4.3333292007446,
        "y": 0.0
      },
      {
        "x": 4.3333292007446,
        "y": 4.9999990463257
      },
      {
        "x": 4.3333292007446,
        "y": 4.9999990463257
      },
      {
        "x": 0.0,
        "y": 4.9999990463257
      },
      {
        "x": 0.0,
        "y": 0.0
      },
      {
        "x": 0.0,
        "y": 0.0
      },
      {
        "x": 4.3333292007446,
        "y": 0.0
      },
      {
        "x": 4.3333292007446,
        "y": 4.9999990463257
      },
      {
        "x": 0.65908432006836,
        "y": 0.40374165773392
      },
      {
        "x": 0.659084379673,
        "y": 3.4666395187378
      },
      {
        "x": 5.659083366394,
        "y": 3.4666395187378
      },
      {
        "x": 0.659084379673,
        "y": 0.37577414512634
      },
      {
        "x": 0.65908432006836,
        "y": 0.40374165773392
      },
      {
        "x": 5.6590838432312,
        "y": 3.2265026569366
      },
      {
        "x": 5.6590838432312,
        "y": 3.2265026569366
      },
      {
        "x": 0.65908432006836,
        "y": 0.40374165773392
      },
      {
        "x": 5.659083366394,
        "y": 3.4666395187378
      },
      {
        "x": 0.65908414125443,
        "y": 0.0
      },
      {
        "x": 0.659084379673,
        "y": 0.37577417492867
      },
      {
        "x": 5.659083366394,
        "y": 0.0
      },
      {
        "x": 5.659083366394,
        "y": 0.0
      },
      {
        "x": 0.659084379673,
        "y": 0.37577417492867
      },
      {
        "x": 5.659083366394,
        "y": 3.2265024185181
      },
      {
        "x": 5.4211850166321,
        "y": 3.4666395187378
      },
      {
        "x": 5.4211845397949,
        "y": 3.0908653736115
      },
      {
        "x": 0.42118537425995,
        "y": 3.4666395187378
      },
      {
        "x": 0.42118537425995,
        "y": 3.4666395187378
      },
      {
        "x": 5.4211845397949,
        "y": 3.0908653736115
      },
      {
        "x": 0.42118543386459,
        "y": 0.24013708531857
      },
      {
        "x": 5.4211845397949,
        "y": 3.0628979206085
      },
      {
        "x": 5.4211845397949,
        "y": 0.0
      },
      {
        "x": 0.42118534445763,
        "y": 0.0
      },
      {
        "x": 5.4211845397949,
        "y": 3.0908653736115
      },
      {
        "x": 5.4211845397949,
        "y": 3.0628979206085
      },
      {
        "x": 0.42118501663208,
        "y": 0.24013686180115
      },
      {
        "x": 0.42118501663208,
        "y": 0.24013686180115
      },
      {
        "x": 5.4211845397949,
        "y": 3.0628979206085
      },
      {
        "x": 0.42118534445763,
        "y": 0.0
      },
      {
        "x": 0.37577083706856,
        "y": 0.65908432006836
      },
      {
        "x": 0.0,
        "y": 0.659084379673
      },
      {
        "x": 3.2264742851257,
        "y": 5.659083366394
      },
      {
        "x": 3.2264742851257,
        "y": 5.659083366394
      },
      {
        "x": 0.0,
        "y": 0.659084379673
      },
      {
        "x": 0.0,
        "y": 5.659083366394
      },
      {
        "x": 0.40373802185059,
        "y": 0.65908414125443
      },
      {
        "x": 0.3757708966732,
        "y": 0.659084379673
      },
      {
        "x": 3.4666092395782,
        "y": 5.659083366394
      },
      {
        "x": 3.4666092395782,
        "y": 5.659083366394
      },
      {
        "x": 0.3757708966732,
        "y": 0.659084379673
      },
      {
        "x": 3.2264742851257,
        "y": 5.659083366394
      },
      {
        "x": 3.4666092395782,
        "y": 0.65908414125443
      },
      {
        "x": 0.40373802185059,
        "y": 0.65908414125443
      },
      {
        "x": 3.4666092395782,
        "y": 5.659083366394
      },
      {
        "x": 0.37577083706856,
        "y": 0.65908432006836
      },
      {
        "x": 0.0,
        "y": 0.659084379673
      },
      {
        "x": 3.2264742851257,
        "y": 5.659083366394
      },
      {
        "x": 3.2264742851257,
        "y": 5.659083366394
      },
      {
        "x": 0.0,
        "y": 0.659084379673
      },
      {
        "x": 0.0,
        "y": 5.659083366394
      },
      {
        "x": 0.40373802185059,
        "y": 0.65908414125443
      },
      {
        "x": 0.3757708966732,
        "y": 0.659084379673
      },
      {
        "x": 3.4666092395782,
        "y": 5.659083366394
      },
      {
        "x": 3.4666092395782,
        "y": 5.659083366394
      },
      {
        "x": 0.3757708966732,
        "y": 0.659084379673
      },
      {
        "x": 3.2264742851257,
        "y": 5.659083366394
      },
      {
        "x": 3.4666092395782,
        "y": 0.65908414125443
      },
      {
        "x": 0.40373802185059,
        "y": 0.65908414125443
      },
      {
        "x": 3.4666092395782,
        "y": 5.659083366394
      }
    ],
    "uvs": [
      {
        "x": 1.0,
        "y": 1.0
      },
      {
        "x": 0.0,
        "y": 1.0
      },
      {
        "x": 0.10000628232956,
        "y": 0.89999723434448
      },
      {
        "x": 0.0,
        "y": 1.0
      },
      {
        "x": 0.0,
        "y": 0.0
      },
      {
        "x": 0.10000628232956,
        "y": 0.89999723434448
      },
      {
        "x": 0.89999371767044,
        "y": 0.89999723434448
      },
      {
        "x": 1.0,
        "y": 1.0
      },
      {
        "x": 0.42090839147568,
        "y": 0.89999723434448
      },
      {
        "x": 0.10000628232956,
        "y": 0.84458094835281
      },
      {
        "x": 0.0,
        "y": 0.0
      },
      {
        "x": 0.10000628232956,
        "y": 0.10000276565552
      },
      {
        "x": 0.10000628232956,
        "y": 0.89999723434448
      },
      {
        "x": 0.0,
        "y": 0.0
      },
      {
        "x": 0.10000628232956,
        "y": 0.84458094835281
      },
      {
        "x": 1.0,
        "y": 1.0
      },
      {
        "x": 0.10000628232956,
        "y": 0.89999723434448
      },
      {
        "x": 0.15542203187943,
        "y": 0.89999723434448
      },
      {
        "x": 0.42090839147568,
        "y": 0.89999723434448
      },
      {
        "x": 1.0,
        "y": 1.0
      },
      {
        "x": 0.15542203187943,
        "y": 0.89999723434448
      },
      {
        "x": 0.10000628232956,
        "y": 0.10000276565552
      },
      {
        "x": 0.0,
        "y": 0.0
      },
      {
        "x": 1.0,
        "y": 0.0
      },
      {
        "x": 1.0,
        "y": 0.0
      },
      {
        "x": 1.0,
        "y": 1.0
      },
      {
        "x": 0.89999371767044,
        "y": 0.89999723434448
      },
      {
        "x": 1.0,
        "y": 0.0
      },
      {
        "x": 0.89999371767044,
        "y": 0.89999723434448
      },
      {
        "x": 0.89999371767044,
        "y": 0.15541905164719
      },
      {
        "x": 0.84457796812057,
        "y": 0.10000276565552
      },
      {
        "x": 0.10000628232956,
        "y": 0.10000276565552
      },
      {
        "x": 1.0,
        "y": 0.0
      },
      {
        "x": 1.0,
        "y": 0.0
      },
      {
        "x": 0.89999371767044,
        "y": 0.10000276565552
      },
      {
        "x": 0.84457796812057,
        "y": 0.10000276565552
      },
      {
        "x": 1.0,
        "y": 0.0
      },
      {
        "x": 0.89999371767044,
        "y": 0.15541905164719
      },
      {
        "x": 0.89999371767044,
        "y": 0.10000276565552
      },
      {
        "x": 1.0,
        "y": 1.0
      },
      {
        "x": 0.0,
        "y": 1.0
      },
      {
        "x": 0.0,
        "y": 0.0
      },
      {
        "x": 0.0,
        "y": 0.0
      },
      {
        "x": 1.0,
        "y": 0.0
      },
      {
        "x": 1.0,
        "y": 1.0
      },
      {
        "x": 0.89999371767044,
        "y": 0.89999723434448
      },
      {
        "x": 1.0,
        "y": 1.0
      },
      {
        "x": 0.0,
        "y": 1.0
      },
      {
        "x": 0.0,
        "y": 1.0
      },
      {
        "x": 0.0,
        "y": 0.0
      },
      {
        "x": 0.10000628232956,
        "y": 0.89999723434448
      },
      {
        "x": 0.18672269582748,
        "y": 0.89999723434448
      },
      {
        "x": 0.89999371767044,
        "y": 0.89999723434448
      },
      {
        "x": 0.0,
        "y": 1.0
      },
      {
        "x": 0.0,
        "y": 1.0
      },
      {
        "x": 0.10000628232956,
        "y": 0.89999723434448
      },
      {
        "x": 0.18672269582748,
        "y": 0.89999723434448
      },
      {
        "x": 0.10000628232956,
        "y": 0.81328004598618
      },
      {
        "x": 0.0,
        "y": 0.0
      },
      {
        "x": 0.10000628232956,
        "y": 0.10000276565552
      },
      {
        "x": 0.10000628232956,
        "y": 0.89999723434448
      },
      {
        "x": 0.0,
        "y": 0.0
      },
      {
        "x": 0.10000628232956,
        "y": 0.81328004598618
      },
      {
        "x": 1.0,
        "y": 0.0
      },
      {
        "x": 1.0,
        "y": 1.0
      },
      {
        "x": 0.89999371767044,
        "y": 0.89999723434448
      },
      {
        "x": 0.10000628232956,
        "y": 0.10000276565552
      },
      {
        "x": 0.0,
        "y": 0.0
      },
      {
        "x": 0.48201531171799,
        "y": 0.10000276565552
      },
      {
        "x": 1.0,
        "y": 0.0
      },
      {
        "x": 0.89999371767044,
        "y": 0.89999723434448
      },
      {
        "x": 0.89999371767044,
        "y": 0.18671995401382
      },
      {
        "x": 0.0,
        "y": 0.0
      },
      {
        "x": 1.0,
        "y": 0.0
      },
      {
        "x": 0.89999371767044,
        "y": 0.10000276565552
      },
      {
        "x": 1.0,
        "y": 0.0
      },
      {
        "x": 0.89999371767044,
        "y": 0.18671995401382
      },
      {
        "x": 0.89999371767044,
        "y": 0.10000276565552
      },
      {
        "x": 0.48201531171799,
        "y": 0.10000276565552
      },
      {
        "x": 0.0,
        "y": 0.0
      },
      {
        "x": 0.81327730417252,
        "y": 0.10000276565552
      },
      {
        "x": 0.0,
        "y": 0.0
      },
      {
        "x": 0.89999371767044,
        "y": 0.10000276565552
      },
      {
        "x": 0.81327730417252,
        "y": 0.10000276565552
      },
      {
        "x": 1.0,
        "y": 1.0
      },
      {
        "x": 0.0,
        "y": 1.0
      },
      {
        "x": 0.0,
        "y": 0.0
      },
      {
        "x": 0.0,
        "y": 0.0
      },
      {
        "x": 1.0,
        "y": 0.0
      },
      {
        "x": 1.0,
        "y": 1.0
      },
      {
        "x": 1.0,
        "y": 1.0
      },
      {
        "x": 0.0,
        "y": 1.0
      },
      {
        "x": 0.0,
        "y": 0.0
      },
      {
        "x": 0.0,
        "y": 0.0
      },
      {
        "x": 1.0,
        "y": 0.0
      },
      {
        "x": 1.0,
        "y": 1.0
      },
      {
        "x": 0.0,
        "y": 0.0
      },
      {
        "x": 1.0,
        "y": 0.0
      },
      {
        "x": 1.0,
        "y": 1.0
      },
      {
        "x": 1.0,
        "y": 1.0
      },
      {
        "x": 0.0,
        "y": 1.0
      },
      {
        "x": 0.0,
        "y": 0.0
      },
      {
        "x": 0.99999994039536,
        "y": 0.19317400455475
      },
      {
        "x": 1.0,
        "y": 0.89999723434448
      },
      {
        "x": 0.0,
        "y": 0.89999723434448
      },
      {
        "x": 1.0,
        "y": 0.18671995401382
      },
      {
        "x": 0.99999994039536,
        "y": 0.19317400455475
      },
      {
        "x": 0.0,
        "y": 0.84458094835281
      },
      {
        "x": 0.0,
        "y": 0.84458094835281
      },
      {
        "x": 0.99999994039536,
        "y": 0.19317400455475
      },
      {
        "x": 0.0,
        "y": 0.89999723434448
      },
      {
        "x": 1.0,
        "y": 0.10000276565552
      },
      {
        "x": 1.0,
        "y": 0.18671995401382
      },
      {
        "x": 0.0,
        "y": 0.10000276565552
      },
      {
        "x": 0.0,
        "y": 0.10000276565552
      },
      {
        "x": 1.0,
        "y": 0.18671995401382
      },
      {
        "x": 0.0,
        "y": 0.84458094835281
      },
      {
        "x": 0.0,
        "y": 0.89999723434448
      },
      {
        "x": 0.0,
        "y": 0.81328004598618
      },
      {
        "x": 1.0,
        "y": 0.89999723434448
      },
      {
        "x": 1.0,
        "y": 0.89999723434448
      },
      {
        "x": 0.0,
        "y": 0.81328004598618
      },
      {
        "x": 1.0,
        "y": 0.15541905164719
      },
      {
        "x": 5.9604644775391e-08,
        "y": 0.80682599544525
      },
      {
        "x": 0.0,
        "y": 0.10000276565552
      },
      {
        "x": 1.0,
        "y": 0.10000276565552
      },
      {
        "x": 0.0,
        "y": 0.81328004598618
      },
      {
        "x": 5.9604644775391e-08,
        "y": 0.80682599544525
      },
      {
        "x": 1.0,
        "y": 0.15541905164719
      },
      {
        "x": 1.0,
        "y": 0.15541905164719
      },
      {
        "x": 5.9604644775391e-08,
        "y": 0.80682599544525
      },
      {
        "x": 1.0,
        "y": 0.10000276565552
      },
      {
        "x": 0.18672269582748,
        "y": 1.0
      },
      {
        "x": 0.10000628232956,
        "y": 1.0
      },
      {
        "x": 0.84457796812057,
        "y": 0.0
      },
      {
        "x": 0.84457796812057,
        "y": 0.0
      },
      {
        "x": 0.10000628232956,
        "y": 1.0
      },
      {
        "x": 0.10000628232956,
        "y": 0.0
      },
      {
        "x": 0.19317662715912,
        "y": 1.0
      },
      {
        "x": 0.18672269582748,
        "y": 1.0
      },
      {
        "x": 0.89999371767044,
        "y": 0.0
      },
      {
        "x": 0.89999371767044,
        "y": 0.0
      },
      {
        "x": 0.18672269582748,
        "y": 1.0
      },
      {
        "x": 0.84457796812057,
        "y": 0.0
      },
      {
        "x": 0.89999371767044,
        "y": 1.0
      },
      {
        "x": 0.19317662715912,
        "y": 1.0
      },
      {
        "x": 0.89999371767044,
        "y": 0.0
      },
      {
        "x": 0.81327730417252,
        "y": 0.0
      },
      {
        "x": 0.89999371767044,
        "y": 0.0
      },
      {
        "x": 0.15542203187943,
        "y": 1.0
      },
      {
        "x": 0.15542203187943,
        "y": 1.0
      },
      {
        "x": 0.89999371767044,
        "y": 0.0
      },
      {
        "x": 0.89999371767044,
        "y": 1.0
      },
      {
        "x": 0.80682337284088,
        "y": 0.0
      },
      {
        "x": 0.81327730417252,
        "y": 0.0
      },
      {
        "x": 0.10000628232956,
        "y": 1.0
      },
      {
        "x": 0.10000628232956,
        "y": 1.0
      },
      {
        "x": 0.81327730417252,
        "y": 0.0
      },
      {
        "x": 0.15542203187943,
        "y": 1.0
      },
      {
        "x": 0.10000628232956,
        "y": 0.0
      },
      {
        "x": 0.80682337284088,
        "y": 0.0
      },
      {
        "x": 0.10000628232956,
        "y": 1.0
      }
    ],
    "vertices": [
      {
        "x": 0.49999997019768,
        "y": -0.49999997019768,
        "z": -0.49999997019768
      },
      {
        "x": 0.49999997019768,
        "y": -0.49999997019768,
        "z": 0.49999997019768
      },
      {
        "x": 0.49999997019768,
        "y": -0.39999720454216,
        "z": 0.39999368786812
      },
      {
        "x": 0.49999997019768,
        "y": -0.49999997019768,
        "z": 0.49999997019768
      },
      {
        "x": 0.49999997019768,
        "y": 0.49999997019768,
        "z": 0.49999997019768
      },
      {
        "x": 0.49999997019768,
        "y": -0.39999720454216,
        "z": 0.39999368786812
      },
      {
        "x": 0.49999997019768,
        "y": -0.39999720454216,
        "z": -0.39999371767044
      },
      {
        "x": 0.49999997019768,
        "y": -0.49999997019768,
        "z": -0.49999997019768
      },
      {
        "x": 0.49999997019768,
        "y": -0.39999720454216,
        "z": 0.079091578722
      },
      {
        "x": 0.49999997019768,
        "y": -0.34458091855049,
        "z": 0.39999368786812
      },
      {
        "x": 0.49999997019768,
        "y": 0.49999997019768,
        "z": 0.49999997019768
      },
      {
        "x": 0.49999997019768,
        "y": 0.39999720454216,
        "z": 0.39999368786812
      },
      {
        "x": 0.49999997019768,
        "y": -0.39999720454216,
        "z": 0.39999368786812
      },
      {
        "x": 0.49999997019768,
        "y": 0.49999997019768,
        "z": 0.49999997019768
      },
      {
        "x": 0.49999997019768,
        "y": -0.34458091855049,
        "z": 0.39999368786812
      },
      {
        "x": 0.49999997019768,
        "y": -0.49999997019768,
        "z": -0.49999997019768
      },
      {
        "x": 0.49999997019768,
        "y": -0.39999720454216,
        "z": 0.39999368786812
      },
      {
        "x": 0.49999997019768,
        "y": -0.39999720454216,
        "z": 0.34457793831825
      },
      {
        "x": 0.49999997019768,
        "y": -0.39999720454216,
        "z": 0.079091578722
      },
      {
        "x": 0.49999997019768,
        "y": -0.49999997019768,
        "z": -0.49999997019768
      },
      {
        "x": 0.49999997019768,
        "y": -0.39999720454216,
        "z": 0.34457793831825
      },
      {
        "x": 0.49999997019768,
        "y": 0.39999720454216,
        "z": 0.39999368786812
      },
      {
        "x": 0.49999997019768,
        "y": 0.49999997019768,
        "z": 0.49999997019768
      },
      {
        "x": 0.49999997019768,
        "y": 0.49999997019768,
        "z": -0.49999997019768
      },
      {
        "x": 0.49999997019768,
        "y": 0.49999997019768,
        "z": -0.49999997019768
      },
      {
        "x": 0.49999997019768,
        "y": -0.49999997019768,
        "z": -0.49999997019768
      },
      {
        "x": 0.49999997019768,
        "y": -0.39999720454216,
        "z": -0.39999371767044
      },
      {
        "x": 0.49999997019768,
        "y": 0.49999997019768,
        "z": -0.49999997019768
      },
      {
        "x": 0.49999997019768,
        "y": -0.39999720454216,
        "z": -0.39999371767044
      },
      {
        "x": 0.49999997019768,
        "y": 0.34458091855049,
        "z": -0.39999368786812
      },
      {
        "x": 0.49999997019768,
        "y": 0.39999720454216,
        "z": -0.34457793831825
      },
      {
        "x": 0.49999997019768,
        "y": 0.39999720454216,
        "z": 0.39999368786812
      },
      {
        "x": 0.49999997019768,
        "y": 0.49999997019768,
        "z": -0.49999997019768
      },
      {
        "x": 0.49999997019768,
        "y": 0.49999997019768,
        "z": -0.49999997019768
      },
      {
        "x": 0.49999997019768,
        "y": 0.39999720454216,
        "z": -0.39999368786812
      },
      {
        "x": 0.49999997019768,
        "y": 0.39999720454216,
        "z": -0.34457793831825
      },
      {
        "x": 0.49999997019768,
        "y": 0.49999997019768,
        "z": -0.49999997019768
      },
      {
        "x": 0.49999997019768,
        "y": 0.34458091855049,
        "z": -0.39999368786812
      },
      {
        "x": 0.49999997019768,
        "y": 0.39999720454216,
        "z": -0.39999368786812
      },
      {
        "x": 0.49999997019768,
        "y": -0.49999997019768,
        "z": 0.49999997019768
      },
      {
        "x": -0.49999997019768,
        "y": -0.49999997019768,
        "z": 0.49999997019768
      },
      {
        "x": -0.49999997019768,
        "y": 0.49999997019768,
        "z": 0.49999997019768
      },
      {
        "x": -0.49999997019768,
        "y": 0.49999997019768,
        "z": 0.49999997019768
      },
      {
        "x": 0.49999997019768,
        "y": 0.49999997019768,
        "z": 0.49999997019768
      },
      {
        "x": 0.49999997019768,
        "y": -0.49999997019768,
        "z": 0.49999997019768
      },
      {
        "x": -0.49999997019768,
        "y": -0.39999720454216,
        "z": 0.39999371767044
      },
      {
        "x": -0.49999997019768,
        "y": -0.49999997019768,
        "z": 0.49999997019768
      },
      {
        "x": -0.49999997019768,
        "y": -0.49999997019768,
        "z": -0.49999997019768
      },
      {
        "x": -0.49999997019768,
        "y": -0.49999997019768,
        "z": -0.49999997019768
      },
      {
        "x": -0.49999997019768,
        "y": 0.49999997019768,
        "z": -0.49999997019768
      },
      {
        "x": -0.49999997019768,
        "y": -0.39999720454216,
        "z": -0.39999368786812
      },
      {
        "x": -0.49999997019768,
        "y": -0.39999720454216,
        "z": -0.31327727437019
      },
      {
        "x": -0.49999997019768,
        "y": -0.39999720454216,
        "z": 0.39999371767044
      },
      {
        "x": -0.49999997019768,
        "y": -0.49999997019768,
        "z": -0.49999997019768
      },
      {
        "x": -0.49999997019768,
        "y": -0.49999997019768,
        "z": -0.49999997019768
      },
      {
        "x": -0.49999997019768,
        "y": -0.39999720454216,
        "z": -0.39999368786812
      },
      {
        "x": -0.49999997019768,
        "y": -0.39999720454216,
        "z": -0.31327727437019
      },
      {
        "x": -0.49999997019768,
        "y": -0.31328001618385,
        "z": -0.39999368786812
      },
      {
        "x": -0.49999997019768,
        "y": 0.49999997019768,
        "z": -0.49999997019768
      },
      {
        "x": -0.49999997019768,
        "y": 0.39999720454216,
        "z": -0.39999368786812
      },
      {
        "x": -0.49999997019768,
        "y": -0.39999720454216,
        "z": -0.39999368786812
      },
      {
        "x": -0.49999997019768,
        "y": 0.49999997019768,
        "z": -0.49999997019768
      },
      {
        "x": -0.49999997019768,
        "y": -0.31328001618385,
        "z": -0.39999368786812
      },
      {
        "x": -0.49999997019768,
        "y": 0.49999997019768,
        "z": 0.49999997019768
      },
      {
        "x": -0.49999997019768,
        "y": -0.49999997019768,
        "z": 0.49999997019768
      },
      {
        "x": -0.49999997019768,
        "y": -0.39999720454216,
        "z": 0.39999371767044
      },
      {
        "x": -0.49999997019768,
        "y": 0.39999720454216,
        "z": -0.39999368786812
      },
      {
        "x": -0.49999997019768,
        "y": 0.49999997019768,
        "z": -0.49999997019768
      },
      {
        "x": -0.49999997019768,
        "y": 0.39999720454216,
        "z": -0.017984628677368
      },
      {
        "x": -0.49999997019768,
        "y": 0.49999997019768,
        "z": 0.49999997019768
      },
      {
        "x": -0.49999997019768,
        "y": -0.39999720454216,
        "z": 0.39999371767044
      },
      {
        "x": -0.49999997019768,
        "y": 0.31328004598618,
        "z": 0.39999368786812
      },
      {
        "x": -0.49999997019768,
        "y": 0.49999997019768,
        "z": -0.49999997019768
      },
      {
        "x": -0.49999997019768,
        "y": 0.49999997019768,
        "z": 0.49999997019768
      },
      {
        "x": -0.49999997019768,
        "y": 0.39999720454216,
        "z": 0.39999368786812
      },
      {
        "x": -0.49999997019768,
        "y": 0.49999997019768,
        "z": 0.49999997019768
      },
      {
        "x": -0.49999997019768,
        "y": 0.31328004598618,
        "z": 0.39999368786812
      },
      {
        "x": -0.49999997019768,
        "y": 0.39999720454216,
        "z": 0.39999368786812
      },
      {
        "x": -0.49999997019768,
        "y": 0.39999720454216,
        "z": -0.017984628677368
      },
      {
        "x": -0.49999997019768,
        "y": 0.49999997019768,
        "z": -0.49999997019768
      },
      {
        "x": -0.49999997019768,
        "y": 0.39999720454216,
        "z": 0.31327727437019
      },
      {
        "x": -0.49999997019768,
        "y": 0.49999997019768,
        "z": -0.49999997019768
      },
      {
        "x": -0.49999997019768,
        "y": 0.39999720454216,
        "z": 0.39999368786812
      },
      {
        "x": -0.49999997019768,
        "y": 0.39999720454216,
        "z": 0.31327727437019
      },
      {
        "x": -0.49999997019768,
        "y": -0.49999997019768,
        "z": -0.49999997019768
      },
      {
        "x": 0.49999997019768,
        "y": -0.49999997019768,
        "z": -0.49999997019768
      },
      {
        "x": 0.49999997019768,
        "y": 0.49999997019768,
        "z": -0.49999997019768
      },
      {
        "x": 0.49999997019768,
        "y": 0.49999997019768,
        "z": -0.49999997019768
      },
      {
        "x": -0.49999997019768,
        "y": 0.49999997019768,
        "z": -0.49999997019768
      },
      {
        "x": -0.49999997019768,
        "y": -0.49999997019768,
        "z": -0.49999997019768
      },
      {
        "x": 0.49999997019768,
        "y": 0.49999997019768,
        "z": -0.49999997019768
      },
      {
        "x": 0.49999997019768,
        "y": 0.49999997019768,
        "z": 0.49999997019768
      },
      {
        "x": -0.49999997019768,
        "y": 0.49999997019768,
        "z": 0.49999997019768
      },
      {
        "x": -0.49999997019768,
        "y": 0.49999997019768,
        "z": 0.49999997019768
      },
      {
        "x": -0.49999997019768,
        "y": 0.49999997019768,
        "z": -0.49999997019768
      },
      {
        "x": 0.49999997019768,
        "y": 0.49999997019768,
        "z": -0.49999997019768
      },
      {
        "x": 0.49999997019768,
        "y": -0.49999997019768,
        "z": 0.49999997019768
      },
      {
        "x": 0.49999997019768,
        "y": -0.49999997019768,
        "z": -0.49999997019768
      },
      {
        "x": -0.49999997019768,
        "y": -0.49999997019768,
        "z": -0.49999997019768
      },
      {
        "x": -0.49999997019768,
        "y": -0.49999997019768,
        "z": -0.49999997019768
      },
      {
        "x": -0.49999997019768,
        "y": -0.49999997019768,
        "z": 0.49999997019768
      },
      {
        "x": 0.49999997019768,
        "y": -0.49999997019768,
        "z": 0.49999997019768
      },
      {
        "x": -0.49999994039536,
        "y": 0.30682596564293,
        "z": 0.39999371767044
      },
      {
        "x": -0.49999997019768,
        "y": -0.39999720454216,
        "z": 0.39999371767044
      },
      {
        "x": 0.49999997019768,
        "y": -0.39999720454216,
        "z": 0.39999368786812
      },
      {
        "x": -0.49999997019768,
        "y": 0.31328004598618,
        "z": 0.39999368786812
      },
      {
        "x": -0.49999994039536,
        "y": 0.30682596564293,
        "z": 0.39999371767044
      },
      {
        "x": 0.49999997019768,
        "y": -0.34458091855049,
        "z": 0.39999368786812
      },
      {
        "x": 0.49999997019768,
        "y": -0.34458091855049,
        "z": 0.39999368786812
      },
      {
        "x": -0.49999994039536,
        "y": 0.30682596564293,
        "z": 0.39999371767044
      },
      {
        "x": 0.49999997019768,
        "y": -0.39999720454216,
        "z": 0.39999368786812
      },
      {
        "x": -0.49999997019768,
        "y": 0.39999720454216,
        "z": 0.39999368786812
      },
      {
        "x": -0.49999997019768,
        "y": 0.31328004598618,
        "z": 0.39999368786812
      },
      {
        "x": 0.49999997019768,
        "y": 0.39999720454216,
        "z": 0.39999368786812
      },
      {
        "x": 0.49999997019768,
        "y": 0.39999720454216,
        "z": 0.39999368786812
      },
      {
        "x": -0.49999997019768,
        "y": 0.31328004598618,
        "z": 0.39999368786812
      },
      {
        "x": 0.49999997019768,
        "y": -0.34458091855049,
        "z": 0.39999368786812
      },
      {
        "x": -0.49999997019768,
        "y": -0.39999720454216,
        "z": -0.39999368786812
      },
      {
        "x": -0.49999997019768,
        "y": -0.31328001618385,
        "z": -0.39999368786812
      },
      {
        "x": 0.49999997019768,
        "y": -0.39999720454216,
        "z": -0.39999371767044
      },
      {
        "x": 0.49999997019768,
        "y": -0.39999720454216,
        "z": -0.39999371767044
      },
      {
        "x": -0.49999997019768,
        "y": -0.31328001618385,
        "z": -0.39999368786812
      },
      {
        "x": 0.49999997019768,
        "y": 0.34458091855049,
        "z": -0.39999368786812
      },
      {
        "x": -0.49999994039536,
        "y": -0.30682596564293,
        "z": -0.39999371767044
      },
      {
        "x": -0.49999997019768,
        "y": 0.39999720454216,
        "z": -0.39999368786812
      },
      {
        "x": 0.49999997019768,
        "y": 0.39999720454216,
        "z": -0.39999368786812
      },
      {
        "x": -0.49999997019768,
        "y": -0.31328001618385,
        "z": -0.39999368786812
      },
      {
        "x": -0.49999994039536,
        "y": -0.30682596564293,
        "z": -0.39999371767044
      },
      {
        "x": 0.49999997019768,
        "y": 0.34458091855049,
        "z": -0.39999368786812
      },
      {
        "x": 0.49999997019768,
        "y": 0.34458091855049,
        "z": -0.39999368786812
      },
      {
        "x": -0.49999994039536,
        "y": -0.30682596564293,
        "z": -0.39999371767044
      },
      {
        "x": 0.49999997019768,
        "y": 0.39999720454216,
        "z": -0.39999368786812
      },
      {
        "x": -0.49999997019768,
        "y": 0.39999720454216,
        "z": 0.31327727437019
      },
      {
        "x": -0.49999997019768,
        "y": 0.39999720454216,
        "z": 0.39999368786812
      },
      {
        "x": 0.49999997019768,
        "y": 0.39999720454216,
        "z": -0.34457793831825
      },
      {
        "x": 0.49999997019768,
        "y": 0.39999720454216,
        "z": -0.34457793831825
      },
      {
        "x": -0.49999997019768,
        "y": 0.39999720454216,
        "z": 0.39999368786812
      },
      {
        "x": 0.49999997019768,
        "y": 0.39999720454216,
        "z": 0.39999368786812
      },
      {
        "x": -0.49999997019768,
        "y": 0.39999720454216,
        "z": 0.30682334303856
      },
      {
        "x": -0.49999997019768,
        "y": 0.39999720454216,
        "z": 0.31327727437019
      },
      {
        "x": 0.49999997019768,
        "y": 0.39999720454216,
        "z": -0.39999368786812
      },
      {
        "x": 0.49999997019768,
        "y": 0.39999720454216,
        "z": -0.39999368786812
      },
      {
        "x": -0.49999997019768,
        "y": 0.39999720454216,
        "z": 0.31327727437019
      },
      {
        "x": 0.49999997019768,
        "y": 0.39999720454216,
        "z": -0.34457793831825
      },
      {
        "x": -0.49999997019768,
        "y": 0.39999720454216,
        "z": -0.39999368786812
      },
      {
        "x": -0.49999997019768,
        "y": 0.39999720454216,
        "z": 0.30682334303856
      },
      {
        "x": 0.49999997019768,
        "y": 0.39999720454216,
        "z": -0.39999368786812
      },
      {
        "x": -0.49999997019768,
        "y": -0.39999720454216,
        "z": -0.31327727437019
      },
      {
        "x": -0.49999997019768,
        "y": -0.39999720454216,
        "z": -0.39999368786812
      },
      {
        "x": 0.49999997019768,
        "y": -0.39999720454216,
        "z": 0.34457793831825
      },
      {
        "x": 0.49999997019768,
        "y": -0.39999720454216,
        "z": 0.34457793831825
      },
      {
        "x": -0.49999997019768,
        "y": -0.39999720454216,
        "z": -0.39999368786812
      },
      {
        "x": 0.49999997019768,
        "y": -0.39999720454216,
        "z": -0.39999371767044
      },
      {
        "x": -0.49999997019768,
        "y": -0.39999720454216,
        "z": -0.30682334303856
      },
      {
        "x": -0.49999997019768,
        "y": -0.39999720454216,
        "z": -0.31327727437019
      },
      {
        "x": 0.49999997019768,
        "y": -0.39999720454216,
        "z": 0.39999368786812
      },
      {
        "x": 0.49999997019768,
        "y": -0.39999720454216,
        "z": 0.39999368786812
      },
      {
        "x": -0.49999997019768,
        "y": -0.39999720454216,
        "z": -0.31327727437019
      },
      {
        "x": 0.49999997019768,
        "y": -0.39999720454216,
        "z": 0.34457793831825
      },
      {
        "x": -0.49999997019768,
        "y": -0.39999720454216,
        "z": 0.39999371767044
      },
      {
        "x": -0.49999997019768,
        "y": -0.39999720454216,
        "z": -0.30682334303856
      },
      {
        "x": 0.49999997019768,
        "y": -0.39999720454216,
        "z": 0.39999368786812
      }
    ]
  }
}