{
  "additionalData": {
    "local_transform": [
      "1 0 0 0 1 0 0 0 1 0 0 0",
      "0.947287 0 0 0 1.09798 0 0 0 0.90859 -0.00704122 0.235481 0.0041008"
    ],
    "tillBaseScale": {
      "x": 11.573998451233,
      "y": 0.99999690055847,
      "z": 4.999979019165
    }
  },
  "basicShapesData": [
    {
      "class": "Part",
      "properties": {
        "angleVelocity": "x:0 y:0 z:0",
        "batchType": "Static",
        "bloom": "false",
        "booleanOperation": "0",
        "cameraCollideEnable": "true",
        "collisionFidelity": "0",
        "collisionGroup": "1",
        "collisionUniqueKey": "",
        "customColor": "r:1 g:1 b:1 a:1",
        "customThreshold": "1",
        "density": "2.2",
        "friction": "0.37",
        "id": "8784959603311951873",
        "individual": "false",
        "isLockedInEditor": "false",
        "isSelectInEditor": "false",
        "isVisibleInEditor": "true",
        "lineVelocity": "x:0 y:0 z:0",
        "materialAlpha": "1",
        "materialColor": "r:1 g:1 b:1 a:1",
        "materialOffset": "x:1 y:1 z:1",
        "materialTexture": "part_suliao.tga",
        "name": "Part",
        "needSync": "true",
        "networkOwner": "0",
        "originSize": "x:1 y:1 z:1",
        "partNavMeshType": "1",
        "position": "x:0 y:0 z:0",
        "restitution": "0.3",
        "rotation": "x:-0 y:0 z:0",
        "scale": "x:1 y:1 z:1",
        "selectable": "true",
        "shape": "1",
        "sides": "24",
        "sideStack": "5",
        "sphereDivision": "3",
        "staticBatchNo": "",
        "staticObject": "false",
        "templateInstanceId": "8784959603311951873",
        "unionLastBox": "false",
        "useAnchor": "true",
        "useCollide": "true",
        "useGravity": "true"
      }
    },
    {
      "class": "Part",
      "properties": {
        "angleVelocity": "x:0 y:0 z:0",
        "batchType": "Static",
        "bloom": "false",
        "booleanOperation": "2",
        "cameraCollideEnable": "true",
        "collisionFidelity": "0",
        "collisionGroup": "1",
        "collisionUniqueKey": "",
        "customColor": "r:1 g:1 b:1 a:1",
        "customThreshold": "1",
        "density": "2.2",
        "friction": "0.37",
        "id": "8784959603317538817",
        "individual": "false",
        "isLockedInEditor": "false",
        "isSelectInEditor": "false",
        "isVisibleInEditor": "true",
        "lineVelocity": "x:0 y:0 z:0",
        "materialAlpha": "1",
        "materialColor": "r:1 g:1 b:1 a:1",
        "materialOffset": "x:1 y:1 z:1",
        "materialTexture": "part_suliao.tga",
        "name": "Part",
        "needSync": "true",
        "networkOwner": "0",
        "originSize": "x:1 y:1 z:1",
        "partNavMeshType": "1",
        "position": "x:-0.00704122 y:0.235481 z:0.0041008",
        "restitution": "0.3",
        "rotation": "x:-0 y:0 z:0",
        "scale": "x:0.947287 y:1.09798 z:0.90859",
        "selectable": "true",
        "shape": "1",
        "sides": "24",
        "sideStack": "5",
        "sphereDivision": "3",
        "staticBatchNo": "",
        "staticObject": "false",
        "templateInstanceId": "8784959603317538817",
        "unionLastBox": "false",
        "useAnchor": "true",
        "useCollide": "true",
        "useGravity": "true"
      }
    }
  ],
  "brushData": {
    "colors": [
      0,
      0,
      0,
      0,
      0,
      0,
      0,
      0,
      0,
      0,
      0,
      0,
      0,
      0,
      0,
      0,
      0,
      0,
      0,
      0,
      0,
      0,
      0,
      0,
      0,
      0,
      0,
      0,
      0,
      0,
      0,
      0,
      0,
      0,
      0,
      0,
      0,
      0,
      0,
      0,
      0,
      0,
      0
    ],
    "lightmapUVs": [
      {
        "x": 0.0,
        "y": 0.0
      },
      {
        "x": 0.0,
        "y": 0.0
      },
      {
        "x": 0.0,
        "y": 0.0
      },
      {
        "x": 0.0,
        "y": 0.0
      },
      {
        "x": 0.0,
        "y": 0.0
      },
      {
        "x": 0.0,
        "y": 0.0
      },
      {
        "x": 0.0,
        "y": 0.0
      },
      {
        "x": 0.0,
        "y": 0.0
      },
      {
        "x": 0.0,
        "y": 0.0
      },
      {
        "x": 0.0,
        "y": 0.0
      },
      {
        "x": 0.0,
        "y": 0.0
      },
      {
        "x": 0.0,
        "y": 0.0
      },
      {
        "x": 0.0,
        "y": 0.0
      },
      {
        "x": 0.0,
        "y": 0.0
      },
      {
        "x": 0.0,
        "y": 0.0
      },
      {
        "x": 0.0,
        "y": 0.0
      },
      {
        "x": 0.0,
        "y": 0.0
      },
      {
        "x": 0.0,
        "y": 0.0
      },
      {
        "x": 0.0,
        "y": 0.0
      },
      {
        "x": 0.0,
        "y": 0.0
      },
      {
        "x": 0.0,
        "y": 0.0
      },
      {
        "x": 0.0,
        "y": 0.0
      },
      {
        "x": 0.0,
        "y": 0.0
      },
      {
        "x": 0.0,
        "y": 0.0
      },
      {
        "x": 0.0,
        "y": 0.0
      },
      {
        "x": 0.0,
        "y": 0.0
      },
      {
        "x": 0.0,
        "y": 0.0
      },
      {
        "x": 0.0,
        "y": 0.0
      },
      {
        "x": 0.0,
        "y": 0.0
      },
      {
        "x": 0.0,
        "y": 0.0
      },
      {
        "x": 0.0,
        "y": 0.0
      },
      {
        "x": 0.0,
        "y": 0.0
      },
      {
        "x": 0.0,
        "y": 0.0
      },
      {
        "x": 0.0,
        "y": 0.0
      },
      {
        "x": 0.0,
        "y": 0.0
      },
      {
        "x": 0.0,
        "y": 0.0
      },
      {
        "x": 0.0,
        "y": 0.0
      },
      {
        "x": 0.0,
        "y": 0.0
      },
      {
        "x": 0.0,
        "y": 0.0
      },
      {
        "x": 0.0,
        "y": 0.0
      },
      {
        "x": 0.0,
        "y": 0.0
      },
      {
        "x": 0.0,
        "y": 0.0
      },
      {
        "x": 0.0,
        "y": 0.0
      },
      {
        "x": 0.0,
        "y": 0.0
      },
      {
        "x": 0.0,
        "y": 0.0
      },
      {
        "x": 0.0,
        "y": 0.0
      },
      {
        "x": 0.0,
        "y": 0.0
      },
      {
        "x": 0.0,
        "y": 0.0
      },
      {
        "x": 0.0,
        "y": 0.0
      },
      {
        "x": 0.0,
        "y": 0.0
      },
      {
        "x": 0.0,
        "y": 0.0
      },
      {
        "x": 0.0,
        "y": 0.0
      },
      {
        "x": 0.0,
        "y": 0.0
      },
      {
        "x": 0.0,
        "y": 0.0
      },
      {
        "x": 0.0,
        "y": 0.0
      },
      {
        "x": 0.0,
        "y": 0.0
      },
      {
        "x": 0.0,
        "y": 0.0
      },
      {
        "x": 0.0,
        "y": 0.0
      },
      {
        "x": 0.0,
        "y": 0.0
      },
      {
        "x": 0.0,
        "y": 0.0
      },
      {
        "x": 0.0,
        "y": 0.0
      },
      {
        "x": 0.0,
        "y": 0.0
      },
      {
        "x": 0.0,
        "y": 0.0
      },
      {
        "x": 0.0,
        "y": 0.0
      },
      {
        "x": 0.0,
        "y": 0.0
      },
      {
        "x": 0.0,
        "y": 0.0
      },
      {
        "x": 0.0,
        "y": 0.0
      },
      {
        "x": 0.0,
        "y": 0.0
      },
      {
        "x": 0.0,
        "y": 0.0
      },
      {
        "x": 0.0,
        "y": 0.0
      },
      {
        "x": 0.0,
        "y": 0.0
      },
      {
        "x": 0.0,
        "y": 0.0
      },
      {
        "x": 0.0,
        "y": 0.0
      },
      {
        "x": 0.0,
        "y": 0.0
      },
      {
        "x": 0.0,
        "y": 0.0
      },
      {
        "x": 0.0,
        "y": 0.0
      },
      {
        "x": 0.0,
        "y": 0.0
      },
      {
        "x": 0.0,
        "y": 0.0
      },
      {
        "x": 0.0,
        "y": 0.0
      },
      {
        "x": 0.0,
        "y": 0.0
      },
      {
        "x": 0.0,
        "y": 0.0
      },
      {
        "x": 0.0,
        "y": 0.0
      },
      {
        "x": 0.0,
        "y": 0.0
      },
      {
        "x": 0.0,
        "y": 0.0
      },
      {
        "x": 0.0,
        "y": 0.0
      },
      {
        "x": 0.0,
        "y": 0.0
      },
      {
        "x": 0.0,
        "y": 0.0
      },
      {
        "x": 0.0,
        "y": 0.0
      },
      {
        "x": 0.0,
        "y": 0.0
      },
      {
        "x": 0.0,
        "y": 0.0
      },
      {
        "x": 0.0,
        "y": 0.0
      },
      {
        "x": 0.0,
        "y": 0.0
      },
      {
        "x": 0.0,
        "y": 0.0
      },
      {
        "x": 0.0,
        "y": 0.0
      },
      {
        "x": 0.0,
        "y": 0.0
      },
      {
        "x": 0.0,
        "y": 0.0
      },
      {
        "x": 0.0,
        "y": 0.0
      },
      {
        "x": 0.0,
        "y": 0.0
      },
      {
        "x": 0.0,
        "y": 0.0
      },
      {
        "x": 0.0,
        "y": 0.0
      },
      {
        "x": 0.0,
        "y": 0.0
      },
      {
        "x": 0.0,
        "y": 0.0
      },
      {
        "x": 0.0,
        "y": 0.0
      },
      {
        "x": 0.0,
        "y": 0.0
      },
      {
        "x": 0.0,
        "y": 0.0
      },
      {
        "x": 0.0,
        "y": 0.0
      },
      {
        "x": 0.0,
        "y": 0.0
      },
      {
        "x": 0.0,
        "y": 0.0
      },
      {
        "x": 0.0,
        "y": 0.0
      },
      {
        "x": 0.0,
        "y": 0.0
      },
      {
        "x": 0.0,
        "y": 0.0
      },
      {
        "x": 0.0,
        "y": 0.0
      },
      {
        "x": 0.0,
        "y": 0.0
      },
      {
        "x": 0.0,
        "y": 0.0
      },
      {
        "x": 0.0,
        "y": 0.0
      },
      {
        "x": 0.0,
        "y": 0.0
      },
      {
        "x": 0.0,
        "y": 0.0
      },
      {
        "x": 0.0,
        "y": 0.0
      },
      {
        "x": 0.0,
        "y": 0.0
      },
      {
        "x": 0.0,
        "y": 0.0
      },
      {
        "x": 0.0,
        "y": 0.0
      },
      {
        "x": 0.0,
        "y": 0.0
      },
      {
        "x": 0.0,
        "y": 0.0
      },
      {
        "x": 0.0,
        "y": 0.0
      },
      {
        "x": 0.0,
        "y": 0.0
      },
      {
        "x": 0.0,
        "y": 0.0
      },
      {
        "x": 0.0,
        "y": 0.0
      },
      {
        "x": 0.0,
        "y": 0.0
      },
      {
        "x": 0.0,
        "y": 0.0
      }
    ],
    "uv2s": [
      {
        "x": 0.0,
        "y": 0.0
      },
      {
        "x": 0.0,
        "y": 0.0
      },
      {
        "x": 0.0,
        "y": 0.0
      },
      {
        "x": 0.0,
        "y": 0.0
      },
      {
        "x": 0.0,
        "y": 0.0
      },
      {
        "x": 0.0,
        "y": 0.0
      },
      {
        "x": 0.0,
        "y": 0.0
      },
      {
        "x": 0.0,
        "y": 0.0
      },
      {
        "x": 0.0,
        "y": 0.0
      },
      {
        "x": 0.0,
        "y": 0.0
      },
      {
        "x": 0.0,
        "y": 0.0
      },
      {
        "x": 0.0,
        "y": 0.0
      },
      {
        "x": 0.0,
        "y": 0.0
      },
      {
        "x": 0.0,
        "y": 0.0
      },
      {
        "x": 0.0,
        "y": 0.0
      },
      {
        "x": 0.0,
        "y": 0.0
      },
      {
        "x": 0.0,
        "y": 0.0
      },
      {
        "x": 0.0,
        "y": 0.0
      },
      {
        "x": 0.0,
        "y": 0.0
      },
      {
        "x": 0.0,
        "y": 0.0
      },
      {
        "x": 0.0,
        "y": 0.0
      },
      {
        "x": 0.0,
        "y": 0.0
      },
      {
        "x": 0.0,
        "y": 0.0
      },
      {
        "x": 0.0,
        "y": 0.0
      },
      {
        "x": 0.0,
        "y": 0.0
      },
      {
        "x": 0.0,
        "y": 0.0
      },
      {
        "x": 0.0,
        "y": 0.0
      },
      {
        "x": 0.0,
        "y": 0.0
      },
      {
        "x": 0.0,
        "y": 0.0
      },
      {
        "x": 0.0,
        "y": 0.0
      },
      {
        "x": 0.0,
        "y": 0.0
      },
      {
        "x": 0.0,
        "y": 0.0
      },
      {
        "x": 0.0,
        "y": 0.0
      },
      {
        "x": 0.0,
        "y": 0.0
      },
      {
        "x": 0.0,
        "y": 0.0
      },
      {
        "x": 0.0,
        "y": 0.0
      },
      {
        "x": 0.0,
        "y": 0.0
      },
      {
        "x": 0.0,
        "y": 0.0
      },
      {
        "x": 0.0,
        "y": 0.0
      },
      {
        "x": 0.0,
        "y": 0.0
      },
      {
        "x": 0.0,
        "y": 0.0
      },
      {
        "x": 0.0,
        "y": 0.0
      },
      {
        "x": 0.0,
        "y": 0.0
      },
      {
        "x": 0.0,
        "y": 0.0
      },
      {
        "x": 0.0,
        "y": 0.0
      },
      {
        "x": 0.0,
        "y": 0.0
      },
      {
        "x": 0.0,
        "y": 0.0
      },
      {
        "x": 0.0,
        "y": 0.0
      },
      {
        "x": 0.0,
        "y": 0.0
      },
      {
        "x": 0.0,
        "y": 0.0
      },
      {
        "x": 0.0,
        "y": 0.0
      },
      {
        "x": 0.0,
        "y": 0.0
      },
      {
        "x": 0.0,
        "y": 0.0
      },
      {
        "x": 0.0,
        "y": 0.0
      },
      {
        "x": 0.0,
        "y": 0.0
      },
      {
        "x": 0.0,
        "y": 0.0
      },
      {
        "x": 0.0,
        "y": 0.0
      },
      {
        "x": 0.0,
        "y": 0.0
      },
      {
        "x": 0.0,
        "y": 0.0
      },
      {
        "x": 0.0,
        "y": 0.0
      },
      {
        "x": 0.0,
        "y": 0.0
      },
      {
        "x": 0.0,
        "y": 0.0
      },
      {
        "x": 0.0,
        "y": 0.0
      },
      {
        "x": 0.0,
        "y": 0.0
      },
      {
        "x": 0.0,
        "y": 0.0
      },
      {
        "x": 0.0,
        "y": 0.0
      },
      {
        "x": 0.0,
        "y": 0.0
      },
      {
        "x": 0.0,
        "y": 0.0
      },
      {
        "x": 0.0,
        "y": 0.0
      },
      {
        "x": 0.0,
        "y": 0.0
      },
      {
        "x": 0.0,
        "y": 0.0
      },
      {
        "x": 0.0,
        "y": 0.0
      },
      {
        "x": 0.0,
        "y": 0.0
      },
      {
        "x": 0.0,
        "y": 0.0
      },
      {
        "x": 0.0,
        "y": 0.0
      },
      {
        "x": 0.0,
        "y": 0.0
      },
      {
        "x": 0.0,
        "y": 0.0
      },
      {
        "x": 0.0,
        "y": 0.0
      },
      {
        "x": 0.0,
        "y": 0.0
      },
      {
        "x": 0.0,
        "y": 0.0
      },
      {
        "x": 0.0,
        "y": 0.0
      },
      {
        "x": 0.0,
        "y": 0.0
      },
      {
        "x": 0.0,
        "y": 0.0
      },
      {
        "x": 0.0,
        "y": 0.0
      },
      {
        "x": 0.0,
        "y": 0.0
      },
      {
        "x": 0.0,
        "y": 0.0
      },
      {
        "x": 0.0,
        "y": 0.0
      },
      {
        "x": 0.0,
        "y": 0.0
      },
      {
        "x": 0.0,
        "y": 0.0
      },
      {
        "x": 0.0,
        "y": 0.0
      },
      {
        "x": 0.0,
        "y": 0.0
      },
      {
        "x": 0.0,
        "y": 0.0
      },
      {
        "x": 0.0,
        "y": 0.0
      },
      {
        "x": 0.0,
        "y": 0.0
      },
      {
        "x": 0.0,
        "y": 0.0
      },
      {
        "x": 0.0,
        "y": 0.0
      },
      {
        "x": 0.0,
        "y": 0.0
      },
      {
        "x": 0.0,
        "y": 0.0
      },
      {
        "x": 0.0,
        "y": 0.0
      },
      {
        "x": 0.0,
        "y": 0.0
      },
      {
        "x": 0.0,
        "y": 0.0
      },
      {
        "x": 0.0,
        "y": 0.0
      },
      {
        "x": 0.0,
        "y": 0.0
      },
      {
        "x": 0.0,
        "y": 0.0
      },
      {
        "x": 0.0,
        "y": 0.0
      },
      {
        "x": 0.0,
        "y": 0.0
      },
      {
        "x": 0.0,
        "y": 0.0
      },
      {
        "x": 0.0,
        "y": 0.0
      },
      {
        "x": 0.0,
        "y": 0.0
      },
      {
        "x": 0.0,
        "y": 0.0
      },
      {
        "x": 0.0,
        "y": 0.0
      },
      {
        "x": 0.0,
        "y": 0.0
      },
      {
        "x": 0.0,
        "y": 0.0
      },
      {
        "x": 0.0,
        "y": 0.0
      },
      {
        "x": 0.0,
        "y": 0.0
      },
      {
        "x": 0.0,
        "y": 0.0
      },
      {
        "x": 0.0,
        "y": 0.0
      },
      {
        "x": 0.0,
        "y": 0.0
      },
      {
        "x": 0.0,
        "y": 0.0
      },
      {
        "x": 0.0,
        "y": 0.0
      },
      {
        "x": 0.0,
        "y": 0.0
      },
      {
        "x": 0.0,
        "y": 0.0
      },
      {
        "x": 0.0,
        "y": 0.0
      },
      {
        "x": 0.0,
        "y": 0.0
      },
      {
        "x": 0.0,
        "y": 0.0
      },
      {
        "x": 0.0,
        "y": 0.0
      },
      {
        "x": 0.0,
        "y": 0.0
      },
      {
        "x": 0.0,
        "y": 0.0
      },
      {
        "x": 0.0,
        "y": 0.0
      }
    ],
    "uv3s": [
      {
        "x": 4.9999799728394,
        "y": 0.99999696016312
      },
      {
        "x": 0.0,
        "y": 0.99999696016312
      },
      {
        "x": 0.0,
        "y": 0.0
      },
      {
        "x": 0.0,
        "y": 0.0
      },
      {
        "x": 4.9999799728394,
        "y": 0.0
      },
      {
        "x": 4.9999799728394,
        "y": 0.99999696016312
      },
      {
        "x": 11.573999404907,
        "y": 0.99999696016312
      },
      {
        "x": 0.0,
        "y": 0.99999696016312
      },
      {
        "x": 0.0,
        "y": 0.0
      },
      {
        "x": 0.0,
        "y": 0.0
      },
      {
        "x": 11.573999404907,
        "y": 0.0
      },
      {
        "x": 11.573999404907,
        "y": 0.99999696016312
      },
      {
        "x": 4.9999799728394,
        "y": 0.99999696016312
      },
      {
        "x": 0.0,
        "y": 0.99999696016312
      },
      {
        "x": 0.0,
        "y": 0.0
      },
      {
        "x": 0.0,
        "y": 0.0
      },
      {
        "x": 4.9999799728394,
        "y": 0.0
      },
      {
        "x": 4.9999799728394,
        "y": 0.99999696016312
      },
      {
        "x": 11.573999404907,
        "y": 0.99999696016312
      },
      {
        "x": 0.0,
        "y": 0.99999696016312
      },
      {
        "x": 0.0,
        "y": 0.0
      },
      {
        "x": 0.0,
        "y": 0.0
      },
      {
        "x": 11.573999404907,
        "y": 0.0
      },
      {
        "x": 11.573999404907,
        "y": 0.99999696016312
      },
      {
        "x": 4.9999799728394,
        "y": 11.573999404907
      },
      {
        "x": 0.0,
        "y": 11.573999404907
      },
      {
        "x": 0.20802120864391,
        "y": 11.187455177307
      },
      {
        "x": 0.0,
        "y": 11.573999404907
      },
      {
        "x": 0.0,
        "y": 0.0
      },
      {
        "x": 0.20802120864391,
        "y": 11.187455177307
      },
      {
        "x": 4.9999799728394,
        "y": 11.573999404907
      },
      {
        "x": 0.20802120864391,
        "y": 11.187455177307
      },
      {
        "x": 1.3850334882736,
        "y": 11.187453269958
      },
      {
        "x": 4.7509512901306,
        "y": 10.99754524231
      },
      {
        "x": 4.9999799728394,
        "y": 11.573999404907
      },
      {
        "x": 4.7509517669678,
        "y": 11.187456130981
      },
      {
        "x": 4.9999799728394,
        "y": 11.573999404907
      },
      {
        "x": 1.3850334882736,
        "y": 11.187453269958
      },
      {
        "x": 4.7509517669678,
        "y": 11.187456130981
      },
      {
        "x": 0.20802108943462,
        "y": 1.6802668571472
      },
      {
        "x": 0.0,
        "y": 0.0
      },
      {
        "x": 0.20802100002766,
        "y": 0.4815289080143
      },
      {
        "x": 0.20802120864391,
        "y": 11.187455177307
      },
      {
        "x": 0.0,
        "y": 0.0
      },
      {
        "x": 0.20802107453346,
        "y": 3.0641560554504
      },
      {
        "x": 0.20802107453346,
        "y": 3.0641560554504
      },
      {
        "x": 0.0,
        "y": 0.0
      },
      {
        "x": 0.20802108943462,
        "y": 1.6802668571472
      },
      {
        "x": 0.0,
        "y": 0.0
      },
      {
        "x": 4.9999799728394,
        "y": 0.0
      },
      {
        "x": 0.20802113413811,
        "y": 0.22355495393276
      },
      {
        "x": 0.20802146196365,
        "y": 0.4815299808979
      },
      {
        "x": 0.0,
        "y": 0.0
      },
      {
        "x": 0.20802113413811,
        "y": 0.22355495393276
      },
      {
        "x": 4.7509508132935,
        "y": 10.984137535095
      },
      {
        "x": 4.9999799728394,
        "y": 11.573999404907
      },
      {
        "x": 4.7509508132935,
        "y": 10.99754524231
      },
      {
        "x": 4.9999799728394,
        "y": 0.0
      },
      {
        "x": 4.9999799728394,
        "y": 11.573999404907
      },
      {
        "x": 4.7509508132935,
        "y": 0.22355495393276
      },
      {
        "x": 4.7509508132935,
        "y": 9.5918760299683
      },
      {
        "x": 4.9999799728394,
        "y": 11.573999404907
      },
      {
        "x": 4.7509508132935,
        "y": 10.984137535095
      },
      {
        "x": 3.573938369751,
        "y": 0.22355495393276
      },
      {
        "x": 0.20802113413811,
        "y": 0.22355495393276
      },
      {
        "x": 4.9999799728394,
        "y": 0.0
      },
      {
        "x": 4.9999799728394,
        "y": 0.0
      },
      {
        "x": 4.7509508132935,
        "y": 0.22355495393276
      },
      {
        "x": 3.573938369751,
        "y": 0.22355495393276
      },
      {
        "x": 4.7509508132935,
        "y": 0.22355495393276
      },
      {
        "x": 4.9999799728394,
        "y": 11.573999404907
      },
      {
        "x": 4.7509508132935,
        "y": 8.3468532562256
      },
      {
        "x": 4.7509508132935,
        "y": 8.3468532562256
      },
      {
        "x": 4.9999799728394,
        "y": 11.573999404907
      },
      {
        "x": 4.7509508132935,
        "y": 9.5918760299683
      },
      {
        "x": 4.9999799728394,
        "y": 11.573999404907
      },
      {
        "x": 0.0,
        "y": 11.573999404907
      },
      {
        "x": 0.0,
        "y": 0.0
      },
      {
        "x": 0.0,
        "y": 0.0
      },
      {
        "x": 4.9999799728394,
        "y": 0.0
      },
      {
        "x": 4.9999799728394,
        "y": 11.573999404907
      },
      {
        "x": 1.1770130395889,
        "y": 0.28447207808495
      },
      {
        "x": 0.0,
        "y": 0.28447204828262
      },
      {
        "x": 4.5429301261902,
        "y": 1.0979800224304
      },
      {
        "x": 4.5429301261902,
        "y": 1.0979800224304
      },
      {
        "x": 0.0,
        "y": 0.28447204828262
      },
      {
        "x": 0.0,
        "y": 1.0979800224304
      },
      {
        "x": 4.5429301261902,
        "y": 0.28447207808495
      },
      {
        "x": 1.1770126819611,
        "y": 0.28447198867798
      },
      {
        "x": 4.5429301261902,
        "y": 1.0979800224304
      },
      {
        "x": 10.963899612427,
        "y": 1.0979800224304
      },
      {
        "x": 0.25797343254089,
        "y": 0.28447192907333
      },
      {
        "x": 0.0,
        "y": 1.0979800224304
      },
      {
        "x": 0.25797343254089,
        "y": 0.28447192907333
      },
      {
        "x": 0.0,
        "y": 0.28447204828262
      },
      {
        "x": 0.0,
        "y": 1.0979800224304
      },
      {
        "x": 2.8406009674072,
        "y": 0.28447204828262
      },
      {
        "x": 0.25797343254089,
        "y": 0.28447192907333
      },
      {
        "x": 10.963899612427,
        "y": 1.0979800224304
      },
      {
        "x": 10.963899612427,
        "y": 0.28447207808495
      },
      {
        "x": 2.8406009674072,
        "y": 0.28447204828262
      },
      {
        "x": 10.963899612427,
        "y": 1.0979800224304
      },
      {
        "x": 1.1770132780075,
        "y": 0.28447213768959
      },
      {
        "x": 0.0,
        "y": 0.28447204828262
      },
      {
        "x": 4.5429301261902,
        "y": 1.0979800224304
      },
      {
        "x": 4.5429301261902,
        "y": 1.0979800224304
      },
      {
        "x": 0.0,
        "y": 0.28447204828262
      },
      {
        "x": 0.0,
        "y": 1.0979800224304
      },
      {
        "x": 4.5429301261902,
        "y": 0.28447207808495
      },
      {
        "x": 1.1770126819611,
        "y": 0.28447198867798
      },
      {
        "x": 4.5429301261902,
        "y": 1.0979800224304
      },
      {
        "x": 10.963899612427,
        "y": 1.0979800224304
      },
      {
        "x": 0.18990886211395,
        "y": 0.28447195887566
      },
      {
        "x": 0.0,
        "y": 1.0979800224304
      },
      {
        "x": 0.18990886211395,
        "y": 0.28447195887566
      },
      {
        "x": 0.0,
        "y": 0.28447204828262
      },
      {
        "x": 0.0,
        "y": 1.0979800224304
      },
      {
        "x": 2.8406009674072,
        "y": 0.28447204828262
      },
      {
        "x": 0.18990886211395,
        "y": 0.28447195887566
      },
      {
        "x": 10.963899612427,
        "y": 1.0979800224304
      },
      {
        "x": 10.963899612427,
        "y": 0.28447207808495
      },
      {
        "x": 2.8406009674072,
        "y": 0.28447204828262
      },
      {
        "x": 10.963899612427,
        "y": 1.0979800224304
      },
      {
        "x": 4.5429301261902,
        "y": 10.963899612427
      },
      {
        "x": 0.0,
        "y": 0.0
      },
      {
        "x": 0.0,
        "y": 10.963899612427
      },
      {
        "x": 0.0,
        "y": 0.0
      },
      {
        "x": 4.5429301261902,
        "y": 10.963899612427
      },
      {
        "x": 4.5429301261902,
        "y": 0.0
      }
    ],
    "uvs": [
      {
        "x": 1.0,
        "y": 1.0
      },
      {
        "x": 0.0,
        "y": 1.0
      },
      {
        "x": 0.0,
        "y": 0.0
      },
      {
        "x": 0.0,
        "y": 0.0
      },
      {
        "x": 1.0,
        "y": 0.0
      },
      {
        "x": 1.0,
        "y": 1.0
      },
      {
        "x": 1.0,
        "y": 1.0
      },
      {
        "x": 0.0,
        "y": 1.0
      },
      {
        "x": 0.0,
        "y": 0.0
      },
      {
        "x": 0.0,
        "y": 0.0
      },
      {
        "x": 1.0,
        "y": 0.0
      },
      {
        "x": 1.0,
        "y": 1.0
      },
      {
        "x": 1.0,
        "y": 1.0
      },
      {
        "x": 0.0,
        "y": 1.0
      },
      {
        "x": 0.0,
        "y": 0.0
      },
      {
        "x": 0.0,
        "y": 0.0
      },
      {
        "x": 1.0,
        "y": 0.0
      },
      {
        "x": 1.0,
        "y": 1.0
      },
      {
        "x": 1.0,
        "y": 1.0
      },
      {
        "x": 0.0,
        "y": 1.0
      },
      {
        "x": 0.0,
        "y": 0.0
      },
      {
        "x": 0.0,
        "y": 0.0
      },
      {
        "x": 1.0,
        "y": 0.0
      },
      {
        "x": 1.0,
        "y": 1.0
      },
      {
        "x": 1.0,
        "y": 1.0
      },
      {
        "x": 0.0,
        "y": 1.0
      },
      {
        "x": 0.041604407131672,
        "y": 0.96660232543945
      },
      {
        "x": 0.0,
        "y": 1.0
      },
      {
        "x": 0.0,
        "y": 0.0
      },
      {
        "x": 0.041604407131672,
        "y": 0.96660232543945
      },
      {
        "x": 1.0,
        "y": 1.0
      },
      {
        "x": 0.041604407131672,
        "y": 0.96660232543945
      },
      {
        "x": 0.27700781822205,
        "y": 0.96660220623016
      },
      {
        "x": 0.95019406080246,
        "y": 0.95019406080246
      },
      {
        "x": 1.0,
        "y": 1.0
      },
      {
        "x": 0.9501941204071,
        "y": 0.96660244464874
      },
      {
        "x": 1.0,
        "y": 1.0
      },
      {
        "x": 0.27700781822205,
        "y": 0.96660220623016
      },
      {
        "x": 0.9501941204071,
        "y": 0.96660244464874
      },
      {
        "x": 0.04160438477993,
        "y": 0.14517599344254
      },
      {
        "x": 0.0,
        "y": 0.0
      },
      {
        "x": 0.041604366153479,
        "y": 0.041604366153479
      },
      {
        "x": 0.041604407131672,
        "y": 0.96660232543945
      },
      {
        "x": 0.0,
        "y": 0.0
      },
      {
        "x": 0.04160438105464,
        "y": 0.26474478840828
      },
      {
        "x": 0.04160438105464,
        "y": 0.26474478840828
      },
      {
        "x": 0.0,
        "y": 0.0
      },
      {
        "x": 0.04160438477993,
        "y": 0.14517599344254
      },
      {
        "x": 0.0,
        "y": 0.0
      },
      {
        "x": 1.0,
        "y": 0.0
      },
      {
        "x": 0.041604392230511,
        "y": 0.019315272569656
      },
      {
        "x": 0.041604459285736,
        "y": 0.041604459285736
      },
      {
        "x": 0.0,
        "y": 0.0
      },
      {
        "x": 0.041604392230511,
        "y": 0.019315272569656
      },
      {
        "x": 0.95019394159317,
        "y": 0.94903564453125
      },
      {
        "x": 1.0,
        "y": 1.0
      },
      {
        "x": 0.95019400119781,
        "y": 0.95019400119781
      },
      {
        "x": 1.0,
        "y": 0.0
      },
      {
        "x": 1.0,
        "y": 1.0
      },
      {
        "x": 0.95019400119781,
        "y": 0.019315272569656
      },
      {
        "x": 0.95019400119781,
        "y": 0.82874345779419
      },
      {
        "x": 1.0,
        "y": 1.0
      },
      {
        "x": 0.95019394159317,
        "y": 0.94903564453125
      },
      {
        "x": 0.71479052305222,
        "y": 0.019315272569656
      },
      {
        "x": 0.041604392230511,
        "y": 0.019315272569656
      },
      {
        "x": 1.0,
        "y": 0.0
      },
      {
        "x": 1.0,
        "y": 0.0
      },
      {
        "x": 0.95019400119781,
        "y": 0.019315272569656
      },
      {
        "x": 0.71479052305222,
        "y": 0.019315272569656
      },
      {
        "x": 0.95019400119781,
        "y": 0.019315272569656
      },
      {
        "x": 1.0,
        "y": 1.0
      },
      {
        "x": 0.95019400119781,
        "y": 0.72117274999619
      },
      {
        "x": 0.95019400119781,
        "y": 0.72117274999619
      },
      {
        "x": 1.0,
        "y": 1.0
      },
      {
        "x": 0.95019400119781,
        "y": 0.82874345779419
      },
      {
        "x": 1.0,
        "y": 1.0
      },
      {
        "x": 0.0,
        "y": 1.0
      },
      {
        "x": 0.0,
        "y": 0.0
      },
      {
        "x": 0.0,
        "y": 0.0
      },
      {
        "x": 1.0,
        "y": 0.0
      },
      {
        "x": 1.0,
        "y": 1.0
      },
      {
        "x": 0.25908675789833,
        "y": 0.25908675789833
      },
      {
        "x": 0.0,
        "y": 0.25908672809601
      },
      {
        "x": 1.0,
        "y": 1.0
      },
      {
        "x": 1.0,
        "y": 1.0
      },
      {
        "x": 0.0,
        "y": 0.25908672809601
      },
      {
        "x": 0.0,
        "y": 1.0
      },
      {
        "x": 1.0,
        "y": 0.25908675789833
      },
      {
        "x": 0.25908666849136,
        "y": 0.25908666849136
      },
      {
        "x": 1.0,
        "y": 1.0
      },
      {
        "x": 1.0,
        "y": 1.0
      },
      {
        "x": 0.023529350757599,
        "y": 0.25908660888672
      },
      {
        "x": 0.0,
        "y": 1.0
      },
      {
        "x": 0.023529350757599,
        "y": 0.25908660888672
      },
      {
        "x": 0.0,
        "y": 0.25908672809601
      },
      {
        "x": 0.0,
        "y": 1.0
      },
      {
        "x": 0.25908672809601,
        "y": 0.25908672809601
      },
      {
        "x": 0.023529350757599,
        "y": 0.25908660888672
      },
      {
        "x": 1.0,
        "y": 1.0
      },
      {
        "x": 1.0,
        "y": 0.25908675789833
      },
      {
        "x": 0.25908672809601,
        "y": 0.25908672809601
      },
      {
        "x": 1.0,
        "y": 1.0
      },
      {
        "x": 0.25908681750298,
        "y": 0.25908681750298
      },
      {
        "x": 0.0,
        "y": 0.25908672809601
      },
      {
        "x": 1.0,
        "y": 1.0
      },
      {
        "x": 1.0,
        "y": 1.0
      },
      {
        "x": 0.0,
        "y": 0.25908672809601
      },
      {
        "x": 0.0,
        "y": 1.0
      },
      {
        "x": 1.0,
        "y": 0.25908675789833
      },
      {
        "x": 0.25908666849136,
        "y": 0.25908666849136
      },
      {
        "x": 1.0,
        "y": 1.0
      },
      {
        "x": 1.0,
        "y": 1.0
      },
      {
        "x": 0.017321288585663,
        "y": 0.25908663868904
      },
      {
        "x": 0.0,
        "y": 1.0
      },
      {
        "x": 0.017321288585663,
        "y": 0.25908663868904
      },
      {
        "x": 0.0,
        "y": 0.25908672809601
      },
      {
        "x": 0.0,
        "y": 1.0
      },
      {
        "x": 0.25908672809601,
        "y": 0.25908672809601
      },
      {
        "x": 0.017321288585663,
        "y": 0.25908663868904
      },
      {
        "x": 1.0,
        "y": 1.0
      },
      {
        "x": 1.0,
        "y": 0.25908675789833
      },
      {
        "x": 0.25908672809601,
        "y": 0.25908672809601
      },
      {
        "x": 1.0,
        "y": 1.0
      },
      {
        "x": 1.0,
        "y": 1.0
      },
      {
        "x": 0.0,
        "y": 0.0
      },
      {
        "x": 0.0,
        "y": 1.0
      },
      {
        "x": 0.0,
        "y": 0.0
      },
      {
        "x": 1.0,
        "y": 1.0
      },
      {
        "x": 1.0,
        "y": 0.0
      }
    ],
    "vertices": [
      {
        "x": 0.5,
        "y": -0.5,
        "z": -0.50000005960464
      },
      {
        "x": 0.5,
        "y": -0.5,
        "z": 0.50000005960464
      },
      {
        "x": 0.5,
        "y": 0.5,
        "z": 0.50000005960464
      },
      {
        "x": 0.5,
        "y": 0.5,
        "z": 0.50000005960464
      },
      {
        "x": 0.5,
        "y": 0.5,
        "z": -0.50000005960464
      },
      {
        "x": 0.5,
        "y": -0.5,
        "z": -0.50000005960464
      },
      {
        "x": 0.5,
        "y": -0.5,
        "z": 0.50000005960464
      },
      {
        "x": -0.5,
        "y": -0.5,
        "z": 0.50000005960464
      },
      {
        "x": -0.5,
        "y": 0.5,
        "z": 0.50000005960464
      },
      {
        "x": -0.5,
        "y": 0.5,
        "z": 0.50000005960464
      },
      {
        "x": 0.5,
        "y": 0.5,
        "z": 0.50000005960464
      },
      {
        "x": 0.5,
        "y": -0.5,
        "z": 0.50000005960464
      },
      {
        "x": -0.5,
        "y": -0.5,
        "z": 0.50000005960464
      },
      {
        "x": -0.5,
        "y": -0.5,
        "z": -0.50000005960464
      },
      {
        "x": -0.5,
        "y": 0.5,
        "z": -0.50000005960464
      },
      {
        "x": -0.5,
        "y": 0.5,
        "z": -0.50000005960464
      },
      {
        "x": -0.5,
        "y": 0.5,
        "z": 0.50000005960464
      },
      {
        "x": -0.5,
        "y": -0.5,
        "z": 0.50000005960464
      },
      {
        "x": -0.5,
        "y": -0.5,
        "z": -0.50000005960464
      },
      {
        "x": 0.5,
        "y": -0.5,
        "z": -0.50000005960464
      },
      {
        "x": 0.5,
        "y": 0.5,
        "z": -0.50000005960464
      },
      {
        "x": 0.5,
        "y": 0.5,
        "z": -0.50000005960464
      },
      {
        "x": -0.5,
        "y": 0.5,
        "z": -0.50000005960464
      },
      {
        "x": -0.5,
        "y": -0.5,
        "z": -0.50000005960464
      },
      {
        "x": 0.5,
        "y": 0.5,
        "z": -0.50000005960464
      },
      {
        "x": 0.5,
        "y": 0.5,
        "z": 0.50000005960464
      },
      {
        "x": 0.46660229563713,
        "y": 0.5,
        "z": 0.45839565992355
      },
      {
        "x": 0.5,
        "y": 0.5,
        "z": 0.50000005960464
      },
      {
        "x": -0.5,
        "y": 0.5,
        "z": 0.50000005960464
      },
      {
        "x": 0.46660229563713,
        "y": 0.5,
        "z": 0.45839565992355
      },
      {
        "x": 0.5,
        "y": 0.5,
        "z": -0.50000005960464
      },
      {
        "x": 0.46660229563713,
        "y": 0.5,
        "z": 0.45839565992355
      },
      {
        "x": 0.46660229563713,
        "y": 0.5,
        "z": 0.22299212217331
      },
      {
        "x": 0.45019400119781,
        "y": 0.5,
        "z": -0.45019406080246
      },
      {
        "x": 0.5,
        "y": 0.5,
        "z": -0.50000005960464
      },
      {
        "x": 0.46660229563713,
        "y": 0.5,
        "z": -0.45019406080246
      },
      {
        "x": 0.5,
        "y": 0.5,
        "z": -0.50000005960464
      },
      {
        "x": 0.46660229563713,
        "y": 0.5,
        "z": 0.22299212217331
      },
      {
        "x": 0.46660229563713,
        "y": 0.5,
        "z": -0.45019406080246
      },
      {
        "x": -0.35482394695282,
        "y": 0.5,
        "z": 0.45839565992355
      },
      {
        "x": -0.5,
        "y": 0.5,
        "z": 0.50000005960464
      },
      {
        "x": -0.45839565992355,
        "y": 0.5,
        "z": 0.45839565992355
      },
      {
        "x": 0.46660229563713,
        "y": 0.5,
        "z": 0.45839565992355
      },
      {
        "x": -0.5,
        "y": 0.5,
        "z": 0.50000005960464
      },
      {
        "x": -0.2352551817894,
        "y": 0.5,
        "z": 0.45839565992355
      },
      {
        "x": -0.2352551817894,
        "y": 0.5,
        "z": 0.45839565992355
      },
      {
        "x": -0.5,
        "y": 0.5,
        "z": 0.50000005960464
      },
      {
        "x": -0.35482394695282,
        "y": 0.5,
        "z": 0.45839565992355
      },
      {
        "x": -0.5,
        "y": 0.5,
        "z": 0.50000005960464
      },
      {
        "x": -0.5,
        "y": 0.5,
        "z": -0.50000005960464
      },
      {
        "x": -0.48068472743034,
        "y": 0.5,
        "z": 0.45839565992355
      },
      {
        "x": -0.45839565992355,
        "y": 0.5,
        "z": 0.45839565992355
      },
      {
        "x": -0.5,
        "y": 0.5,
        "z": 0.50000005960464
      },
      {
        "x": -0.48068472743034,
        "y": 0.5,
        "z": 0.45839565992355
      },
      {
        "x": 0.44903570413589,
        "y": 0.5,
        "z": -0.45019406080246
      },
      {
        "x": 0.5,
        "y": 0.5,
        "z": -0.50000005960464
      },
      {
        "x": 0.45019400119781,
        "y": 0.5,
        "z": -0.45019406080246
      },
      {
        "x": -0.5,
        "y": 0.5,
        "z": -0.50000005960464
      },
      {
        "x": 0.5,
        "y": 0.5,
        "z": -0.50000005960464
      },
      {
        "x": -0.48068472743034,
        "y": 0.5,
        "z": -0.45019406080246
      },
      {
        "x": 0.32874351739883,
        "y": 0.5,
        "z": -0.45019406080246
      },
      {
        "x": 0.5,
        "y": 0.5,
        "z": -0.50000005960464
      },
      {
        "x": 0.44903570413589,
        "y": 0.5,
        "z": -0.45019406080246
      },
      {
        "x": -0.48068472743034,
        "y": 0.5,
        "z": -0.21479052305222
      },
      {
        "x": -0.48068472743034,
        "y": 0.5,
        "z": 0.45839565992355
      },
      {
        "x": -0.5,
        "y": 0.5,
        "z": -0.50000005960464
      },
      {
        "x": -0.5,
        "y": 0.5,
        "z": -0.50000005960464
      },
      {
        "x": -0.48068472743034,
        "y": 0.5,
        "z": -0.45019406080246
      },
      {
        "x": -0.48068472743034,
        "y": 0.5,
        "z": -0.21479052305222
      },
      {
        "x": -0.48068472743034,
        "y": 0.5,
        "z": -0.45019406080246
      },
      {
        "x": 0.5,
        "y": 0.5,
        "z": -0.50000005960464
      },
      {
        "x": 0.22117274999619,
        "y": 0.5,
        "z": -0.45019406080246
      },
      {
        "x": 0.22117274999619,
        "y": 0.5,
        "z": -0.45019406080246
      },
      {
        "x": 0.5,
        "y": 0.5,
        "z": -0.50000005960464
      },
      {
        "x": 0.32874351739883,
        "y": 0.5,
        "z": -0.45019406080246
      },
      {
        "x": 0.5,
        "y": -0.5,
        "z": 0.50000005960464
      },
      {
        "x": 0.5,
        "y": -0.5,
        "z": -0.50000005960464
      },
      {
        "x": -0.5,
        "y": -0.5,
        "z": -0.50000005960464
      },
      {
        "x": -0.5,
        "y": -0.5,
        "z": -0.50000005960464
      },
      {
        "x": -0.5,
        "y": -0.5,
        "z": 0.50000005960464
      },
      {
        "x": 0.5,
        "y": -0.5,
        "z": 0.50000005960464
      },
      {
        "x": 0.46660229563713,
        "y": 0.5,
        "z": 0.22299212217331
      },
      {
        "x": 0.46660229563713,
        "y": 0.5,
        "z": 0.45839565992355
      },
      {
        "x": 0.46660229563713,
        "y": -0.31351041793823,
        "z": -0.45019406080246
      },
      {
        "x": 0.46660229563713,
        "y": -0.31351041793823,
        "z": -0.45019406080246
      },
      {
        "x": 0.46660229563713,
        "y": 0.5,
        "z": 0.45839565992355
      },
      {
        "x": 0.46660229563713,
        "y": -0.31351041793823,
        "z": 0.45839565992355
      },
      {
        "x": 0.46660229563713,
        "y": 0.5,
        "z": -0.45019406080246
      },
      {
        "x": 0.46660229563713,
        "y": 0.5,
        "z": 0.22299212217331
      },
      {
        "x": 0.46660229563713,
        "y": -0.31351041793823,
        "z": -0.45019406080246
      },
      {
        "x": 0.46660229563713,
        "y": -0.31351041793823,
        "z": 0.45839565992355
      },
      {
        "x": -0.45839565992355,
        "y": 0.5,
        "z": 0.45839565992355
      },
      {
        "x": -0.48068472743034,
        "y": -0.31351041793823,
        "z": 0.45839565992355
      },
      {
        "x": -0.45839565992355,
        "y": 0.5,
        "z": 0.45839565992355
      },
      {
        "x": -0.48068472743034,
        "y": 0.5,
        "z": 0.45839565992355
      },
      {
        "x": -0.48068472743034,
        "y": -0.31351041793823,
        "z": 0.45839565992355
      },
      {
        "x": -0.2352551817894,
        "y": 0.5,
        "z": 0.45839565992355
      },
      {
        "x": -0.45839565992355,
        "y": 0.5,
        "z": 0.45839565992355
      },
      {
        "x": 0.46660229563713,
        "y": -0.31351041793823,
        "z": 0.45839565992355
      },
      {
        "x": 0.46660229563713,
        "y": 0.5,
        "z": 0.45839565992355
      },
      {
        "x": -0.2352551817894,
        "y": 0.5,
        "z": 0.45839565992355
      },
      {
        "x": 0.46660229563713,
        "y": -0.31351041793823,
        "z": 0.45839565992355
      },
      {
        "x": -0.48068472743034,
        "y": 0.5,
        "z": -0.21479052305222
      },
      {
        "x": -0.48068472743034,
        "y": 0.5,
        "z": -0.45019406080246
      },
      {
        "x": -0.48068472743034,
        "y": -0.31351041793823,
        "z": 0.45839565992355
      },
      {
        "x": -0.48068472743034,
        "y": -0.31351041793823,
        "z": 0.45839565992355
      },
      {
        "x": -0.48068472743034,
        "y": 0.5,
        "z": -0.45019406080246
      },
      {
        "x": -0.48068472743034,
        "y": -0.31351041793823,
        "z": -0.45019406080246
      },
      {
        "x": -0.48068472743034,
        "y": 0.5,
        "z": 0.45839565992355
      },
      {
        "x": -0.48068472743034,
        "y": 0.5,
        "z": -0.21479052305222
      },
      {
        "x": -0.48068472743034,
        "y": -0.31351041793823,
        "z": 0.45839565992355
      },
      {
        "x": -0.48068472743034,
        "y": -0.31351041793823,
        "z": -0.45019406080246
      },
      {
        "x": 0.45019400119781,
        "y": 0.5,
        "z": -0.45019406080246
      },
      {
        "x": 0.46660229563713,
        "y": -0.31351041793823,
        "z": -0.45019406080246
      },
      {
        "x": 0.45019400119781,
        "y": 0.5,
        "z": -0.45019406080246
      },
      {
        "x": 0.46660229563713,
        "y": 0.5,
        "z": -0.45019406080246
      },
      {
        "x": 0.46660229563713,
        "y": -0.31351041793823,
        "z": -0.45019406080246
      },
      {
        "x": 0.22117274999619,
        "y": 0.5,
        "z": -0.45019406080246
      },
      {
        "x": 0.45019400119781,
        "y": 0.5,
        "z": -0.45019406080246
      },
      {
        "x": -0.48068472743034,
        "y": -0.31351041793823,
        "z": -0.45019406080246
      },
      {
        "x": -0.48068472743034,
        "y": 0.5,
        "z": -0.45019406080246
      },
      {
        "x": 0.22117274999619,
        "y": 0.5,
        "z": -0.45019406080246
      },
      {
        "x": -0.48068472743034,
        "y": -0.31351041793823,
        "z": -0.45019406080246
      },
      {
        "x": 0.46660229563713,
        "y": -0.31351041793823,
        "z": 0.45839565992355
      },
      {
        "x": -0.48068472743034,
        "y": -0.31351041793823,
        "z": -0.45019406080246
      },
      {
        "x": 0.46660229563713,
        "y": -0.31351041793823,
        "z": -0.45019406080246
      },
      {
        "x": -0.48068472743034,
        "y": -0.31351041793823,
        "z": -0.45019406080246
      },
      {
        "x": 0.46660229563713,
        "y": -0.31351041793823,
        "z": 0.45839565992355
      },
      {
        "x": -0.48068472743034,
        "y": -0.31351041793823,
        "z": 0.45839565992355
      }
    ]
  }
}