{
  "additionalData": {
    "local_transform": [
      "1 0 0 0 1 0 0 0 1 0 0 0",
      "0.707107 0 1.0159 0 1.23317 0 -0.70711 0 1.0159 0.359741 0.0697021 -0.347329"
    ],
    "tillBaseScale": {
      "x": 4.9999990463257,
      "y": 0.41599795222282,
      "z": 4.999979019165
    }
  },
  "basicShapesData": [
    {
      "class": "Part",
      "properties": {
        "angleVelocity": "x:0 y:0 z:0",
        "batchType": "Static",
        "bloom": "false",
        "booleanOperation": "0",
        "cameraCollideEnable": "true",
        "collisionFidelity": "0",
        "collisionGroup": "1",
        "collisionUniqueKey": "",
        "customColor": "r:1 g:1 b:1 a:1",
        "customThreshold": "1",
        "density": "2.2",
        "friction": "0.37",
        "id": "8790406823321681921",
        "individual": "false",
        "isLockedInEditor": "false",
        "isSelectInEditor": "false",
        "isVisibleInEditor": "true",
        "lineVelocity": "x:0 y:0 z:0",
        "materialAlpha": "1",
        "materialColor": "r:1 g:1 b:1 a:1",
        "materialOffset": "x:1 y:1 z:1",
        "materialTexture": "part_suliao.tga",
        "name": "Part",
        "needSync": "true",
        "networkOwner": "0",
        "originSize": "x:1 y:1 z:1",
        "partNavMeshType": "1",
        "position": "x:-51.8138 y:121.258 z:-51.32",
        "restitution": "0.3",
        "rotation": "x:-0 y:0 z:0",
        "scale": "x:5 y:0.415998 z:4.99998",
        "selectable": "true",
        "shape": "1",
        "sides": "24",
        "sideStack": "5",
        "sphereDivision": "3",
        "staticBatchNo": "",
        "staticObject": "false",
        "templateInstanceId": "8790406823321681921",
        "unionLastBox": "false",
        "useAnchor": "false",
        "useCollide": "true",
        "useGravity": "true"
      }
    },
    {
      "class": "Part",
      "properties": {
        "angleVelocity": "x:0 y:0 z:0",
        "batchType": "Static",
        "bloom": "false",
        "booleanOperation": "2",
        "cameraCollideEnable": "true",
        "collisionFidelity": "0",
        "collisionGroup": "1",
        "collisionUniqueKey": "",
        "customColor": "r:1 g:1 b:1 a:1",
        "customThreshold": "1",
        "density": "2.2",
        "friction": "0.37",
        "id": "8790406823334166529",
        "individual": "false",
        "isLockedInEditor": "false",
        "isSelectInEditor": "false",
        "isVisibleInEditor": "true",
        "lineVelocity": "x:0 y:0 z:0",
        "materialAlpha": "1",
        "materialColor": "r:1 g:1 b:1 a:1",
        "materialOffset": "x:1 y:1 z:1",
        "materialTexture": "part_suliao.tga",
        "name": "Part",
        "needSync": "true",
        "networkOwner": "0",
        "originSize": "x:1 y:1 z:1",
        "partNavMeshType": "1",
        "position": "x:-50.0151 y:121.286 z:-53.0567",
        "restitution": "0.3",
        "rotation": "x:-0 y:45 z:0",
        "scale": "x:5 y:0.512996 z:7.18349",
        "selectable": "true",
        "shape": "1",
        "sides": "24",
        "sideStack": "5",
        "sphereDivision": "3",
        "staticBatchNo": "",
        "staticObject": "false",
        "templateInstanceId": "8790406823334166529",
        "unionLastBox": "false",
        "useAnchor": "false",
        "useCollide": "true",
        "useGravity": "true"
      }
    }
  ],
  "brushData": {
    "colors": [
      0,
      0,
      0,
      0,
      0,
      0,
      0,
      0,
      0,
      0,
      0,
      0,
      0,
      0,
      0,
      0
    ],
    "lightmapUVs": [
      {
        "x": 0.0,
        "y": 0.0
      },
      {
        "x": 0.0,
        "y": 0.0
      },
      {
        "x": 0.0,
        "y": 0.0
      },
      {
        "x": 0.0,
        "y": 0.0
      },
      {
        "x": 0.0,
        "y": 0.0
      },
      {
        "x": 0.0,
        "y": 0.0
      },
      {
        "x": 0.0,
        "y": 0.0
      },
      {
        "x": 0.0,
        "y": 0.0
      },
      {
        "x": 0.0,
        "y": 0.0
      },
      {
        "x": 0.0,
        "y": 0.0
      },
      {
        "x": 0.0,
        "y": 0.0
      },
      {
        "x": 0.0,
        "y": 0.0
      },
      {
        "x": 0.0,
        "y": 0.0
      },
      {
        "x": 0.0,
        "y": 0.0
      },
      {
        "x": 0.0,
        "y": 0.0
      },
      {
        "x": 0.0,
        "y": 0.0
      },
      {
        "x": 0.0,
        "y": 0.0
      },
      {
        "x": 0.0,
        "y": 0.0
      },
      {
        "x": 0.0,
        "y": 0.0
      },
      {
        "x": 0.0,
        "y": 0.0
      },
      {
        "x": 0.0,
        "y": 0.0
      },
      {
        "x": 0.0,
        "y": 0.0
      },
      {
        "x": 0.0,
        "y": 0.0
      },
      {
        "x": 0.0,
        "y": 0.0
      },
      {
        "x": 0.0,
        "y": 0.0
      },
      {
        "x": 0.0,
        "y": 0.0
      },
      {
        "x": 0.0,
        "y": 0.0
      },
      {
        "x": 0.0,
        "y": 0.0
      },
      {
        "x": 0.0,
        "y": 0.0
      },
      {
        "x": 0.0,
        "y": 0.0
      },
      {
        "x": 0.0,
        "y": 0.0
      },
      {
        "x": 0.0,
        "y": 0.0
      },
      {
        "x": 0.0,
        "y": 0.0
      },
      {
        "x": 0.0,
        "y": 0.0
      },
      {
        "x": 0.0,
        "y": 0.0
      },
      {
        "x": 0.0,
        "y": 0.0
      },
      {
        "x": 0.0,
        "y": 0.0
      },
      {
        "x": 0.0,
        "y": 0.0
      },
      {
        "x": 0.0,
        "y": 0.0
      },
      {
        "x": 0.0,
        "y": 0.0
      },
      {
        "x": 0.0,
        "y": 0.0
      },
      {
        "x": 0.0,
        "y": 0.0
      },
      {
        "x": 0.0,
        "y": 0.0
      },
      {
        "x": 0.0,
        "y": 0.0
      },
      {
        "x": 0.0,
        "y": 0.0
      },
      {
        "x": 0.0,
        "y": 0.0
      },
      {
        "x": 0.0,
        "y": 0.0
      },
      {
        "x": 0.0,
        "y": 0.0
      }
    ],
    "uv2s": [
      {
        "x": 1.0,
        "y": 1.0
      },
      {
        "x": 0.0,
        "y": 1.0
      },
      {
        "x": 0.0,
        "y": 0.0
      },
      {
        "x": 0.0,
        "y": 0.0
      },
      {
        "x": 1.0,
        "y": 0.0
      },
      {
        "x": 1.0,
        "y": 1.0
      },
      {
        "x": 1.0,
        "y": 1.0
      },
      {
        "x": 0.0,
        "y": 1.0
      },
      {
        "x": 0.0,
        "y": 0.0
      },
      {
        "x": 0.0,
        "y": 0.0
      },
      {
        "x": 1.0,
        "y": 0.0
      },
      {
        "x": 1.0,
        "y": 1.0
      },
      {
        "x": 0.0,
        "y": 1.0
      },
      {
        "x": 0.0,
        "y": 0.0
      },
      {
        "x": 0.49998104572296,
        "y": 0.49998104572296
      },
      {
        "x": 0.0,
        "y": 0.0
      },
      {
        "x": 1.0,
        "y": 0.0
      },
      {
        "x": 0.84825992584229,
        "y": 0.15170359611511
      },
      {
        "x": 0.49998104572296,
        "y": 0.49998104572296
      },
      {
        "x": 0.0,
        "y": 0.0
      },
      {
        "x": 0.84825992584229,
        "y": 0.15170359611511
      },
      {
        "x": 0.024445235729218,
        "y": 0.024485051631927
      },
      {
        "x": 1.0,
        "y": 1.0
      },
      {
        "x": 0.0,
        "y": 1.0
      },
      {
        "x": 0.0,
        "y": 1.0
      },
      {
        "x": 0.0,
        "y": 0.0
      },
      {
        "x": 0.024445235729218,
        "y": 0.024485051631927
      },
      {
        "x": 0.031240582466125,
        "y": 1.0
      },
      {
        "x": 0.024445235729218,
        "y": 1.0
      },
      {
        "x": 1.0,
        "y": 0.0
      },
      {
        "x": 1.0,
        "y": 0.0
      },
      {
        "x": 0.024445176124573,
        "y": 1.0
      },
      {
        "x": 0.84825992584229,
        "y": 0.0
      },
      {
        "x": 1.0,
        "y": 1.0
      },
      {
        "x": 0.031240582466125,
        "y": 1.0
      },
      {
        "x": 1.0,
        "y": 0.0
      },
      {
        "x": 0.84442114830017,
        "y": 0.0
      },
      {
        "x": 0.84825992584229,
        "y": 0.0
      },
      {
        "x": 0.0,
        "y": 1.0
      },
      {
        "x": 0.024485051631927,
        "y": 1.0
      },
      {
        "x": 0.0,
        "y": 1.0
      },
      {
        "x": 0.84829640388489,
        "y": 0.0
      },
      {
        "x": 0.49998104572296,
        "y": 0.0
      },
      {
        "x": 0.84442114830017,
        "y": 0.0
      },
      {
        "x": 0.0,
        "y": 1.0
      },
      {
        "x": 0.0,
        "y": 0.0
      },
      {
        "x": 0.50001895427704,
        "y": 0.0
      },
      {
        "x": 0.0,
        "y": 1.0
      }
    ],
    "uv3s": [
      {
        "x": 4.9999995231628,
        "y": 0.41599798202515
      },
      {
        "x": 0.0,
        "y": 0.41599798202515
      },
      {
        "x": 0.0,
        "y": 0.0
      },
      {
        "x": 0.0,
        "y": 0.0
      },
      {
        "x": 4.9999995231628,
        "y": 0.0
      },
      {
        "x": 4.9999995231628,
        "y": 0.41599798202515
      },
      {
        "x": 4.9999794960022,
        "y": 0.41599798202515
      },
      {
        "x": 0.0,
        "y": 0.41599798202515
      },
      {
        "x": 0.0,
        "y": 0.0
      },
      {
        "x": 0.0,
        "y": 0.0
      },
      {
        "x": 4.9999794960022,
        "y": 0.0
      },
      {
        "x": 4.9999794960022,
        "y": 0.41599798202515
      },
      {
        "x": 0.0,
        "y": 4.9999995231628
      },
      {
        "x": 0.0,
        "y": 0.0
      },
      {
        "x": 2.4998948574066,
        "y": 2.4999048709869
      },
      {
        "x": 0.0,
        "y": 0.0
      },
      {
        "x": 4.9999794960022,
        "y": 0.0
      },
      {
        "x": 4.2412824630737,
        "y": 0.75851792097092
      },
      {
        "x": 2.4998950958252,
        "y": 2.4999051094055
      },
      {
        "x": 0.0,
        "y": 0.0
      },
      {
        "x": 4.2412824630737,
        "y": 0.75851792097092
      },
      {
        "x": 4.8776540756226,
        "y": 4.877673625946
      },
      {
        "x": 0.0,
        "y": 0.0
      },
      {
        "x": 4.9999794960022,
        "y": 0.0
      },
      {
        "x": 4.9999794960022,
        "y": 0.0
      },
      {
        "x": 4.9999794960022,
        "y": 4.9999995231628
      },
      {
        "x": 4.8776540756226,
        "y": 4.877673625946
      },
      {
        "x": 0.95529317855835,
        "y": 0.96198213100433
      },
      {
        "x": 0.96198213100433,
        "y": 0.96198213100433
      },
      {
        "x": 0.0017340173944831,
        "y": 0.15109261870384
      },
      {
        "x": 0.0017340173944831,
        "y": 0.15109261870384
      },
      {
        "x": 0.96198213100433,
        "y": 0.96198213100433
      },
      {
        "x": 0.1510634124279,
        "y": 0.1510634124279
      },
      {
        "x": 0.0017340742051601,
        "y": 0.96198207139969
      },
      {
        "x": 0.95529317855835,
        "y": 0.96198213100433
      },
      {
        "x": 0.0017340173944831,
        "y": 0.15109261870384
      },
      {
        "x": 0.15484213829041,
        "y": 0.15106348693371
      },
      {
        "x": 0.15106350183487,
        "y": 0.15106350183487
      },
      {
        "x": 0.9860445857048,
        "y": 0.96198189258575
      },
      {
        "x": 0.96198207139969,
        "y": 0.96198207139969
      },
      {
        "x": 0.9860445857048,
        "y": 0.96198189258575
      },
      {
        "x": 0.15106350183487,
        "y": 0.15106350183487
      },
      {
        "x": 0.49389025568962,
        "y": 0.15106345713139
      },
      {
        "x": 0.15484213829041,
        "y": 0.15106348693371
      },
      {
        "x": 0.9860445857048,
        "y": 0.96198189258575
      },
      {
        "x": 0.9860445857048,
        "y": 0.15106338262558
      },
      {
        "x": 0.49389025568962,
        "y": 0.15106345713139
      },
      {
        "x": 0.9860445857048,
        "y": 0.96198189258575
      }
    ],
    "uvs": [
      {
        "x": 1.0,
        "y": 1.0
      },
      {
        "x": 0.0,
        "y": 1.0
      },
      {
        "x": 0.0,
        "y": 0.0
      },
      {
        "x": 0.0,
        "y": 0.0
      },
      {
        "x": 1.0,
        "y": 0.0
      },
      {
        "x": 1.0,
        "y": 1.0
      },
      {
        "x": 1.0,
        "y": 1.0
      },
      {
        "x": 0.0,
        "y": 1.0
      },
      {
        "x": 0.0,
        "y": 0.0
      },
      {
        "x": 0.0,
        "y": 0.0
      },
      {
        "x": 1.0,
        "y": 0.0
      },
      {
        "x": 1.0,
        "y": 1.0
      },
      {
        "x": 0.0,
        "y": 1.0
      },
      {
        "x": 0.0,
        "y": 0.0
      },
      {
        "x": 0.49998104572296,
        "y": 0.49998104572296
      },
      {
        "x": 0.0,
        "y": 0.0
      },
      {
        "x": 1.0,
        "y": 0.0
      },
      {
        "x": 0.84825992584229,
        "y": 0.15170359611511
      },
      {
        "x": 0.49998104572296,
        "y": 0.49998104572296
      },
      {
        "x": 0.0,
        "y": 0.0
      },
      {
        "x": 0.84825992584229,
        "y": 0.15170359611511
      },
      {
        "x": 0.024445235729218,
        "y": 0.024485051631927
      },
      {
        "x": 1.0,
        "y": 1.0
      },
      {
        "x": 0.0,
        "y": 1.0
      },
      {
        "x": 0.0,
        "y": 1.0
      },
      {
        "x": 0.0,
        "y": 0.0
      },
      {
        "x": 0.024445235729218,
        "y": 0.024485051631927
      },
      {
        "x": 0.031240582466125,
        "y": 1.0
      },
      {
        "x": 0.024445235729218,
        "y": 1.0
      },
      {
        "x": 1.0,
        "y": 0.0
      },
      {
        "x": 1.0,
        "y": 0.0
      },
      {
        "x": 0.024445176124573,
        "y": 1.0
      },
      {
        "x": 0.84825992584229,
        "y": 0.0
      },
      {
        "x": 1.0,
        "y": 1.0
      },
      {
        "x": 0.031240582466125,
        "y": 1.0
      },
      {
        "x": 1.0,
        "y": 0.0
      },
      {
        "x": 0.84442114830017,
        "y": 0.0
      },
      {
        "x": 0.84825992584229,
        "y": 0.0
      },
      {
        "x": 0.0,
        "y": 1.0
      },
      {
        "x": 0.024485051631927,
        "y": 1.0
      },
      {
        "x": 0.0,
        "y": 1.0
      },
      {
        "x": 0.84829640388489,
        "y": 0.0
      },
      {
        "x": 0.49998104572296,
        "y": 0.0
      },
      {
        "x": 0.84442114830017,
        "y": 0.0
      },
      {
        "x": 0.0,
        "y": 1.0
      },
      {
        "x": 0.0,
        "y": 0.0
      },
      {
        "x": 0.50001895427704,
        "y": 0.0
      },
      {
        "x": 0.0,
        "y": 1.0
      }
    ],
    "vertices": [
      {
        "x": 0.5,
        "y": -0.5,
        "z": 0.5
      },
      {
        "x": -0.5,
        "y": -0.5,
        "z": 0.5
      },
      {
        "x": -0.5,
        "y": 0.5,
        "z": 0.5
      },
      {
        "x": -0.5,
        "y": 0.5,
        "z": 0.5
      },
      {
        "x": 0.5,
        "y": 0.5,
        "z": 0.5
      },
      {
        "x": 0.5,
        "y": -0.5,
        "z": 0.5
      },
      {
        "x": -0.5,
        "y": -0.5,
        "z": 0.5
      },
      {
        "x": -0.5,
        "y": -0.5,
        "z": -0.5
      },
      {
        "x": -0.5,
        "y": 0.5,
        "z": -0.5
      },
      {
        "x": -0.5,
        "y": 0.5,
        "z": -0.5
      },
      {
        "x": -0.5,
        "y": 0.5,
        "z": 0.5
      },
      {
        "x": -0.5,
        "y": -0.5,
        "z": 0.5
      },
      {
        "x": 0.5,
        "y": 0.5,
        "z": 0.5
      },
      {
        "x": -0.5,
        "y": 0.5,
        "z": 0.5
      },
      {
        "x": -1.8954277038574e-05,
        "y": 0.5,
        "z": 1.8954277038574e-05
      },
      {
        "x": -0.5,
        "y": 0.5,
        "z": 0.5
      },
      {
        "x": -0.5,
        "y": 0.5,
        "z": -0.5
      },
      {
        "x": -0.34829643368721,
        "y": 0.5,
        "z": -0.34825992584229
      },
      {
        "x": -1.8954277038574e-05,
        "y": 0.5,
        "z": 1.8954277038574e-05
      },
      {
        "x": -0.5,
        "y": 0.5,
        "z": 0.5
      },
      {
        "x": -0.34829643368721,
        "y": 0.5,
        "z": -0.34825992584229
      },
      {
        "x": 0.47551494836807,
        "y": -0.5,
        "z": 0.47555476427078
      },
      {
        "x": -0.5,
        "y": -0.5,
        "z": -0.5
      },
      {
        "x": -0.5,
        "y": -0.5,
        "z": 0.5
      },
      {
        "x": -0.5,
        "y": -0.5,
        "z": 0.5
      },
      {
        "x": 0.5,
        "y": -0.5,
        "z": 0.5
      },
      {
        "x": 0.47551494836807,
        "y": -0.5,
        "z": 0.47555476427078
      },
      {
        "x": 0.46871966123581,
        "y": -0.5,
        "z": 0.46875941753387
      },
      {
        "x": 0.47551494836807,
        "y": -0.5,
        "z": 0.47555476427078
      },
      {
        "x": -0.5,
        "y": 0.5,
        "z": -0.5
      },
      {
        "x": -0.5,
        "y": 0.5,
        "z": -0.5
      },
      {
        "x": 0.47551494836807,
        "y": -0.5,
        "z": 0.47555476427078
      },
      {
        "x": -0.34829643368721,
        "y": 0.5,
        "z": -0.34825992584229
      },
      {
        "x": -0.5,
        "y": -0.5,
        "z": -0.5
      },
      {
        "x": 0.46871966123581,
        "y": -0.5,
        "z": 0.46875941753387
      },
      {
        "x": -0.5,
        "y": 0.5,
        "z": -0.5
      },
      {
        "x": -0.34445762634277,
        "y": 0.5,
        "z": -0.34442111849785
      },
      {
        "x": -0.34829643368721,
        "y": 0.5,
        "z": -0.34825992584229
      },
      {
        "x": 0.5,
        "y": -0.5,
        "z": 0.5
      },
      {
        "x": 0.47551494836807,
        "y": -0.5,
        "z": 0.47555476427078
      },
      {
        "x": 0.5,
        "y": -0.5,
        "z": 0.5
      },
      {
        "x": -0.34829643368721,
        "y": 0.5,
        "z": -0.34825992584229
      },
      {
        "x": -1.8954277038574e-05,
        "y": 0.5,
        "z": 1.8954277038574e-05
      },
      {
        "x": -0.34445762634277,
        "y": 0.5,
        "z": -0.34442111849785
      },
      {
        "x": 0.5,
        "y": -0.5,
        "z": 0.5
      },
      {
        "x": 0.5,
        "y": 0.5,
        "z": 0.5
      },
      {
        "x": -1.8954277038574e-05,
        "y": 0.5,
        "z": 1.8954277038574e-05
      },
      {
        "x": 0.5,
        "y": -0.5,
        "z": 0.5
      }
    ]
  }
}