{
  "additionalData": {
    "local_transform": [
      "1 0 0 0 1 0 0 0 1 0 0 -1.97589e-05",
      "0.707109 0 1.0159 0 0.968618 0 -0.707111 0 1.0159 0.359742 0.0965118 -0.347351"
    ],
    "tillBaseScale": {
      "x": 4.3249888420105,
      "y": 0.76783585548401,
      "z": 4.3249688148499
    }
  },
  "basicShapesData": [
    {
      "class": "Part",
      "properties": {
        "angleVelocity": "x:0 y:0 z:0",
        "batchType": "Static",
        "bloom": "false",
        "booleanOperation": "0",
        "cameraCollideEnable": "true",
        "collisionFidelity": "0",
        "collisionGroup": "1",
        "collisionUniqueKey": "",
        "customColor": "r:1 g:1 b:1 a:1",
        "customThreshold": "1",
        "density": "2.2",
        "friction": "0.37",
        "id": "8790406823377305601",
        "individual": "false",
        "isLockedInEditor": "false",
        "isSelectInEditor": "false",
        "isVisibleInEditor": "true",
        "lineVelocity": "x:0 y:0 z:0",
        "materialAlpha": "1",
        "materialColor": "r:1 g:1 b:1 a:1",
        "materialOffset": "x:1 y:1 z:1",
        "materialTexture": "part_suliao.tga",
        "name": "Part",
        "needSync": "true",
        "networkOwner": "0",
        "originSize": "x:1 y:1 z:1",
        "partNavMeshType": "1",
        "position": "x:-51.5728 y:121.26 z:-51.32",
        "restitution": "0.3",
        "rotation": "x:-0 y:0 z:0",
        "scale": "x:4.32499 y:0.767836 z:4.32497",
        "selectable": "true",
        "shape": "1",
        "sides": "24",
        "sideStack": "5",
        "sphereDivision": "3",
        "staticBatchNo": "",
        "staticObject": "false",
        "templateInstanceId": "8790406823377305601",
        "unionLastBox": "false",
        "useAnchor": "false",
        "useCollide": "true",
        "useGravity": "true"
      }
    },
    {
      "class": "Part",
      "properties": {
        "angleVelocity": "x:0 y:0 z:0",
        "batchType": "Static",
        "bloom": "false",
        "booleanOperation": "2",
        "cameraCollideEnable": "true",
        "collisionFidelity": "0",
        "collisionGroup": "1",
        "collisionUniqueKey": "",
        "customColor": "r:1 g:1 b:1 a:1",
        "customThreshold": "1",
        "density": "2.2",
        "friction": "0.37",
        "id": "8790406823387119617",
        "individual": "false",
        "isLockedInEditor": "false",
        "isSelectInEditor": "false",
        "isVisibleInEditor": "true",
        "lineVelocity": "x:0 y:0 z:0",
        "materialAlpha": "1",
        "materialColor": "r:1 g:1 b:1 a:1",
        "materialOffset": "x:1 y:1 z:1",
        "materialTexture": "part_suliao.tga",
        "name": "Part",
        "needSync": "true",
        "networkOwner": "0",
        "originSize": "x:1 y:1 z:1",
        "partNavMeshType": "1",
        "position": "x:-50.0169 y:121.335 z:-52.8222",
        "restitution": "0.3",
        "rotation": "x:-0 y:45 z:0",
        "scale": "x:4.325 y:0.74374 z:6.2137",
        "selectable": "true",
        "shape": "1",
        "sides": "24",
        "sideStack": "5",
        "sphereDivision": "3",
        "staticBatchNo": "",
        "staticObject": "false",
        "templateInstanceId": "8790406823387119617",
        "unionLastBox": "false",
        "useAnchor": "false",
        "useCollide": "true",
        "useGravity": "true"
      }
    }
  ],
  "brushData": {
    "colors": [
      0,
      0,
      0,
      0,
      0,
      0,
      0,
      0,
      0,
      0,
      0,
      0,
      0,
      0,
      0,
      0,
      0,
      0,
      0,
      0,
      0,
      0,
      0,
      0,
      0,
      0,
      0,
      0,
      0,
      0,
      0,
      0,
      0
    ],
    "lightmapUVs": [
      {
        "x": 0.0,
        "y": 0.0
      },
      {
        "x": 0.0,
        "y": 0.0
      },
      {
        "x": 0.0,
        "y": 0.0
      },
      {
        "x": 0.0,
        "y": 0.0
      },
      {
        "x": 0.0,
        "y": 0.0
      },
      {
        "x": 0.0,
        "y": 0.0
      },
      {
        "x": 0.0,
        "y": 0.0
      },
      {
        "x": 0.0,
        "y": 0.0
      },
      {
        "x": 0.0,
        "y": 0.0
      },
      {
        "x": 0.0,
        "y": 0.0
      },
      {
        "x": 0.0,
        "y": 0.0
      },
      {
        "x": 0.0,
        "y": 0.0
      },
      {
        "x": 0.0,
        "y": 0.0
      },
      {
        "x": 0.0,
        "y": 0.0
      },
      {
        "x": 0.0,
        "y": 0.0
      },
      {
        "x": 0.0,
        "y": 0.0
      },
      {
        "x": 0.0,
        "y": 0.0
      },
      {
        "x": 0.0,
        "y": 0.0
      },
      {
        "x": 0.0,
        "y": 0.0
      },
      {
        "x": 0.0,
        "y": 0.0
      },
      {
        "x": 0.0,
        "y": 0.0
      },
      {
        "x": 0.0,
        "y": 0.0
      },
      {
        "x": 0.0,
        "y": 0.0
      },
      {
        "x": 0.0,
        "y": 0.0
      },
      {
        "x": 0.0,
        "y": 0.0
      },
      {
        "x": 0.0,
        "y": 0.0
      },
      {
        "x": 0.0,
        "y": 0.0
      },
      {
        "x": 0.0,
        "y": 0.0
      },
      {
        "x": 0.0,
        "y": 0.0
      },
      {
        "x": 0.0,
        "y": 0.0
      },
      {
        "x": 0.0,
        "y": 0.0
      },
      {
        "x": 0.0,
        "y": 0.0
      },
      {
        "x": 0.0,
        "y": 0.0
      },
      {
        "x": 0.0,
        "y": 0.0
      },
      {
        "x": 0.0,
        "y": 0.0
      },
      {
        "x": 0.0,
        "y": 0.0
      },
      {
        "x": 0.0,
        "y": 0.0
      },
      {
        "x": 0.0,
        "y": 0.0
      },
      {
        "x": 0.0,
        "y": 0.0
      },
      {
        "x": 0.0,
        "y": 0.0
      },
      {
        "x": 0.0,
        "y": 0.0
      },
      {
        "x": 0.0,
        "y": 0.0
      },
      {
        "x": 0.0,
        "y": 0.0
      },
      {
        "x": 0.0,
        "y": 0.0
      },
      {
        "x": 0.0,
        "y": 0.0
      },
      {
        "x": 0.0,
        "y": 0.0
      },
      {
        "x": 0.0,
        "y": 0.0
      },
      {
        "x": 0.0,
        "y": 0.0
      },
      {
        "x": 0.0,
        "y": 0.0
      },
      {
        "x": 0.0,
        "y": 0.0
      },
      {
        "x": 0.0,
        "y": 0.0
      },
      {
        "x": 0.0,
        "y": 0.0
      },
      {
        "x": 0.0,
        "y": 0.0
      },
      {
        "x": 0.0,
        "y": 0.0
      },
      {
        "x": 0.0,
        "y": 0.0
      },
      {
        "x": 0.0,
        "y": 0.0
      },
      {
        "x": 0.0,
        "y": 0.0
      },
      {
        "x": 0.0,
        "y": 0.0
      },
      {
        "x": 0.0,
        "y": 0.0
      },
      {
        "x": 0.0,
        "y": 0.0
      },
      {
        "x": 0.0,
        "y": 0.0
      },
      {
        "x": 0.0,
        "y": 0.0
      },
      {
        "x": 0.0,
        "y": 0.0
      },
      {
        "x": 0.0,
        "y": 0.0
      },
      {
        "x": 0.0,
        "y": 0.0
      },
      {
        "x": 0.0,
        "y": 0.0
      },
      {
        "x": 0.0,
        "y": 0.0
      },
      {
        "x": 0.0,
        "y": 0.0
      },
      {
        "x": 0.0,
        "y": 0.0
      },
      {
        "x": 0.0,
        "y": 0.0
      },
      {
        "x": 0.0,
        "y": 0.0
      },
      {
        "x": 0.0,
        "y": 0.0
      },
      {
        "x": 0.0,
        "y": 0.0
      },
      {
        "x": 0.0,
        "y": 0.0
      },
      {
        "x": 0.0,
        "y": 0.0
      },
      {
        "x": 0.0,
        "y": 0.0
      },
      {
        "x": 0.0,
        "y": 0.0
      },
      {
        "x": 0.0,
        "y": 0.0
      },
      {
        "x": 0.0,
        "y": 0.0
      },
      {
        "x": 0.0,
        "y": 0.0
      },
      {
        "x": 0.0,
        "y": 0.0
      },
      {
        "x": 0.0,
        "y": 0.0
      },
      {
        "x": 0.0,
        "y": 0.0
      },
      {
        "x": 0.0,
        "y": 0.0
      },
      {
        "x": 0.0,
        "y": 0.0
      },
      {
        "x": 0.0,
        "y": 0.0
      },
      {
        "x": 0.0,
        "y": 0.0
      },
      {
        "x": 0.0,
        "y": 0.0
      },
      {
        "x": 0.0,
        "y": 0.0
      },
      {
        "x": 0.0,
        "y": 0.0
      },
      {
        "x": 0.0,
        "y": 0.0
      },
      {
        "x": 0.0,
        "y": 0.0
      },
      {
        "x": 0.0,
        "y": 0.0
      },
      {
        "x": 0.0,
        "y": 0.0
      },
      {
        "x": 0.0,
        "y": 0.0
      },
      {
        "x": 0.0,
        "y": 0.0
      },
      {
        "x": 0.0,
        "y": 0.0
      },
      {
        "x": 0.0,
        "y": 0.0
      },
      {
        "x": 0.0,
        "y": 0.0
      }
    ],
    "uv2s": [
      {
        "x": 1.0000395774841,
        "y": 0.99999994039536
      },
      {
        "x": 3.969669342041e-05,
        "y": 0.99999994039536
      },
      {
        "x": 0.82223415374756,
        "y": 0.88779723644257
      },
      {
        "x": 0.82223415374756,
        "y": 0.88779723644257
      },
      {
        "x": 3.969669342041e-05,
        "y": 0.99999994039536
      },
      {
        "x": 0.0,
        "y": 0.88779723644257
      },
      {
        "x": 0.88783693313599,
        "y": 0.88779723644257
      },
      {
        "x": 1.0000395774841,
        "y": 0.99999994039536
      },
      {
        "x": 0.82223415374756,
        "y": 0.88779723644257
      },
      {
        "x": 1.0000395774841,
        "y": 0.88779723644257
      },
      {
        "x": 1.0000395774841,
        "y": 0.99999994039536
      },
      {
        "x": 0.88783693313599,
        "y": 0.88779723644257
      },
      {
        "x": 0.99999994039536,
        "y": 0.99999994039536
      },
      {
        "x": 0.0,
        "y": 0.99999994039536
      },
      {
        "x": 0.0,
        "y": 0.0
      },
      {
        "x": 0.99999994039536,
        "y": 0.88779723644257
      },
      {
        "x": 0.99999994039536,
        "y": 0.99999994039536
      },
      {
        "x": 0.0,
        "y": 0.0
      },
      {
        "x": 0.99996018409729,
        "y": 0.87428057193756
      },
      {
        "x": 0.99999994039536,
        "y": 0.88779723644257
      },
      {
        "x": 0.0,
        "y": 0.0
      },
      {
        "x": 0.0,
        "y": 0.0
      },
      {
        "x": 0.99999994039536,
        "y": 0.0
      },
      {
        "x": 0.99996018409729,
        "y": 0.87428057193756
      },
      {
        "x": 3.4332275390625e-05,
        "y": 0.88779723644257
      },
      {
        "x": 2.3841857910156e-07,
        "y": 0.0
      },
      {
        "x": 1.0000001192093,
        "y": 0.99999994039536
      },
      {
        "x": 1.0000001192093,
        "y": 0.99999994039536
      },
      {
        "x": 2.3841857910156e-07,
        "y": 0.99999994039536
      },
      {
        "x": 3.4332275390625e-05,
        "y": 0.88779723644257
      },
      {
        "x": 2.3841857910156e-07,
        "y": 0.0
      },
      {
        "x": 1.0000001192093,
        "y": 0.0
      },
      {
        "x": 1.0000001192093,
        "y": 0.99999994039536
      },
      {
        "x": 0.88779729604721,
        "y": 0.88779723644257
      },
      {
        "x": 0.99999994039536,
        "y": 0.99999994039536
      },
      {
        "x": 0.0,
        "y": 0.88779723644257
      },
      {
        "x": 0.99999994039536,
        "y": 0.99999994039536
      },
      {
        "x": 0.0,
        "y": 0.99999994039536
      },
      {
        "x": 0.0,
        "y": 0.88779723644257
      },
      {
        "x": 0.99999994039536,
        "y": 0.88779723644257
      },
      {
        "x": 0.99999994039536,
        "y": 0.99999994039536
      },
      {
        "x": 0.99212449789047,
        "y": 0.88779723644257
      },
      {
        "x": 0.99212449789047,
        "y": 0.88779723644257
      },
      {
        "x": 0.99999994039536,
        "y": 0.99999994039536
      },
      {
        "x": 0.88779729604721,
        "y": 0.88779723644257
      },
      {
        "x": 3.969669342041e-05,
        "y": 0.99999994039536
      },
      {
        "x": 3.969669342041e-05,
        "y": 0.0
      },
      {
        "x": 0.50002121925354,
        "y": 0.49998146295547
      },
      {
        "x": 3.969669342041e-05,
        "y": 0.0
      },
      {
        "x": 1.0000395774841,
        "y": 0.0
      },
      {
        "x": 0.9170001745224,
        "y": 0.083004772663116
      },
      {
        "x": 0.50002121925354,
        "y": 0.49998146295547
      },
      {
        "x": 3.969669342041e-05,
        "y": 0.0
      },
      {
        "x": 0.9170001745224,
        "y": 0.083004772663116
      },
      {
        "x": 3.969669342041e-05,
        "y": 0.0
      },
      {
        "x": 1.0000395774841,
        "y": 0.0
      },
      {
        "x": 1.0000395774841,
        "y": 0.99999994039536
      },
      {
        "x": 1.0000395774841,
        "y": 0.99999994039536
      },
      {
        "x": 3.969669342041e-05,
        "y": 0.99999994039536
      },
      {
        "x": 3.969669342041e-05,
        "y": 0.0
      },
      {
        "x": 0.91699516773224,
        "y": 0.0
      },
      {
        "x": 0.91817808151245,
        "y": 5.9604644775391e-08
      },
      {
        "x": 3.9756298065186e-05,
        "y": 0.87428057193756
      },
      {
        "x": 3.969669342041e-05,
        "y": 0.87428057193756
      },
      {
        "x": 0.91818302869797,
        "y": 5.9604644775391e-08
      },
      {
        "x": 0.0,
        "y": 0.88779723644257
      },
      {
        "x": 1.0000395774841,
        "y": 0.0
      },
      {
        "x": 1.0000054836273,
        "y": 0.88779723644257
      },
      {
        "x": 0.0,
        "y": 0.88779723644257
      },
      {
        "x": 0.91818308830261,
        "y": 5.9604644775391e-08
      },
      {
        "x": 1.0000395774841,
        "y": 0.0
      },
      {
        "x": 0.0,
        "y": 0.88779723644257
      },
      {
        "x": 0.50002121925354,
        "y": 0.0
      },
      {
        "x": 0.91700023412704,
        "y": 0.0
      },
      {
        "x": 3.9815902709961e-05,
        "y": 0.87428057193756
      },
      {
        "x": 0.0,
        "y": 0.0
      },
      {
        "x": 0.50001847743988,
        "y": 0.0
      },
      {
        "x": 3.9756298065186e-05,
        "y": 0.87428057193756
      },
      {
        "x": 1.0000395774841,
        "y": 0.0078754425048828
      },
      {
        "x": 1.0000398159027,
        "y": 0.01342386007309
      },
      {
        "x": 0.82223415374756,
        "y": 0.99999994039536
      },
      {
        "x": 0.82223415374756,
        "y": 0.99999994039536
      },
      {
        "x": 1.0000398159027,
        "y": 0.01342386007309
      },
      {
        "x": 0.88783693313599,
        "y": 0.99999994039536
      },
      {
        "x": 1.0000396966934,
        "y": 0.95973312854767
      },
      {
        "x": 1.0000395774841,
        "y": 0.99999994039536
      },
      {
        "x": 0.88783693313599,
        "y": 0.99999994039536
      },
      {
        "x": 1.0000398159027,
        "y": 0.01342386007309
      },
      {
        "x": 1.0000395774841,
        "y": 0.11220264434814
      },
      {
        "x": 0.88783693313599,
        "y": 0.99999994039536
      },
      {
        "x": 1.0000395774841,
        "y": 0.11220264434814
      },
      {
        "x": 1.0000396966934,
        "y": 0.95973312854767
      },
      {
        "x": 0.88783693313599,
        "y": 0.99999994039536
      },
      {
        "x": 1.0000054836273,
        "y": 0.0
      },
      {
        "x": 0.82223415374756,
        "y": 0.99999994039536
      },
      {
        "x": 0.0,
        "y": 0.99999994039536
      },
      {
        "x": 1.0000054836273,
        "y": 0.0
      },
      {
        "x": 1.0000395774841,
        "y": 0.0078754425048828
      },
      {
        "x": 0.82223415374756,
        "y": 0.99999994039536
      }
    ],
    "uv3s": [
      {
        "x": 4.3249688148499,
        "y": 0.76783585548401
      },
      {
        "x": 0.0,
        "y": 0.76783585548401
      },
      {
        "x": 3.555965423584,
        "y": 0.68168258666992
      },
      {
        "x": 3.555965423584,
        "y": 0.68168258666992
      },
      {
        "x": 0.0,
        "y": 0.76783585548401
      },
      {
        "x": 0.0,
        "y": 0.68168258666992
      },
      {
        "x": 3.8396956920624,
        "y": 0.68168258666992
      },
      {
        "x": 4.3249688148499,
        "y": 0.76783585548401
      },
      {
        "x": 3.555965423584,
        "y": 0.68168258666992
      },
      {
        "x": 4.3249688148499,
        "y": 0.68168264627457
      },
      {
        "x": 4.3249688148499,
        "y": 0.76783585548401
      },
      {
        "x": 3.8396956920624,
        "y": 0.68168258666992
      },
      {
        "x": 4.3249888420105,
        "y": 0.76783585548401
      },
      {
        "x": 0.0,
        "y": 0.76783585548401
      },
      {
        "x": 0.0,
        "y": 0.0
      },
      {
        "x": 4.3249888420105,
        "y": 0.68168264627457
      },
      {
        "x": 4.3249888420105,
        "y": 0.76783585548401
      },
      {
        "x": 0.0,
        "y": 0.0
      },
      {
        "x": 4.3249888420105,
        "y": 0.6713040471077
      },
      {
        "x": 4.3249888420105,
        "y": 0.68168264627457
      },
      {
        "x": 0.0,
        "y": 0.0
      },
      {
        "x": 0.0,
        "y": 0.0
      },
      {
        "x": 4.3249888420105,
        "y": 0.0
      },
      {
        "x": 4.3249888420105,
        "y": 0.6713040471077
      },
      {
        "x": 0.0,
        "y": 0.68168258666992
      },
      {
        "x": 0.0,
        "y": 0.0
      },
      {
        "x": 4.3249688148499,
        "y": 0.76783585548401
      },
      {
        "x": 4.3249688148499,
        "y": 0.76783585548401
      },
      {
        "x": 0.0,
        "y": 0.76783585548401
      },
      {
        "x": 0.0,
        "y": 0.68168258666992
      },
      {
        "x": 0.0,
        "y": 0.0
      },
      {
        "x": 4.3249688148499,
        "y": 0.0
      },
      {
        "x": 4.3249688148499,
        "y": 0.76783585548401
      },
      {
        "x": 3.8397133350372,
        "y": 0.68168258666992
      },
      {
        "x": 4.3249888420105,
        "y": 0.76783585548401
      },
      {
        "x": 0.0,
        "y": 0.68168258666992
      },
      {
        "x": 4.3249888420105,
        "y": 0.76783585548401
      },
      {
        "x": 0.0,
        "y": 0.76783585548401
      },
      {
        "x": 0.0,
        "y": 0.68168258666992
      },
      {
        "x": 4.3249888420105,
        "y": 0.68168264627457
      },
      {
        "x": 4.3249888420105,
        "y": 0.76783585548401
      },
      {
        "x": 4.2909274101257,
        "y": 0.68168264627457
      },
      {
        "x": 4.2909274101257,
        "y": 0.68168264627457
      },
      {
        "x": 4.3249888420105,
        "y": 0.76783585548401
      },
      {
        "x": 3.8397133350372,
        "y": 0.68168258666992
      },
      {
        "x": 0.0,
        "y": 4.3249888420105
      },
      {
        "x": 0.0,
        "y": 0.0
      },
      {
        "x": 2.1624042987823,
        "y": 2.1624143123627
      },
      {
        "x": 0.0,
        "y": 0.0
      },
      {
        "x": 4.3249688148499,
        "y": 0.0
      },
      {
        "x": 3.9658260345459,
        "y": 0.35899484157562
      },
      {
        "x": 2.1624045372009,
        "y": 2.1624145507812
      },
      {
        "x": 0.0,
        "y": 0.0
      },
      {
        "x": 3.9658260345459,
        "y": 0.35899484157562
      },
      {
        "x": 4.3249688148499,
        "y": 4.3249888420105
      },
      {
        "x": 0.0,
        "y": 4.3249888420105
      },
      {
        "x": 0.0,
        "y": 0.0
      },
      {
        "x": 0.0,
        "y": 0.0
      },
      {
        "x": 4.3249688148499,
        "y": 0.0
      },
      {
        "x": 4.3249688148499,
        "y": 4.3249888420105
      },
      {
        "x": 0.083439461886883,
        "y": 0.083439461886883
      },
      {
        "x": 0.082275152206421,
        "y": 0.083439528942108
      },
      {
        "x": 0.98604547977448,
        "y": 0.98604547977448
      },
      {
        "x": 0.98604547977448,
        "y": 0.98604547977448
      },
      {
        "x": 0.082275152206421,
        "y": 0.083439528942108
      },
      {
        "x": 0.98604553937912,
        "y": 1.0
      },
      {
        "x": 0.0017336828168482,
        "y": 0.083474844694138
      },
      {
        "x": 0.0017336010932922,
        "y": 1.0
      },
      {
        "x": 0.98604553937912,
        "y": 1.0
      },
      {
        "x": 0.082275152206421,
        "y": 0.083439528942108
      },
      {
        "x": 0.0017336828168482,
        "y": 0.083474844694138
      },
      {
        "x": 0.98604553937912,
        "y": 1.0
      },
      {
        "x": 0.49389103055,
        "y": 0.083439543843269
      },
      {
        "x": 0.083439469337463,
        "y": 0.083439469337463
      },
      {
        "x": 0.98604553937912,
        "y": 0.98604553937912
      },
      {
        "x": 0.98604565858841,
        "y": 0.083439536392689
      },
      {
        "x": 0.49389103055,
        "y": 0.083439543843269
      },
      {
        "x": 0.98604553937912,
        "y": 0.98604553937912
      },
      {
        "x": 0.034751515835524,
        "y": 0.02418864890933
      },
      {
        "x": 0.051721401512623,
        "y": 0.041158601641655
      },
      {
        "x": 3.6126549243927,
        "y": 2.5145735740662
      },
      {
        "x": 3.6126549243927,
        "y": 2.5145735740662
      },
      {
        "x": 0.051721401512623,
        "y": 0.041158601641655
      },
      {
        "x": 3.4120273590088,
        "y": 2.7152013778687
      },
      {
        "x": 2.9457428455353,
        "y": 2.9351963996887
      },
      {
        "x": 3.0688869953156,
        "y": 3.0583419799805
      },
      {
        "x": 3.4120273590088,
        "y": 2.7152013778687
      },
      {
        "x": 0.051721401512623,
        "y": 0.041158601641655
      },
      {
        "x": 0.35380858182907,
        "y": 0.34324690699577
      },
      {
        "x": 3.4120273590088,
        "y": 2.7152013778687
      },
      {
        "x": 0.35380858182907,
        "y": 0.34324690699577
      },
      {
        "x": 2.9457428455353,
        "y": 2.9351963996887
      },
      {
        "x": 3.4120273590088,
        "y": 2.7152013778687
      },
      {
        "x": 0.01066817715764,
        "y": 0.0
      },
      {
        "x": 3.6126551628113,
        "y": 2.5145738124847
      },
      {
        "x": 6.1270976066589,
        "y": 0.0
      },
      {
        "x": 0.01066817715764,
        "y": 0.0
      },
      {
        "x": 0.034751668572426,
        "y": 0.024188756942749
      },
      {
        "x": 3.6126551628113,
        "y": 2.5145738124847
      }
    ],
    "uvs": [
      {
        "x": 0.99999976158142,
        "y": 1.0
      },
      {
        "x": 3.969669342041e-05,
        "y": 1.0
      },
      {
        "x": 0.82220137119293,
        "y": 0.88779729604721
      },
      {
        "x": 0.82220137119293,
        "y": 0.88779729604721
      },
      {
        "x": 3.969669342041e-05,
        "y": 1.0
      },
      {
        "x": 0.0,
        "y": 0.88779729604721
      },
      {
        "x": 0.88780164718628,
        "y": 0.88779729604721
      },
      {
        "x": 0.99999976158142,
        "y": 1.0
      },
      {
        "x": 0.82220137119293,
        "y": 0.88779729604721
      },
      {
        "x": 0.99999976158142,
        "y": 0.88779729604721
      },
      {
        "x": 0.99999976158142,
        "y": 1.0
      },
      {
        "x": 0.88780164718628,
        "y": 0.88779729604721
      },
      {
        "x": 1.0,
        "y": 1.0
      },
      {
        "x": 0.0,
        "y": 1.0
      },
      {
        "x": 0.0,
        "y": 0.0
      },
      {
        "x": 1.0,
        "y": 0.88779729604721
      },
      {
        "x": 1.0,
        "y": 1.0
      },
      {
        "x": 0.0,
        "y": 0.0
      },
      {
        "x": 0.99996024370193,
        "y": 0.87428063154221
      },
      {
        "x": 1.0,
        "y": 0.88779729604721
      },
      {
        "x": 0.0,
        "y": 0.0
      },
      {
        "x": 0.0,
        "y": 0.0
      },
      {
        "x": 1.0,
        "y": 0.0
      },
      {
        "x": 0.99996024370193,
        "y": 0.87428063154221
      },
      {
        "x": 3.4332275390625e-05,
        "y": 0.88779729604721
      },
      {
        "x": 2.3841857910156e-07,
        "y": 0.0
      },
      {
        "x": 0.99996030330658,
        "y": 1.0
      },
      {
        "x": 0.99996030330658,
        "y": 1.0
      },
      {
        "x": 2.3841857910156e-07,
        "y": 1.0
      },
      {
        "x": 3.4332275390625e-05,
        "y": 0.88779729604721
      },
      {
        "x": 2.3841857910156e-07,
        "y": 0.0
      },
      {
        "x": 0.99996030330658,
        "y": 0.0
      },
      {
        "x": 0.99996030330658,
        "y": 1.0
      },
      {
        "x": 0.88779735565186,
        "y": 0.88779729604721
      },
      {
        "x": 1.0,
        "y": 1.0
      },
      {
        "x": 0.0,
        "y": 0.88779729604721
      },
      {
        "x": 1.0,
        "y": 1.0
      },
      {
        "x": 0.0,
        "y": 1.0
      },
      {
        "x": 0.0,
        "y": 0.88779729604721
      },
      {
        "x": 1.0,
        "y": 0.88779729604721
      },
      {
        "x": 1.0,
        "y": 1.0
      },
      {
        "x": 0.99212455749512,
        "y": 0.88779729604721
      },
      {
        "x": 0.99212455749512,
        "y": 0.88779729604721
      },
      {
        "x": 1.0,
        "y": 1.0
      },
      {
        "x": 0.88779735565186,
        "y": 0.88779729604721
      },
      {
        "x": 3.969669342041e-05,
        "y": 1.0
      },
      {
        "x": 3.969669342041e-05,
        "y": 0.0
      },
      {
        "x": 0.50000131130219,
        "y": 0.49998146295547
      },
      {
        "x": 3.969669342041e-05,
        "y": 0.0
      },
      {
        "x": 0.99999976158142,
        "y": 0.0
      },
      {
        "x": 0.9169636964798,
        "y": 0.083004772663116
      },
      {
        "x": 0.50000131130219,
        "y": 0.49998146295547
      },
      {
        "x": 3.969669342041e-05,
        "y": 0.0
      },
      {
        "x": 0.9169636964798,
        "y": 0.083004772663116
      },
      {
        "x": 3.969669342041e-05,
        "y": 0.0
      },
      {
        "x": 0.99999976158142,
        "y": 0.0
      },
      {
        "x": 0.99999976158142,
        "y": 1.0
      },
      {
        "x": 0.99999976158142,
        "y": 1.0
      },
      {
        "x": 3.969669342041e-05,
        "y": 1.0
      },
      {
        "x": 3.969669342041e-05,
        "y": 0.0
      },
      {
        "x": 0.91699516773224,
        "y": 0.0
      },
      {
        "x": 0.91817808151245,
        "y": 5.9604644775391e-08
      },
      {
        "x": 3.9756298065186e-05,
        "y": 0.87428063154221
      },
      {
        "x": 3.969669342041e-05,
        "y": 0.87428063154221
      },
      {
        "x": 0.91814649105072,
        "y": 5.9604644775391e-08
      },
      {
        "x": 0.0,
        "y": 0.88779729604721
      },
      {
        "x": 0.99999976158142,
        "y": 0.0
      },
      {
        "x": 0.99996566772461,
        "y": 0.88779729604721
      },
      {
        "x": 0.0,
        "y": 0.88779729604721
      },
      {
        "x": 0.91814649105072,
        "y": 5.9604644775391e-08
      },
      {
        "x": 0.99999976158142,
        "y": 0.0
      },
      {
        "x": 0.0,
        "y": 0.88779729604721
      },
      {
        "x": 0.50000131130219,
        "y": 0.0
      },
      {
        "x": 0.9169636964798,
        "y": 0.0
      },
      {
        "x": 3.9815902709961e-05,
        "y": 0.87428063154221
      },
      {
        "x": 0.0,
        "y": 0.0
      },
      {
        "x": 0.50001853704453,
        "y": 0.0
      },
      {
        "x": 3.9756298065186e-05,
        "y": 0.87428063154221
      },
      {
        "x": 0.99999976158142,
        "y": 0.0078754425048828
      },
      {
        "x": 1.0,
        "y": 0.01342386007309
      },
      {
        "x": 0.82220137119293,
        "y": 1.0
      },
      {
        "x": 0.82220137119293,
        "y": 1.0
      },
      {
        "x": 1.0,
        "y": 0.01342386007309
      },
      {
        "x": 0.88780164718628,
        "y": 1.0
      },
      {
        "x": 0.99999988079071,
        "y": 0.95973312854767
      },
      {
        "x": 0.99999976158142,
        "y": 1.0
      },
      {
        "x": 0.88780164718628,
        "y": 1.0
      },
      {
        "x": 1.0,
        "y": 0.01342386007309
      },
      {
        "x": 0.99999976158142,
        "y": 0.11220264434814
      },
      {
        "x": 0.88780164718628,
        "y": 1.0
      },
      {
        "x": 0.99999976158142,
        "y": 0.11220264434814
      },
      {
        "x": 0.99999988079071,
        "y": 0.95973312854767
      },
      {
        "x": 0.88780164718628,
        "y": 1.0
      },
      {
        "x": 0.99996566772461,
        "y": 0.0
      },
      {
        "x": 0.82220137119293,
        "y": 1.0
      },
      {
        "x": 0.0,
        "y": 1.0
      },
      {
        "x": 0.99996566772461,
        "y": 0.0
      },
      {
        "x": 0.99999976158142,
        "y": 0.0078754425048828
      },
      {
        "x": 0.82220137119293,
        "y": 1.0
      }
    ],
    "vertices": [
      {
        "x": 0.49999997019768,
        "y": -0.49999997019768,
        "z": -0.50001966953278
      },
      {
        "x": 0.49999997019768,
        "y": -0.49999997019768,
        "z": 0.49998018145561
      },
      {
        "x": 0.49999997019768,
        "y": -0.38779729604721,
        "z": -0.32221421599388
      },
      {
        "x": 0.49999997019768,
        "y": -0.38779729604721,
        "z": -0.32221421599388
      },
      {
        "x": 0.49999997019768,
        "y": -0.49999997019768,
        "z": 0.49998018145561
      },
      {
        "x": 0.49999997019768,
        "y": -0.38779729604721,
        "z": 0.50001990795135
      },
      {
        "x": 0.49999997019768,
        "y": -0.38779729604721,
        "z": -0.38781705498695
      },
      {
        "x": 0.49999997019768,
        "y": -0.49999997019768,
        "z": -0.50001966953278
      },
      {
        "x": 0.49999997019768,
        "y": -0.38779729604721,
        "z": -0.32221421599388
      },
      {
        "x": 0.49999997019768,
        "y": -0.38779726624489,
        "z": -0.50001966953278
      },
      {
        "x": 0.49999997019768,
        "y": -0.49999997019768,
        "z": -0.50001966953278
      },
      {
        "x": 0.49999997019768,
        "y": -0.38779729604721,
        "z": -0.38781705498695
      },
      {
        "x": 0.49999997019768,
        "y": -0.49999997019768,
        "z": 0.49998018145561
      },
      {
        "x": -0.49999997019768,
        "y": -0.49999997019768,
        "z": 0.49998018145561
      },
      {
        "x": -0.49999997019768,
        "y": 0.49999997019768,
        "z": 0.49998018145561
      },
      {
        "x": 0.49999997019768,
        "y": -0.38779729604721,
        "z": 0.50001990795135
      },
      {
        "x": 0.49999997019768,
        "y": -0.49999997019768,
        "z": 0.49998018145561
      },
      {
        "x": -0.49999997019768,
        "y": 0.49999997019768,
        "z": 0.49998018145561
      },
      {
        "x": 0.49996021389961,
        "y": -0.37428060173988,
        "z": 0.49998018145561
      },
      {
        "x": 0.49999997019768,
        "y": -0.38779729604721,
        "z": 0.50001990795135
      },
      {
        "x": -0.49999997019768,
        "y": 0.49999997019768,
        "z": 0.49998018145561
      },
      {
        "x": -0.49999997019768,
        "y": 0.49999997019768,
        "z": 0.49998018145561
      },
      {
        "x": 0.49999997019768,
        "y": 0.49999997019768,
        "z": 0.49998018145561
      },
      {
        "x": 0.49996021389961,
        "y": -0.37428060173988,
        "z": 0.49998018145561
      },
      {
        "x": -0.49999997019768,
        "y": -0.38779729604721,
        "z": -0.49998554587364
      },
      {
        "x": -0.49999997019768,
        "y": 0.49999997019768,
        "z": -0.50001966953278
      },
      {
        "x": -0.49999997019768,
        "y": -0.49999997019768,
        "z": 0.49998018145561
      },
      {
        "x": -0.49999997019768,
        "y": -0.49999997019768,
        "z": 0.49998018145561
      },
      {
        "x": -0.49999997019768,
        "y": -0.49999997019768,
        "z": -0.50001966953278
      },
      {
        "x": -0.49999997019768,
        "y": -0.38779729604721,
        "z": -0.49998554587364
      },
      {
        "x": -0.49999997019768,
        "y": 0.49999997019768,
        "z": -0.50001966953278
      },
      {
        "x": -0.49999997019768,
        "y": 0.49999997019768,
        "z": 0.49998018145561
      },
      {
        "x": -0.49999997019768,
        "y": -0.49999997019768,
        "z": 0.49998018145561
      },
      {
        "x": -0.38779732584953,
        "y": -0.38779729604721,
        "z": -0.50001966953278
      },
      {
        "x": -0.49999997019768,
        "y": -0.49999997019768,
        "z": -0.50001966953278
      },
      {
        "x": 0.49999997019768,
        "y": -0.38779726624489,
        "z": -0.50001966953278
      },
      {
        "x": -0.49999997019768,
        "y": -0.49999997019768,
        "z": -0.50001966953278
      },
      {
        "x": 0.49999997019768,
        "y": -0.49999997019768,
        "z": -0.50001966953278
      },
      {
        "x": 0.49999997019768,
        "y": -0.38779726624489,
        "z": -0.50001966953278
      },
      {
        "x": -0.49999997019768,
        "y": -0.38779729604721,
        "z": -0.49998554587364
      },
      {
        "x": -0.49999997019768,
        "y": -0.49999997019768,
        "z": -0.50001966953278
      },
      {
        "x": -0.49212452769279,
        "y": -0.38779726624489,
        "z": -0.50001966953278
      },
      {
        "x": -0.49212452769279,
        "y": -0.38779726624489,
        "z": -0.50001966953278
      },
      {
        "x": -0.49999997019768,
        "y": -0.49999997019768,
        "z": -0.50001966953278
      },
      {
        "x": -0.38779732584953,
        "y": -0.38779729604721,
        "z": -0.50001966953278
      },
      {
        "x": 0.49999997019768,
        "y": 0.49999997019768,
        "z": 0.49998018145561
      },
      {
        "x": -0.49999997019768,
        "y": 0.49999997019768,
        "z": 0.49998018145561
      },
      {
        "x": -1.8507242202759e-05,
        "y": 0.49999997019768,
        "z": -1.2814998626709e-06
      },
      {
        "x": -0.49999997019768,
        "y": 0.49999997019768,
        "z": 0.49998018145561
      },
      {
        "x": -0.49999997019768,
        "y": 0.49999997019768,
        "z": -0.50001966953278
      },
      {
        "x": -0.41699516773224,
        "y": 0.49999997019768,
        "z": -0.41698029637337
      },
      {
        "x": -1.8507242202759e-05,
        "y": 0.49999997019768,
        "z": -1.2814998626709e-06
      },
      {
        "x": -0.49999997019768,
        "y": 0.49999997019768,
        "z": 0.49998018145561
      },
      {
        "x": -0.41699516773224,
        "y": 0.49999997019768,
        "z": -0.41698029637337
      },
      {
        "x": 0.49999997019768,
        "y": -0.49999997019768,
        "z": 0.49998018145561
      },
      {
        "x": 0.49999997019768,
        "y": -0.49999997019768,
        "z": -0.50001966953278
      },
      {
        "x": -0.49999997019768,
        "y": -0.49999997019768,
        "z": -0.50001966953278
      },
      {
        "x": -0.49999997019768,
        "y": -0.49999997019768,
        "z": -0.50001966953278
      },
      {
        "x": -0.49999997019768,
        "y": -0.49999997019768,
        "z": 0.49998018145561
      },
      {
        "x": 0.49999997019768,
        "y": -0.49999997019768,
        "z": 0.49998018145561
      },
      {
        "x": -0.41699516773224,
        "y": 0.49999997019768,
        "z": -0.41698029637337
      },
      {
        "x": -0.41817808151245,
        "y": 0.49999994039536,
        "z": -0.41816315054893
      },
      {
        "x": 0.49996021389961,
        "y": -0.37428060173988,
        "z": 0.49998018145561
      },
      {
        "x": 0.49996021389961,
        "y": -0.37428060173988,
        "z": 0.49998018145561
      },
      {
        "x": -0.41817808151245,
        "y": 0.49999994039536,
        "z": -0.41816315054893
      },
      {
        "x": 0.49999997019768,
        "y": -0.38779729604721,
        "z": 0.50001990795135
      },
      {
        "x": -0.49999997019768,
        "y": 0.49999997019768,
        "z": -0.50001966953278
      },
      {
        "x": -0.49999997019768,
        "y": -0.38779729604721,
        "z": -0.49998554587364
      },
      {
        "x": 0.49999997019768,
        "y": -0.38779729604721,
        "z": 0.50001990795135
      },
      {
        "x": -0.41817808151245,
        "y": 0.49999994039536,
        "z": -0.41816315054893
      },
      {
        "x": -0.49999997019768,
        "y": 0.49999997019768,
        "z": -0.50001966953278
      },
      {
        "x": 0.49999997019768,
        "y": -0.38779729604721,
        "z": 0.50001990795135
      },
      {
        "x": -1.8507242202759e-05,
        "y": 0.49999997019768,
        "z": -1.2814998626709e-06
      },
      {
        "x": -0.41699516773224,
        "y": 0.49999997019768,
        "z": -0.41698029637337
      },
      {
        "x": 0.49996021389961,
        "y": -0.37428060173988,
        "z": 0.49998018145561
      },
      {
        "x": 0.49999997019768,
        "y": 0.49999997019768,
        "z": 0.49998018145561
      },
      {
        "x": -1.8507242202759e-05,
        "y": 0.49999997019768,
        "z": -1.2814998626709e-06
      },
      {
        "x": 0.49996021389961,
        "y": -0.37428060173988,
        "z": 0.49998018145561
      },
      {
        "x": -0.49212452769279,
        "y": -0.38779726624489,
        "z": -0.50001966953278
      },
      {
        "x": -0.48657608032227,
        "y": -0.38779729604721,
        "z": -0.50001990795135
      },
      {
        "x": 0.49999997019768,
        "y": -0.38779729604721,
        "z": -0.32221421599388
      },
      {
        "x": 0.49999997019768,
        "y": -0.38779729604721,
        "z": -0.32221421599388
      },
      {
        "x": -0.48657608032227,
        "y": -0.38779729604721,
        "z": -0.50001990795135
      },
      {
        "x": 0.49999997019768,
        "y": -0.38779729604721,
        "z": -0.38781705498695
      },
      {
        "x": 0.45973312854767,
        "y": -0.38779729604721,
        "z": -0.50001978874207
      },
      {
        "x": 0.49999997019768,
        "y": -0.38779726624489,
        "z": -0.50001966953278
      },
      {
        "x": 0.49999997019768,
        "y": -0.38779729604721,
        "z": -0.38781705498695
      },
      {
        "x": -0.48657608032227,
        "y": -0.38779729604721,
        "z": -0.50001990795135
      },
      {
        "x": -0.38779732584953,
        "y": -0.38779729604721,
        "z": -0.50001966953278
      },
      {
        "x": 0.49999997019768,
        "y": -0.38779729604721,
        "z": -0.38781705498695
      },
      {
        "x": -0.38779732584953,
        "y": -0.38779729604721,
        "z": -0.50001966953278
      },
      {
        "x": 0.45973312854767,
        "y": -0.38779729604721,
        "z": -0.50001978874207
      },
      {
        "x": 0.49999997019768,
        "y": -0.38779729604721,
        "z": -0.38781705498695
      },
      {
        "x": -0.49999997019768,
        "y": -0.38779729604721,
        "z": -0.49998554587364
      },
      {
        "x": 0.49999997019768,
        "y": -0.38779729604721,
        "z": -0.32221421599388
      },
      {
        "x": 0.49999997019768,
        "y": -0.38779729604721,
        "z": 0.50001990795135
      },
      {
        "x": -0.49999997019768,
        "y": -0.38779729604721,
        "z": -0.49998554587364
      },
      {
        "x": -0.49212452769279,
        "y": -0.38779726624489,
        "z": -0.50001966953278
      },
      {
        "x": 0.49999997019768,
        "y": -0.38779729604721,
        "z": -0.32221421599388
      }
    ]
  }
}