{
  "additionalData": {
    "local_transform": [
      "1 0 0 0 1 0 0 0 1 0 0 0",
      "0.840746 0 0 0 1.79402 0 0 0 0.840745 0.0468473 0.00695801 1.90735e-06"
    ],
    "tillBaseScale": {
      "x": 5.1442289352417,
      "y": 0.4279979467392,
      "z": 5.1442089080811
    }
  },
  "basicShapesData": [
    {
      "class": "PartOperation",
      "properties": {
        "angleVelocity": "x:0 y:0 z:0",
        "batchType": "Static",
        "bloom": "false",
        "booleanOperation": "0",
        "cameraCollideEnable": "true",
        "collisionFidelity": "0",
        "collisionGroup": "1",
        "collisionUniqueKey": "8790404199952646145",
        "customColor": "r:1 g:1 b:1 a:1",
        "customThreshold": "1",
        "density": "2.2",
        "friction": "0.37",
        "id": "8790406823319420929",
        "individual": "false",
        "isLockedInEditor": "false",
        "isSelectInEditor": "false",
        "isVisibleInEditor": "true",
        "lineVelocity": "x:0 y:0 z:0",
        "materialAlpha": "1",
        "materialColor": "r:1 g:1 b:1 a:1",
        "materialOffset": "x:1 y:1 z:1",
        "materialTexture": "part_suliao.tga",
        "mergeShapesDataKey": "8790402467647488001",
        "name": "Union",
        "needSync": "true",
        "networkOwner": "0",
        "originSize": "x:1 y:1 z:1",
        "partNavMeshType": "1",
        "position": "x:-51.8138 y:121.257 z:-51.32",
        "restitution": "0.3",
        "rotation": "x:-0 y:0 z:0",
        "scale": "x:5.14423 y:0.427998 z:5.14421",
        "selectable": "true",
        "staticBatchNo": "",
        "staticObject": "false",
        "templateInstanceId": "8790406823319420929",
        "unionLastBox": "false",
        "useAnchor": "false",
        "useCollide": "true",
        "useGravity": "true"
      }
    },
    {
      "class": "PartOperation",
      "properties": {
        "angleVelocity": "x:0 y:0 z:0",
        "batchType": "Static",
        "bloom": "false",
        "booleanOperation": "2",
        "cameraCollideEnable": "true",
        "collisionFidelity": "0",
        "collisionGroup": "1",
        "collisionUniqueKey": "8790406203510816769",
        "customColor": "r:1 g:1 b:1 a:1",
        "customThreshold": "1",
        "density": "2.2",
        "friction": "0.37",
        "id": "8790406823373389825",
        "individual": "false",
        "isLockedInEditor": "false",
        "isSelectInEditor": "false",
        "isVisibleInEditor": "true",
        "lineVelocity": "x:0 y:0 z:0",
        "materialAlpha": "1",
        "materialColor": "r:1 g:1 b:1 a:1",
        "materialOffset": "x:1 y:1 z:1",
        "materialTexture": "part_suliao.tga",
        "mergeShapesDataKey": "8790406202891419649",
        "name": "Union",
        "needSync": "true",
        "networkOwner": "0",
        "originSize": "x:1 y:1 z:1.00004",
        "partNavMeshType": "1",
        "position": "x:-51.5728 y:121.26 z:-51.32",
        "restitution": "0.3",
        "rotation": "x:-0 y:0 z:0",
        "scale": "x:4.32499 y:0.767836 z:4.32497",
        "selectable": "true",
        "staticBatchNo": "",
        "staticObject": "false",
        "templateInstanceId": "8790406823373389825",
        "unionLastBox": "false",
        "useAnchor": "false",
        "useCollide": "true",
        "useGravity": "true"
      }
    }
  ],
  "brushData": {
    "colors": [
      0,
      0,
      0,
      0,
      0,
      0,
      0,
      0,
      0,
      0,
      0,
      0,
      0,
      0,
      0,
      0,
      0,
      0,
      0,
      0,
      0,
      0,
      0,
      0,
      0,
      0,
      0,
      0,
      0,
      0,
      0,
      0,
      0,
      0,
      0,
      0,
      0,
      0,
      0,
      0,
      0,
      0,
      0,
      0,
      0,
      0,
      0,
      0,
      0,
      0,
      0,
      0,
      0,
      0,
      0,
      0,
      0,
      0,
      0,
      0,
      0,
      0,
      0
    ],
    "lightmapUVs": [
      {
        "x": 0.0,
        "y": 0.0
      },
      {
        "x": 0.0,
        "y": 0.0
      },
      {
        "x": 0.0,
        "y": 0.0
      },
      {
        "x": 0.0,
        "y": 0.0
      },
      {
        "x": 0.0,
        "y": 0.0
      },
      {
        "x": 0.0,
        "y": 0.0
      },
      {
        "x": 0.0,
        "y": 0.0
      },
      {
        "x": 0.0,
        "y": 0.0
      },
      {
        "x": 0.0,
        "y": 0.0
      },
      {
        "x": 0.0,
        "y": 0.0
      },
      {
        "x": 0.0,
        "y": 0.0
      },
      {
        "x": 0.0,
        "y": 0.0
      },
      {
        "x": 0.0,
        "y": 0.0
      },
      {
        "x": 0.0,
        "y": 0.0
      },
      {
        "x": 0.0,
        "y": 0.0
      },
      {
        "x": 0.0,
        "y": 0.0
      },
      {
        "x": 0.0,
        "y": 0.0
      },
      {
        "x": 0.0,
        "y": 0.0
      },
      {
        "x": 0.0,
        "y": 0.0
      },
      {
        "x": 0.0,
        "y": 0.0
      },
      {
        "x": 0.0,
        "y": 0.0
      },
      {
        "x": 0.0,
        "y": 0.0
      },
      {
        "x": 0.0,
        "y": 0.0
      },
      {
        "x": 0.0,
        "y": 0.0
      },
      {
        "x": 0.0,
        "y": 0.0
      },
      {
        "x": 0.0,
        "y": 0.0
      },
      {
        "x": 0.0,
        "y": 0.0
      },
      {
        "x": 0.0,
        "y": 0.0
      },
      {
        "x": 0.0,
        "y": 0.0
      },
      {
        "x": 0.0,
        "y": 0.0
      },
      {
        "x": 0.0,
        "y": 0.0
      },
      {
        "x": 0.0,
        "y": 0.0
      },
      {
        "x": 0.0,
        "y": 0.0
      },
      {
        "x": 0.0,
        "y": 0.0
      },
      {
        "x": 0.0,
        "y": 0.0
      },
      {
        "x": 0.0,
        "y": 0.0
      },
      {
        "x": 0.0,
        "y": 0.0
      },
      {
        "x": 0.0,
        "y": 0.0
      },
      {
        "x": 0.0,
        "y": 0.0
      },
      {
        "x": 0.0,
        "y": 0.0
      },
      {
        "x": 0.0,
        "y": 0.0
      },
      {
        "x": 0.0,
        "y": 0.0
      },
      {
        "x": 0.0,
        "y": 0.0
      },
      {
        "x": 0.0,
        "y": 0.0
      },
      {
        "x": 0.0,
        "y": 0.0
      },
      {
        "x": 0.0,
        "y": 0.0
      },
      {
        "x": 0.0,
        "y": 0.0
      },
      {
        "x": 0.0,
        "y": 0.0
      },
      {
        "x": 0.0,
        "y": 0.0
      },
      {
        "x": 0.0,
        "y": 0.0
      },
      {
        "x": 0.0,
        "y": 0.0
      },
      {
        "x": 0.0,
        "y": 0.0
      },
      {
        "x": 0.0,
        "y": 0.0
      },
      {
        "x": 0.0,
        "y": 0.0
      },
      {
        "x": 0.0,
        "y": 0.0
      },
      {
        "x": 0.0,
        "y": 0.0
      },
      {
        "x": 0.0,
        "y": 0.0
      },
      {
        "x": 0.0,
        "y": 0.0
      },
      {
        "x": 0.0,
        "y": 0.0
      },
      {
        "x": 0.0,
        "y": 0.0
      },
      {
        "x": 0.0,
        "y": 0.0
      },
      {
        "x": 0.0,
        "y": 0.0
      },
      {
        "x": 0.0,
        "y": 0.0
      },
      {
        "x": 0.0,
        "y": 0.0
      },
      {
        "x": 0.0,
        "y": 0.0
      },
      {
        "x": 0.0,
        "y": 0.0
      },
      {
        "x": 0.0,
        "y": 0.0
      },
      {
        "x": 0.0,
        "y": 0.0
      },
      {
        "x": 0.0,
        "y": 0.0
      },
      {
        "x": 0.0,
        "y": 0.0
      },
      {
        "x": 0.0,
        "y": 0.0
      },
      {
        "x": 0.0,
        "y": 0.0
      },
      {
        "x": 0.0,
        "y": 0.0
      },
      {
        "x": 0.0,
        "y": 0.0
      },
      {
        "x": 0.0,
        "y": 0.0
      },
      {
        "x": 0.0,
        "y": 0.0
      },
      {
        "x": 0.0,
        "y": 0.0
      },
      {
        "x": 0.0,
        "y": 0.0
      },
      {
        "x": 0.0,
        "y": 0.0
      },
      {
        "x": 0.0,
        "y": 0.0
      },
      {
        "x": 0.0,
        "y": 0.0
      },
      {
        "x": 0.0,
        "y": 0.0
      },
      {
        "x": 0.0,
        "y": 0.0
      },
      {
        "x": 0.0,
        "y": 0.0
      },
      {
        "x": 0.0,
        "y": 0.0
      },
      {
        "x": 0.0,
        "y": 0.0
      },
      {
        "x": 0.0,
        "y": 0.0
      },
      {
        "x": 0.0,
        "y": 0.0
      },
      {
        "x": 0.0,
        "y": 0.0
      },
      {
        "x": 0.0,
        "y": 0.0
      },
      {
        "x": 0.0,
        "y": 0.0
      },
      {
        "x": 0.0,
        "y": 0.0
      },
      {
        "x": 0.0,
        "y": 0.0
      },
      {
        "x": 0.0,
        "y": 0.0
      },
      {
        "x": 0.0,
        "y": 0.0
      },
      {
        "x": 0.0,
        "y": 0.0
      },
      {
        "x": 0.0,
        "y": 0.0
      },
      {
        "x": 0.0,
        "y": 0.0
      },
      {
        "x": 0.0,
        "y": 0.0
      },
      {
        "x": 0.0,
        "y": 0.0
      },
      {
        "x": 0.0,
        "y": 0.0
      },
      {
        "x": 0.0,
        "y": 0.0
      },
      {
        "x": 0.0,
        "y": 0.0
      },
      {
        "x": 0.0,
        "y": 0.0
      },
      {
        "x": 0.0,
        "y": 0.0
      },
      {
        "x": 0.0,
        "y": 0.0
      },
      {
        "x": 0.0,
        "y": 0.0
      },
      {
        "x": 0.0,
        "y": 0.0
      },
      {
        "x": 0.0,
        "y": 0.0
      },
      {
        "x": 0.0,
        "y": 0.0
      },
      {
        "x": 0.0,
        "y": 0.0
      },
      {
        "x": 0.0,
        "y": 0.0
      },
      {
        "x": 0.0,
        "y": 0.0
      },
      {
        "x": 0.0,
        "y": 0.0
      },
      {
        "x": 0.0,
        "y": 0.0
      },
      {
        "x": 0.0,
        "y": 0.0
      },
      {
        "x": 0.0,
        "y": 0.0
      },
      {
        "x": 0.0,
        "y": 0.0
      },
      {
        "x": 0.0,
        "y": 0.0
      },
      {
        "x": 0.0,
        "y": 0.0
      },
      {
        "x": 0.0,
        "y": 0.0
      },
      {
        "x": 0.0,
        "y": 0.0
      },
      {
        "x": 0.0,
        "y": 0.0
      },
      {
        "x": 0.0,
        "y": 0.0
      },
      {
        "x": 0.0,
        "y": 0.0
      },
      {
        "x": 0.0,
        "y": 0.0
      },
      {
        "x": 0.0,
        "y": 0.0
      },
      {
        "x": 0.0,
        "y": 0.0
      },
      {
        "x": 0.0,
        "y": 0.0
      },
      {
        "x": 0.0,
        "y": 0.0
      },
      {
        "x": 0.0,
        "y": 0.0
      },
      {
        "x": 0.0,
        "y": 0.0
      },
      {
        "x": 0.0,
        "y": 0.0
      },
      {
        "x": 0.0,
        "y": 0.0
      },
      {
        "x": 0.0,
        "y": 0.0
      },
      {
        "x": 0.0,
        "y": 0.0
      },
      {
        "x": 0.0,
        "y": 0.0
      },
      {
        "x": 0.0,
        "y": 0.0
      },
      {
        "x": 0.0,
        "y": 0.0
      },
      {
        "x": 0.0,
        "y": 0.0
      },
      {
        "x": 0.0,
        "y": 0.0
      },
      {
        "x": 0.0,
        "y": 0.0
      },
      {
        "x": 0.0,
        "y": 0.0
      },
      {
        "x": 0.0,
        "y": 0.0
      },
      {
        "x": 0.0,
        "y": 0.0
      },
      {
        "x": 0.0,
        "y": 0.0
      },
      {
        "x": 0.0,
        "y": 0.0
      },
      {
        "x": 0.0,
        "y": 0.0
      },
      {
        "x": 0.0,
        "y": 0.0
      },
      {
        "x": 0.0,
        "y": 0.0
      },
      {
        "x": 0.0,
        "y": 0.0
      },
      {
        "x": 0.0,
        "y": 0.0
      },
      {
        "x": 0.0,
        "y": 0.0
      },
      {
        "x": 0.0,
        "y": 0.0
      },
      {
        "x": 0.0,
        "y": 0.0
      },
      {
        "x": 0.0,
        "y": 0.0
      },
      {
        "x": 0.0,
        "y": 0.0
      },
      {
        "x": 0.0,
        "y": 0.0
      },
      {
        "x": 0.0,
        "y": 0.0
      },
      {
        "x": 0.0,
        "y": 0.0
      },
      {
        "x": 0.0,
        "y": 0.0
      },
      {
        "x": 0.0,
        "y": 0.0
      },
      {
        "x": 0.0,
        "y": 0.0
      },
      {
        "x": 0.0,
        "y": 0.0
      },
      {
        "x": 0.0,
        "y": 0.0
      },
      {
        "x": 0.0,
        "y": 0.0
      },
      {
        "x": 0.0,
        "y": 0.0
      },
      {
        "x": 0.0,
        "y": 0.0
      },
      {
        "x": 0.0,
        "y": 0.0
      },
      {
        "x": 0.0,
        "y": 0.0
      },
      {
        "x": 0.0,
        "y": 0.0
      },
      {
        "x": 0.0,
        "y": 0.0
      },
      {
        "x": 0.0,
        "y": 0.0
      },
      {
        "x": 0.0,
        "y": 0.0
      },
      {
        "x": 0.0,
        "y": 0.0
      },
      {
        "x": 0.0,
        "y": 0.0
      },
      {
        "x": 0.0,
        "y": 0.0
      },
      {
        "x": 0.0,
        "y": 0.0
      },
      {
        "x": 0.0,
        "y": 0.0
      },
      {
        "x": 0.0,
        "y": 0.0
      },
      {
        "x": 0.0,
        "y": 0.0
      },
      {
        "x": 0.0,
        "y": 0.0
      },
      {
        "x": 0.0,
        "y": 0.0
      },
      {
        "x": 0.0,
        "y": 0.0
      },
      {
        "x": 0.0,
        "y": 0.0
      },
      {
        "x": 0.0,
        "y": 0.0
      },
      {
        "x": 0.0,
        "y": 0.0
      },
      {
        "x": 0.0,
        "y": 0.0
      },
      {
        "x": 0.0,
        "y": 0.0
      }
    ],
    "uv2s": [
      {
        "x": 1.0000001192093,
        "y": 1.0000001192093
      },
      {
        "x": 0.0,
        "y": 1.0000001192093
      },
      {
        "x": 0.0,
        "y": 0.0
      },
      {
        "x": 0.0,
        "y": 0.0
      },
      {
        "x": 1.0000001192093,
        "y": 0.0
      },
      {
        "x": 1.0000001192093,
        "y": 1.0000001192093
      },
      {
        "x": 1.0000001192093,
        "y": 1.0000001192093
      },
      {
        "x": 0.0,
        "y": 1.0000001192093
      },
      {
        "x": 0.0,
        "y": 0.0
      },
      {
        "x": 0.0,
        "y": 0.0
      },
      {
        "x": 1.0000001192093,
        "y": 0.0
      },
      {
        "x": 1.0000001192093,
        "y": 1.0000001192093
      },
      {
        "x": 0.0,
        "y": 1.0000001192093
      },
      {
        "x": 0.0,
        "y": 0.0
      },
      {
        "x": 0.079642176628113,
        "y": 0.12647449970245
      },
      {
        "x": 0.079642176628113,
        "y": 0.12647449970245
      },
      {
        "x": 0.0,
        "y": 0.0
      },
      {
        "x": 0.12647449970245,
        "y": 0.12647449970245
      },
      {
        "x": 0.0,
        "y": 1.0000001192093
      },
      {
        "x": 0.079642176628113,
        "y": 0.12647449970245
      },
      {
        "x": 0.079642176628113,
        "y": 0.31578886508942
      },
      {
        "x": 0.079642176628113,
        "y": 0.92035192251205
      },
      {
        "x": 0.0,
        "y": 1.0000001192093
      },
      {
        "x": 0.079642176628113,
        "y": 0.34300327301025
      },
      {
        "x": 0.079642176628113,
        "y": 0.34300327301025
      },
      {
        "x": 0.0,
        "y": 1.0000001192093
      },
      {
        "x": 0.079642176628113,
        "y": 0.31578886508942
      },
      {
        "x": 0.0,
        "y": 0.0
      },
      {
        "x": 1.0000001192093,
        "y": 0.0
      },
      {
        "x": 0.73107302188873,
        "y": 0.12647449970245
      },
      {
        "x": 0.73107302188873,
        "y": 0.12647449970245
      },
      {
        "x": 1.0000001192093,
        "y": 0.0
      },
      {
        "x": 0.87349516153336,
        "y": 0.1264745593071
      },
      {
        "x": 0.70718985795975,
        "y": 0.12647444009781
      },
      {
        "x": 0.0,
        "y": 0.0
      },
      {
        "x": 0.73107302188873,
        "y": 0.12647449970245
      },
      {
        "x": 0.12647449970245,
        "y": 0.12647449970245
      },
      {
        "x": 0.0,
        "y": 0.0
      },
      {
        "x": 0.70718985795975,
        "y": 0.12647444009781
      },
      {
        "x": 1.0000001192093,
        "y": 1.0000001192093
      },
      {
        "x": 0.0,
        "y": 1.0000001192093
      },
      {
        "x": 0.079642176628113,
        "y": 0.87352561950684
      },
      {
        "x": 0.0,
        "y": 1.0000001192093
      },
      {
        "x": 0.024445235729218,
        "y": 0.024485051631927
      },
      {
        "x": 0.079642176628113,
        "y": 0.87352561950684
      },
      {
        "x": 0.079642176628113,
        "y": 0.87352561950684
      },
      {
        "x": 0.024445235729218,
        "y": 0.024485051631927
      },
      {
        "x": 0.079642176628113,
        "y": 0.21557265520096
      },
      {
        "x": 0.86582767963409,
        "y": 0.87352561950684
      },
      {
        "x": 1.0000001192093,
        "y": 1.0000001192093
      },
      {
        "x": 0.85160934925079,
        "y": 0.87352561950684
      },
      {
        "x": 0.079642176628113,
        "y": 0.21557265520096
      },
      {
        "x": 0.024445235729218,
        "y": 0.024485051631927
      },
      {
        "x": 0.079612731933594,
        "y": 0.13241839408875
      },
      {
        "x": 0.87352043390274,
        "y": 0.87352561950684
      },
      {
        "x": 1.0000001192093,
        "y": 1.0000001192093
      },
      {
        "x": 0.86757630109787,
        "y": 0.87352561950684
      },
      {
        "x": 0.079642176628113,
        "y": 0.12099051475525
      },
      {
        "x": 0.024445235729218,
        "y": 0.024485051631927
      },
      {
        "x": 0.079642176628113,
        "y": 0.079679727554321
      },
      {
        "x": 0.86757630109787,
        "y": 0.87352561950684
      },
      {
        "x": 1.0000001192093,
        "y": 1.0000001192093
      },
      {
        "x": 0.86582767963409,
        "y": 0.87352561950684
      },
      {
        "x": 0.079612731933594,
        "y": 0.13241839408875
      },
      {
        "x": 0.024445235729218,
        "y": 0.024485051631927
      },
      {
        "x": 0.079642176628113,
        "y": 0.12099051475525
      },
      {
        "x": 1.0000001192093,
        "y": 1.0000001192093
      },
      {
        "x": 0.079642176628113,
        "y": 0.87352561950684
      },
      {
        "x": 0.26243484020233,
        "y": 0.87352561950684
      },
      {
        "x": 0.85160934925079,
        "y": 0.87352561950684
      },
      {
        "x": 1.0000001192093,
        "y": 1.0000001192093
      },
      {
        "x": 0.26243484020233,
        "y": 0.87352561950684
      },
      {
        "x": 0.0,
        "y": 1.0000001192093
      },
      {
        "x": 0.0,
        "y": 0.0
      },
      {
        "x": 0.024445235729218,
        "y": 0.024485051631927
      },
      {
        "x": 0.079642176628113,
        "y": 0.95003759860992
      },
      {
        "x": 0.031240582466125,
        "y": 1.0000001192093
      },
      {
        "x": 0.079642236232758,
        "y": 0.94342011213303
      },
      {
        "x": 0.031240582466125,
        "y": 1.0000001192093
      },
      {
        "x": 0.024445176124573,
        "y": 1.0000001192093
      },
      {
        "x": 0.079642236232758,
        "y": 0.94342011213303
      },
      {
        "x": 0.079642176628113,
        "y": 0.94342011213303
      },
      {
        "x": 0.024445235729218,
        "y": 1.0000001192093
      },
      {
        "x": 0.079642176628113,
        "y": 0.93299847841263
      },
      {
        "x": 0.87349516153336,
        "y": 0.0
      },
      {
        "x": 1.0000001192093,
        "y": 0.0
      },
      {
        "x": 0.8735203742981,
        "y": 0.1296489238739
      },
      {
        "x": 0.87352043390274,
        "y": 0.13055831193924
      },
      {
        "x": 1.0000001192093,
        "y": 0.0
      },
      {
        "x": 0.87352043390274,
        "y": 0.13742434978485
      },
      {
        "x": 0.079642176628113,
        "y": 1.0000001192093
      },
      {
        "x": 0.031240582466125,
        "y": 1.0000001192093
      },
      {
        "x": 0.079642176628113,
        "y": 0.95003759860992
      },
      {
        "x": 0.87352043390274,
        "y": 0.13742434978485
      },
      {
        "x": 1.0000001192093,
        "y": 0.0
      },
      {
        "x": 0.87352049350739,
        "y": 1.0000001192093
      },
      {
        "x": 1.0000001192093,
        "y": 0.0
      },
      {
        "x": 1.0000001192093,
        "y": 1.0000001192093
      },
      {
        "x": 0.87352043390274,
        "y": 1.0000001192093
      },
      {
        "x": 0.079681813716888,
        "y": 0.93299847841263
      },
      {
        "x": 0.024485051631927,
        "y": 1.0000001192093
      },
      {
        "x": 0.07964551448822,
        "y": 0.90611118078232
      },
      {
        "x": 0.024485051631927,
        "y": 1.0000001192093
      },
      {
        "x": 0.0,
        "y": 1.0000001192093
      },
      {
        "x": 0.07964551448822,
        "y": 0.90611118078232
      },
      {
        "x": 0.079642117023468,
        "y": 0.90611118078232
      },
      {
        "x": 0.0,
        "y": 1.0000001192093
      },
      {
        "x": 0.079642117023468,
        "y": 0.8407096862793
      },
      {
        "x": 0.07964813709259,
        "y": 0.8407096862793
      },
      {
        "x": 0.0,
        "y": 1.0000001192093
      },
      {
        "x": 0.07964825630188,
        "y": 0.0
      },
      {
        "x": 0.0,
        "y": 1.0000001192093
      },
      {
        "x": 0.0,
        "y": 0.0
      },
      {
        "x": 0.079648196697235,
        "y": 0.0
      },
      {
        "x": 0.26869457960129,
        "y": 1.0000001192093
      },
      {
        "x": 0.21557265520096,
        "y": 1.0000001192093
      },
      {
        "x": 0.87352561950684,
        "y": 0.0
      },
      {
        "x": 0.87352561950684,
        "y": 0.0
      },
      {
        "x": 0.21557265520096,
        "y": 1.0000001192093
      },
      {
        "x": 0.68421125411987,
        "y": 0.0
      },
      {
        "x": 0.87352561950684,
        "y": 1.0000001192093
      },
      {
        "x": 0.26869457960129,
        "y": 1.0000001192093
      },
      {
        "x": 0.87352561950684,
        "y": 0.0
      },
      {
        "x": 0.13621753454208,
        "y": 1.0
      },
      {
        "x": 0.13241839408875,
        "y": 1.0000001192093
      },
      {
        "x": 0.68421125411987,
        "y": 0.0
      },
      {
        "x": 0.68421125411987,
        "y": 0.0
      },
      {
        "x": 0.13241839408875,
        "y": 1.0000001192093
      },
      {
        "x": 0.660285115242,
        "y": 0.0
      },
      {
        "x": 0.21557265520096,
        "y": 1.0000001192093
      },
      {
        "x": 0.13621753454208,
        "y": 1.0
      },
      {
        "x": 0.68421125411987,
        "y": 0.0
      },
      {
        "x": 0.660285115242,
        "y": 0.0
      },
      {
        "x": 0.12099051475525,
        "y": 1.0000001192093
      },
      {
        "x": 0.65699684619904,
        "y": 0.0
      },
      {
        "x": 0.13241839408875,
        "y": 1.0000001192093
      },
      {
        "x": 0.12099051475525,
        "y": 1.0000001192093
      },
      {
        "x": 0.660285115242,
        "y": 0.0
      },
      {
        "x": 0.12099051475525,
        "y": 1.0000001192093
      },
      {
        "x": 0.079679727554321,
        "y": 1.0000001192093
      },
      {
        "x": 0.65699684619904,
        "y": 0.0
      },
      {
        "x": 0.0796799659729,
        "y": 0.95003759860992
      },
      {
        "x": 0.65699684619904,
        "y": 0.0
      },
      {
        "x": 0.079679727554321,
        "y": 1.0000001192093
      },
      {
        "x": 0.65699684619904,
        "y": 0.0
      },
      {
        "x": 0.0796799659729,
        "y": 0.95003759860992
      },
      {
        "x": 0.079679727554321,
        "y": 0.94342011213303
      },
      {
        "x": 0.079681813716888,
        "y": 0.93299847841263
      },
      {
        "x": 0.65699684619904,
        "y": 0.0
      },
      {
        "x": 0.079679727554321,
        "y": 0.94342011213303
      },
      {
        "x": 0.07964551448822,
        "y": 0.90611118078232
      },
      {
        "x": 0.65699684619904,
        "y": 0.0
      },
      {
        "x": 0.079681813716888,
        "y": 0.93299847841263
      },
      {
        "x": 0.07964813709259,
        "y": 0.8407096862793
      },
      {
        "x": 0.65699684619904,
        "y": 0.0
      },
      {
        "x": 0.07964551448822,
        "y": 0.90611118078232
      },
      {
        "x": 0.65699684619904,
        "y": 0.0
      },
      {
        "x": 0.07964813709259,
        "y": 0.8407096862793
      },
      {
        "x": 0.079648196697235,
        "y": 0.0
      },
      {
        "x": 0.30239868164062,
        "y": 1.0
      },
      {
        "x": 0.26243484020233,
        "y": 1.0000001192093
      },
      {
        "x": 0.87349516153336,
        "y": 0.0
      },
      {
        "x": 0.87349516153336,
        "y": 0.0
      },
      {
        "x": 0.26243484020233,
        "y": 1.0000001192093
      },
      {
        "x": 0.73107302188873,
        "y": 0.0
      },
      {
        "x": 0.8735203742981,
        "y": 0.1296489238739
      },
      {
        "x": 0.30239868164062,
        "y": 1.0
      },
      {
        "x": 0.87349516153336,
        "y": 0.0
      },
      {
        "x": 0.30239868164062,
        "y": 1.0
      },
      {
        "x": 0.8735203742981,
        "y": 0.1296489238739
      },
      {
        "x": 0.87352043390274,
        "y": 1.0000001192093
      },
      {
        "x": 0.092783451080322,
        "y": 1.0000001192093
      },
      {
        "x": 0.079642176628113,
        "y": 1.0000001192093
      },
      {
        "x": 0.12647449970245,
        "y": 0.0
      },
      {
        "x": 0.12647449970245,
        "y": 0.0
      },
      {
        "x": 0.079642176628113,
        "y": 1.0000001192093
      },
      {
        "x": 0.079642176628113,
        "y": 0.0
      },
      {
        "x": 0.26243484020233,
        "y": 1.0000001192093
      },
      {
        "x": 0.25573325157166,
        "y": 1.0000001192093
      },
      {
        "x": 0.73107302188873,
        "y": 0.0
      },
      {
        "x": 0.73107302188873,
        "y": 0.0
      },
      {
        "x": 0.25573325157166,
        "y": 1.0000001192093
      },
      {
        "x": 0.70718985795975,
        "y": 0.0
      },
      {
        "x": 0.25573325157166,
        "y": 1.0000001192093
      },
      {
        "x": 0.092783451080322,
        "y": 1.0000001192093
      },
      {
        "x": 0.70718985795975,
        "y": 0.0
      },
      {
        "x": 0.70718985795975,
        "y": 0.0
      },
      {
        "x": 0.092783451080322,
        "y": 1.0000001192093
      },
      {
        "x": 0.12647449970245,
        "y": 0.0
      }
    ],
    "uv3s": [
      {
        "x": 5.144229888916,
        "y": 0.42799803614616
      },
      {
        "x": 0.0,
        "y": 0.42799803614616
      },
      {
        "x": 0.0,
        "y": 0.0
      },
      {
        "x": 0.0,
        "y": 0.0
      },
      {
        "x": 5.144229888916,
        "y": 0.0
      },
      {
        "x": 5.144229888916,
        "y": 0.42799803614616
      },
      {
        "x": 5.1442098617554,
        "y": 0.42799803614616
      },
      {
        "x": 0.0,
        "y": 0.42799803614616
      },
      {
        "x": 0.0,
        "y": 0.0
      },
      {
        "x": 0.0,
        "y": 0.0
      },
      {
        "x": 5.1442098617554,
        "y": 0.0
      },
      {
        "x": 5.1442098617554,
        "y": 0.42799803614616
      },
      {
        "x": 0.0,
        "y": 5.144229888916
      },
      {
        "x": 0.0,
        "y": 0.0
      },
      {
        "x": 0.40969607234001,
        "y": 0.65061354637146
      },
      {
        "x": 0.40969607234001,
        "y": 0.65061354637146
      },
      {
        "x": 0.0,
        "y": 0.0
      },
      {
        "x": 0.65061116218567,
        "y": 0.65061366558075
      },
      {
        "x": 0.0,
        "y": 5.144229888916
      },
      {
        "x": 0.40969607234001,
        "y": 0.65061354637146
      },
      {
        "x": 0.4096956551075,
        "y": 1.6244902610779
      },
      {
        "x": 0.40969622135162,
        "y": 4.7345008850098
      },
      {
        "x": 0.0,
        "y": 5.144229888916
      },
      {
        "x": 0.40764194726944,
        "y": 1.7642383575439
      },
      {
        "x": 0.40764194726944,
        "y": 1.7642383575439
      },
      {
        "x": 0.0,
        "y": 5.144229888916
      },
      {
        "x": 0.4096956551075,
        "y": 1.6244902610779
      },
      {
        "x": 0.0,
        "y": 0.0
      },
      {
        "x": 5.1442098617554,
        "y": 0.0
      },
      {
        "x": 3.7607984542847,
        "y": 0.65061610937119
      },
      {
        "x": 3.7607984542847,
        "y": 0.65061610937119
      },
      {
        "x": 5.1442098617554,
        "y": 0.0
      },
      {
        "x": 4.4934415817261,
        "y": 0.65061414241791
      },
      {
        "x": 3.6379325389862,
        "y": 0.65061372518539
      },
      {
        "x": 0.0,
        "y": 0.0
      },
      {
        "x": 3.7607984542847,
        "y": 0.65061610937119
      },
      {
        "x": 0.6506113409996,
        "y": 0.65061390399933
      },
      {
        "x": 0.0,
        "y": 0.0
      },
      {
        "x": 3.6379332542419,
        "y": 0.65061390399933
      },
      {
        "x": 5.1442098617554,
        "y": 5.144229888916
      },
      {
        "x": 0.0,
        "y": 5.144229888916
      },
      {
        "x": 0.40969669818878,
        "y": 4.4936165809631
      },
      {
        "x": 0.0,
        "y": 5.144229888916
      },
      {
        "x": 0.12575142085552,
        "y": 0.12595672905445
      },
      {
        "x": 0.40969669818878,
        "y": 4.4936165809631
      },
      {
        "x": 0.40969669818878,
        "y": 4.4936165809631
      },
      {
        "x": 0.12575142085552,
        "y": 0.12595672905445
      },
      {
        "x": 0.40969610214233,
        "y": 1.1089555025101
      },
      {
        "x": 4.4539980888367,
        "y": 4.4936156272888
      },
      {
        "x": 5.1442098617554,
        "y": 5.144229888916
      },
      {
        "x": 4.3808565139771,
        "y": 4.493616104126
      },
      {
        "x": 0.40969610214233,
        "y": 1.1089555025101
      },
      {
        "x": 0.12575142085552,
        "y": 0.12595672905445
      },
      {
        "x": 0.4095444381237,
        "y": 0.68119037151337
      },
      {
        "x": 4.4935722351074,
        "y": 4.493616104126
      },
      {
        "x": 5.1442098617554,
        "y": 5.144229888916
      },
      {
        "x": 4.4629940986633,
        "y": 4.493616104126
      },
      {
        "x": 0.4096956551075,
        "y": 0.62240219116211
      },
      {
        "x": 0.12575142085552,
        "y": 0.12595672905445
      },
      {
        "x": 0.40969607234001,
        "y": 0.40989086031914
      },
      {
        "x": 4.4629940986633,
        "y": 4.493616104126
      },
      {
        "x": 5.1442098617554,
        "y": 5.144229888916
      },
      {
        "x": 4.4539980888367,
        "y": 4.4936156272888
      },
      {
        "x": 0.4095444381237,
        "y": 0.68119037151337
      },
      {
        "x": 0.12575142085552,
        "y": 0.12595672905445
      },
      {
        "x": 0.4096956551075,
        "y": 0.62240219116211
      },
      {
        "x": 5.1442098617554,
        "y": 5.144229888916
      },
      {
        "x": 0.40969669818878,
        "y": 4.4936165809631
      },
      {
        "x": 1.350018620491,
        "y": 4.493616104126
      },
      {
        "x": 4.3808565139771,
        "y": 4.493616104126
      },
      {
        "x": 5.1442098617554,
        "y": 5.144229888916
      },
      {
        "x": 1.350018620491,
        "y": 4.493616104126
      },
      {
        "x": 0.0,
        "y": 5.144229888916
      },
      {
        "x": 0.0,
        "y": 0.0
      },
      {
        "x": 0.12575142085552,
        "y": 0.12595672905445
      },
      {
        "x": 0.079642236232758,
        "y": 0.95003747940063
      },
      {
        "x": 0.031240582466125,
        "y": 1.0
      },
      {
        "x": 0.079642176628113,
        "y": 0.94341993331909
      },
      {
        "x": 0.031240582466125,
        "y": 1.0
      },
      {
        "x": 0.024445235729218,
        "y": 1.0
      },
      {
        "x": 0.079642176628113,
        "y": 0.94341993331909
      },
      {
        "x": 0.079641997814178,
        "y": 0.94342005252838
      },
      {
        "x": 0.024445176124573,
        "y": 1.0
      },
      {
        "x": 0.079642117023468,
        "y": 0.93299835920334
      },
      {
        "x": 0.87349510192871,
        "y": 0.0
      },
      {
        "x": 1.0,
        "y": 0.0
      },
      {
        "x": 0.8735203742981,
        "y": 0.12964893877506
      },
      {
        "x": 0.87352031469345,
        "y": 0.13055843114853
      },
      {
        "x": 1.0,
        "y": 0.0
      },
      {
        "x": 0.87352031469345,
        "y": 0.13742443919182
      },
      {
        "x": 0.079642117023468,
        "y": 1.0
      },
      {
        "x": 0.031240582466125,
        "y": 1.0
      },
      {
        "x": 0.079642094671726,
        "y": 0.95003765821457
      },
      {
        "x": 0.87352031469345,
        "y": 0.13742443919182
      },
      {
        "x": 1.0,
        "y": 0.0
      },
      {
        "x": 0.8735203742981,
        "y": 1.0
      },
      {
        "x": 1.0,
        "y": 0.0
      },
      {
        "x": 1.0,
        "y": 1.0
      },
      {
        "x": 0.8735203742981,
        "y": 1.0
      },
      {
        "x": 0.079681694507599,
        "y": 0.93299841880798
      },
      {
        "x": 0.024485051631927,
        "y": 1.0
      },
      {
        "x": 0.079645588994026,
        "y": 0.90611112117767
      },
      {
        "x": 0.024485051631927,
        "y": 1.0
      },
      {
        "x": 0.0,
        "y": 1.0
      },
      {
        "x": 0.079645588994026,
        "y": 0.90611112117767
      },
      {
        "x": 0.079642176628113,
        "y": 0.90568429231644
      },
      {
        "x": 0.0,
        "y": 1.0
      },
      {
        "x": 0.079642198979855,
        "y": 0.84070956707001
      },
      {
        "x": 0.079648166894913,
        "y": 0.8407096862793
      },
      {
        "x": 0.0,
        "y": 1.0
      },
      {
        "x": 0.079648196697235,
        "y": 0.0
      },
      {
        "x": 0.0,
        "y": 1.0
      },
      {
        "x": 0.0,
        "y": 0.0
      },
      {
        "x": 0.079648196697235,
        "y": 0.0
      },
      {
        "x": 3.1113901138306,
        "y": 0.60089498758316
      },
      {
        "x": 3.3846611976624,
        "y": 0.60089498758316
      },
      {
        "x": 0.0,
        "y": 0.17289698123932
      },
      {
        "x": 0.0,
        "y": 0.17289698123932
      },
      {
        "x": 3.3846611976624,
        "y": 0.60089498758316
      },
      {
        "x": 0.97387677431107,
        "y": 0.17289696633816
      },
      {
        "x": 0.0,
        "y": 0.60089498758316
      },
      {
        "x": 3.1113901138306,
        "y": 0.60089498758316
      },
      {
        "x": 0.0,
        "y": 0.17289698123932
      },
      {
        "x": 3.7928824424744,
        "y": 0.60089498758316
      },
      {
        "x": 3.8124258518219,
        "y": 0.60089498758316
      },
      {
        "x": 0.97387707233429,
        "y": 0.1728970259428
      },
      {
        "x": 0.97387707233429,
        "y": 0.1728970259428
      },
      {
        "x": 3.8124258518219,
        "y": 0.60089498758316
      },
      {
        "x": 1.0969587564468,
        "y": 0.1728970259428
      },
      {
        "x": 3.3846614360809,
        "y": 0.60089498758316
      },
      {
        "x": 3.7928824424744,
        "y": 0.60089498758316
      },
      {
        "x": 0.97387707233429,
        "y": 0.1728970259428
      },
      {
        "x": 1.0969579219818,
        "y": 0.17289689183235
      },
      {
        "x": 3.8712139129639,
        "y": 0.60089504718781
      },
      {
        "x": 1.1138731241226,
        "y": 0.17289692163467
      },
      {
        "x": 3.8124256134033,
        "y": 0.60089498758316
      },
      {
        "x": 3.8712139129639,
        "y": 0.60089504718781
      },
      {
        "x": 1.0969579219818,
        "y": 0.17289689183235
      },
      {
        "x": 3.8712131977081,
        "y": 0.60089498758316
      },
      {
        "x": 4.0837259292603,
        "y": 0.60089492797852
      },
      {
        "x": 1.1138740777969,
        "y": 0.17289707064629
      },
      {
        "x": 4.0837340354919,
        "y": 0.57951110601425
      },
      {
        "x": 1.1138740777969,
        "y": 0.17289707064629
      },
      {
        "x": 4.0837259292603,
        "y": 0.60089492797852
      },
      {
        "x": 1.1138740777969,
        "y": 0.17289707064629
      },
      {
        "x": 4.0837340354919,
        "y": 0.57951110601425
      },
      {
        "x": 4.0837349891663,
        "y": 0.57667875289917
      },
      {
        "x": 4.0837368965149,
        "y": 0.57221841812134
      },
      {
        "x": 1.1138740777969,
        "y": 0.17289707064629
      },
      {
        "x": 4.0837349891663,
        "y": 0.57667875289917
      },
      {
        "x": 4.0837411880493,
        "y": 0.56071072816849
      },
      {
        "x": 1.1138740777969,
        "y": 0.17289707064629
      },
      {
        "x": 4.0837368965149,
        "y": 0.57221841812134
      },
      {
        "x": 4.083752155304,
        "y": 0.53271901607513
      },
      {
        "x": 1.1138740777969,
        "y": 0.17289707064629
      },
      {
        "x": 4.0837411880493,
        "y": 0.56071072816849
      },
      {
        "x": 1.1138740777969,
        "y": 0.17289707064629
      },
      {
        "x": 4.083752155304,
        "y": 0.53271901607513
      },
      {
        "x": 4.0838875770569,
        "y": 0.17289698123932
      },
      {
        "x": 3.1789374351501,
        "y": 0.60089504718781
      },
      {
        "x": 3.3845119476318,
        "y": 0.60089504718781
      },
      {
        "x": 0.24121445417404,
        "y": 0.17289699614048
      },
      {
        "x": 0.24121445417404,
        "y": 0.17289699614048
      },
      {
        "x": 3.3845119476318,
        "y": 0.60089504718781
      },
      {
        "x": 0.97383445501328,
        "y": 0.17289696633816
      },
      {
        "x": 0.24119752645493,
        "y": 0.22838644683361
      },
      {
        "x": 3.1789374351501,
        "y": 0.60089504718781
      },
      {
        "x": 0.24121445417404,
        "y": 0.17289699614048
      },
      {
        "x": 3.1789374351501,
        "y": 0.60089504718781
      },
      {
        "x": 0.24119752645493,
        "y": 0.22838644683361
      },
      {
        "x": 0.24108399450779,
        "y": 0.60089498758316
      },
      {
        "x": 4.2571997642517,
        "y": 0.60089498758316
      },
      {
        "x": 4.3247981071472,
        "y": 0.60089498758316
      },
      {
        "x": 4.0838928222656,
        "y": 0.17289696633816
      },
      {
        "x": 4.0838928222656,
        "y": 0.17289696633816
      },
      {
        "x": 4.3247981071472,
        "y": 0.60089498758316
      },
      {
        "x": 4.3247981071472,
        "y": 0.17289696633816
      },
      {
        "x": 3.3845117092133,
        "y": 0.60089498758316
      },
      {
        "x": 3.4189846515656,
        "y": 0.60089498758316
      },
      {
        "x": 0.97383445501328,
        "y": 0.17289698123932
      },
      {
        "x": 0.97383445501328,
        "y": 0.17289698123932
      },
      {
        "x": 3.4189846515656,
        "y": 0.60089498758316
      },
      {
        "x": 1.0966880321503,
        "y": 0.17289705574512
      },
      {
        "x": 3.4189846515656,
        "y": 0.60089498758316
      },
      {
        "x": 4.2571997642517,
        "y": 0.60089498758316
      },
      {
        "x": 1.0966880321503,
        "y": 0.17289705574512
      },
      {
        "x": 1.0966880321503,
        "y": 0.17289705574512
      },
      {
        "x": 4.2571997642517,
        "y": 0.60089498758316
      },
      {
        "x": 4.0838928222656,
        "y": 0.17289696633816
      }
    ],
    "uvs": [
      {
        "x": 1.0,
        "y": 1.0
      },
      {
        "x": 0.0,
        "y": 1.0
      },
      {
        "x": 0.0,
        "y": 0.0
      },
      {
        "x": 0.0,
        "y": 0.0
      },
      {
        "x": 1.0,
        "y": 0.0
      },
      {
        "x": 1.0,
        "y": 1.0
      },
      {
        "x": 1.0,
        "y": 1.0
      },
      {
        "x": 0.0,
        "y": 1.0
      },
      {
        "x": 0.0,
        "y": 0.0
      },
      {
        "x": 0.0,
        "y": 0.0
      },
      {
        "x": 1.0,
        "y": 0.0
      },
      {
        "x": 1.0,
        "y": 1.0
      },
      {
        "x": 0.0,
        "y": 1.0
      },
      {
        "x": 0.0,
        "y": 0.0
      },
      {
        "x": 0.079642176628113,
        "y": 0.12647449970245
      },
      {
        "x": 0.079642176628113,
        "y": 0.12647449970245
      },
      {
        "x": 0.0,
        "y": 0.0
      },
      {
        "x": 0.12647449970245,
        "y": 0.12647449970245
      },
      {
        "x": 0.0,
        "y": 1.0
      },
      {
        "x": 0.079642176628113,
        "y": 0.12647449970245
      },
      {
        "x": 0.079642176628113,
        "y": 0.31578880548477
      },
      {
        "x": 0.079642176628113,
        "y": 0.92035180330276
      },
      {
        "x": 0.0,
        "y": 1.0
      },
      {
        "x": 0.079642176628113,
        "y": 0.34300321340561
      },
      {
        "x": 0.079642176628113,
        "y": 0.34300321340561
      },
      {
        "x": 0.0,
        "y": 1.0
      },
      {
        "x": 0.079642176628113,
        "y": 0.31578880548477
      },
      {
        "x": 0.0,
        "y": 0.0
      },
      {
        "x": 1.0,
        "y": 0.0
      },
      {
        "x": 0.73107290267944,
        "y": 0.12647449970245
      },
      {
        "x": 0.73107290267944,
        "y": 0.12647449970245
      },
      {
        "x": 1.0,
        "y": 0.0
      },
      {
        "x": 0.87349504232407,
        "y": 0.1264745593071
      },
      {
        "x": 0.7071897983551,
        "y": 0.12647444009781
      },
      {
        "x": 0.0,
        "y": 0.0
      },
      {
        "x": 0.73107290267944,
        "y": 0.12647449970245
      },
      {
        "x": 0.12647449970245,
        "y": 0.12647449970245
      },
      {
        "x": 0.0,
        "y": 0.0
      },
      {
        "x": 0.7071897983551,
        "y": 0.12647444009781
      },
      {
        "x": 1.0,
        "y": 1.0
      },
      {
        "x": 0.0,
        "y": 1.0
      },
      {
        "x": 0.079642176628113,
        "y": 0.87352550029755
      },
      {
        "x": 0.0,
        "y": 1.0
      },
      {
        "x": 0.024445235729218,
        "y": 0.024485051631927
      },
      {
        "x": 0.079642176628113,
        "y": 0.87352550029755
      },
      {
        "x": 0.079642176628113,
        "y": 0.87352550029755
      },
      {
        "x": 0.024445235729218,
        "y": 0.024485051631927
      },
      {
        "x": 0.079642176628113,
        "y": 0.21557265520096
      },
      {
        "x": 0.8658275604248,
        "y": 0.87352550029755
      },
      {
        "x": 1.0,
        "y": 1.0
      },
      {
        "x": 0.8516092300415,
        "y": 0.87352550029755
      },
      {
        "x": 0.079642176628113,
        "y": 0.21557265520096
      },
      {
        "x": 0.024445235729218,
        "y": 0.024485051631927
      },
      {
        "x": 0.079612731933594,
        "y": 0.13241839408875
      },
      {
        "x": 0.87352031469345,
        "y": 0.87352550029755
      },
      {
        "x": 1.0,
        "y": 1.0
      },
      {
        "x": 0.86757618188858,
        "y": 0.87352550029755
      },
      {
        "x": 0.079642176628113,
        "y": 0.12099051475525
      },
      {
        "x": 0.024445235729218,
        "y": 0.024485051631927
      },
      {
        "x": 0.079642176628113,
        "y": 0.079679727554321
      },
      {
        "x": 0.86757618188858,
        "y": 0.87352550029755
      },
      {
        "x": 1.0,
        "y": 1.0
      },
      {
        "x": 0.8658275604248,
        "y": 0.87352550029755
      },
      {
        "x": 0.079612731933594,
        "y": 0.13241839408875
      },
      {
        "x": 0.024445235729218,
        "y": 0.024485051631927
      },
      {
        "x": 0.079642176628113,
        "y": 0.12099051475525
      },
      {
        "x": 1.0,
        "y": 1.0
      },
      {
        "x": 0.079642176628113,
        "y": 0.87352550029755
      },
      {
        "x": 0.26243478059769,
        "y": 0.87352550029755
      },
      {
        "x": 0.8516092300415,
        "y": 0.87352550029755
      },
      {
        "x": 1.0,
        "y": 1.0
      },
      {
        "x": 0.26243478059769,
        "y": 0.87352550029755
      },
      {
        "x": 0.0,
        "y": 1.0
      },
      {
        "x": 0.0,
        "y": 0.0
      },
      {
        "x": 0.024445235729218,
        "y": 0.024485051631927
      },
      {
        "x": 0.079642176628113,
        "y": 0.95003753900528
      },
      {
        "x": 0.031240582466125,
        "y": 1.0
      },
      {
        "x": 0.079642236232758,
        "y": 0.94341999292374
      },
      {
        "x": 0.031240582466125,
        "y": 1.0
      },
      {
        "x": 0.024445176124573,
        "y": 1.0
      },
      {
        "x": 0.079642236232758,
        "y": 0.94341999292374
      },
      {
        "x": 0.079642176628113,
        "y": 0.94341999292374
      },
      {
        "x": 0.024445235729218,
        "y": 1.0
      },
      {
        "x": 0.079642176628113,
        "y": 0.93299835920334
      },
      {
        "x": 0.87349504232407,
        "y": 0.0
      },
      {
        "x": 1.0,
        "y": 0.0
      },
      {
        "x": 0.87352025508881,
        "y": 0.1296489238739
      },
      {
        "x": 0.87352031469345,
        "y": 0.13055831193924
      },
      {
        "x": 1.0,
        "y": 0.0
      },
      {
        "x": 0.87352031469345,
        "y": 0.13742434978485
      },
      {
        "x": 0.079642176628113,
        "y": 1.0
      },
      {
        "x": 0.031240582466125,
        "y": 1.0
      },
      {
        "x": 0.079642176628113,
        "y": 0.95003753900528
      },
      {
        "x": 0.87352031469345,
        "y": 0.13742434978485
      },
      {
        "x": 1.0,
        "y": 0.0
      },
      {
        "x": 0.8735203742981,
        "y": 1.0
      },
      {
        "x": 1.0,
        "y": 0.0
      },
      {
        "x": 1.0,
        "y": 1.0
      },
      {
        "x": 0.87352031469345,
        "y": 1.0
      },
      {
        "x": 0.079681813716888,
        "y": 0.93299835920334
      },
      {
        "x": 0.024485051631927,
        "y": 1.0
      },
      {
        "x": 0.07964551448822,
        "y": 0.90611106157303
      },
      {
        "x": 0.024485051631927,
        "y": 1.0
      },
      {
        "x": 0.0,
        "y": 1.0
      },
      {
        "x": 0.07964551448822,
        "y": 0.90611106157303
      },
      {
        "x": 0.079642117023468,
        "y": 0.90611106157303
      },
      {
        "x": 0.0,
        "y": 1.0
      },
      {
        "x": 0.079642117023468,
        "y": 0.84070956707001
      },
      {
        "x": 0.07964813709259,
        "y": 0.84070956707001
      },
      {
        "x": 0.0,
        "y": 1.0
      },
      {
        "x": 0.07964825630188,
        "y": 0.0
      },
      {
        "x": 0.0,
        "y": 1.0
      },
      {
        "x": 0.0,
        "y": 0.0
      },
      {
        "x": 0.079648196697235,
        "y": 0.0
      },
      {
        "x": 0.26869451999664,
        "y": 1.0
      },
      {
        "x": 0.21557265520096,
        "y": 1.0
      },
      {
        "x": 0.87352550029755,
        "y": 0.0
      },
      {
        "x": 0.87352550029755,
        "y": 0.0
      },
      {
        "x": 0.21557265520096,
        "y": 1.0
      },
      {
        "x": 0.68421113491058,
        "y": 0.0
      },
      {
        "x": 0.87352550029755,
        "y": 1.0
      },
      {
        "x": 0.26869451999664,
        "y": 1.0
      },
      {
        "x": 0.87352550029755,
        "y": 0.0
      },
      {
        "x": 0.13621753454208,
        "y": 0.99999994039536
      },
      {
        "x": 0.13241839408875,
        "y": 1.0
      },
      {
        "x": 0.68421113491058,
        "y": 0.0
      },
      {
        "x": 0.68421113491058,
        "y": 0.0
      },
      {
        "x": 0.13241839408875,
        "y": 1.0
      },
      {
        "x": 0.66028499603271,
        "y": 0.0
      },
      {
        "x": 0.21557265520096,
        "y": 1.0
      },
      {
        "x": 0.13621753454208,
        "y": 0.99999994039536
      },
      {
        "x": 0.68421113491058,
        "y": 0.0
      },
      {
        "x": 0.66028499603271,
        "y": 0.0
      },
      {
        "x": 0.12099051475525,
        "y": 1.0
      },
      {
        "x": 0.65699672698975,
        "y": 0.0
      },
      {
        "x": 0.13241839408875,
        "y": 1.0
      },
      {
        "x": 0.12099051475525,
        "y": 1.0
      },
      {
        "x": 0.66028499603271,
        "y": 0.0
      },
      {
        "x": 0.12099051475525,
        "y": 1.0
      },
      {
        "x": 0.079679727554321,
        "y": 1.0
      },
      {
        "x": 0.65699672698975,
        "y": 0.0
      },
      {
        "x": 0.0796799659729,
        "y": 0.95003753900528
      },
      {
        "x": 0.65699672698975,
        "y": 0.0
      },
      {
        "x": 0.079679727554321,
        "y": 1.0
      },
      {
        "x": 0.65699672698975,
        "y": 0.0
      },
      {
        "x": 0.0796799659729,
        "y": 0.95003753900528
      },
      {
        "x": 0.079679727554321,
        "y": 0.94341999292374
      },
      {
        "x": 0.079681813716888,
        "y": 0.93299835920334
      },
      {
        "x": 0.65699672698975,
        "y": 0.0
      },
      {
        "x": 0.079679727554321,
        "y": 0.94341999292374
      },
      {
        "x": 0.07964551448822,
        "y": 0.90611106157303
      },
      {
        "x": 0.65699672698975,
        "y": 0.0
      },
      {
        "x": 0.079681813716888,
        "y": 0.93299835920334
      },
      {
        "x": 0.07964813709259,
        "y": 0.84070956707001
      },
      {
        "x": 0.65699672698975,
        "y": 0.0
      },
      {
        "x": 0.07964551448822,
        "y": 0.90611106157303
      },
      {
        "x": 0.65699672698975,
        "y": 0.0
      },
      {
        "x": 0.07964813709259,
        "y": 0.84070956707001
      },
      {
        "x": 0.079648196697235,
        "y": 0.0
      },
      {
        "x": 0.30239862203598,
        "y": 0.99999994039536
      },
      {
        "x": 0.26243478059769,
        "y": 1.0
      },
      {
        "x": 0.87349504232407,
        "y": 0.0
      },
      {
        "x": 0.87349504232407,
        "y": 0.0
      },
      {
        "x": 0.26243478059769,
        "y": 1.0
      },
      {
        "x": 0.73107290267944,
        "y": 0.0
      },
      {
        "x": 0.87352025508881,
        "y": 0.1296489238739
      },
      {
        "x": 0.30239862203598,
        "y": 0.99999994039536
      },
      {
        "x": 0.87349504232407,
        "y": 0.0
      },
      {
        "x": 0.30239862203598,
        "y": 0.99999994039536
      },
      {
        "x": 0.87352025508881,
        "y": 0.1296489238739
      },
      {
        "x": 0.87352031469345,
        "y": 1.0
      },
      {
        "x": 0.092783451080322,
        "y": 1.0
      },
      {
        "x": 0.079642176628113,
        "y": 1.0
      },
      {
        "x": 0.12647449970245,
        "y": 0.0
      },
      {
        "x": 0.12647449970245,
        "y": 0.0
      },
      {
        "x": 0.079642176628113,
        "y": 1.0
      },
      {
        "x": 0.079642176628113,
        "y": 0.0
      },
      {
        "x": 0.26243478059769,
        "y": 1.0
      },
      {
        "x": 0.25573319196701,
        "y": 1.0
      },
      {
        "x": 0.73107290267944,
        "y": 0.0
      },
      {
        "x": 0.73107290267944,
        "y": 0.0
      },
      {
        "x": 0.25573319196701,
        "y": 1.0
      },
      {
        "x": 0.7071897983551,
        "y": 0.0
      },
      {
        "x": 0.25573319196701,
        "y": 1.0
      },
      {
        "x": 0.092783451080322,
        "y": 1.0
      },
      {
        "x": 0.7071897983551,
        "y": 0.0
      },
      {
        "x": 0.7071897983551,
        "y": 0.0
      },
      {
        "x": 0.092783451080322,
        "y": 1.0
      },
      {
        "x": 0.12647449970245,
        "y": 0.0
      }
    ],
    "vertices": [
      {
        "x": 0.50000005960464,
        "y": -0.50000005960464,
        "z": 0.50000005960464
      },
      {
        "x": -0.50000005960464,
        "y": -0.50000005960464,
        "z": 0.50000005960464
      },
      {
        "x": -0.50000005960464,
        "y": 0.50000005960464,
        "z": 0.50000005960464
      },
      {
        "x": -0.50000005960464,
        "y": 0.50000005960464,
        "z": 0.50000005960464
      },
      {
        "x": 0.50000005960464,
        "y": 0.50000005960464,
        "z": 0.50000005960464
      },
      {
        "x": 0.50000005960464,
        "y": -0.50000005960464,
        "z": 0.50000005960464
      },
      {
        "x": -0.50000005960464,
        "y": -0.50000005960464,
        "z": 0.50000005960464
      },
      {
        "x": -0.50000005960464,
        "y": -0.50000005960464,
        "z": -0.50000005960464
      },
      {
        "x": -0.50000005960464,
        "y": 0.50000005960464,
        "z": -0.50000005960464
      },
      {
        "x": -0.50000005960464,
        "y": 0.50000005960464,
        "z": -0.50000005960464
      },
      {
        "x": -0.50000005960464,
        "y": 0.50000005960464,
        "z": 0.50000005960464
      },
      {
        "x": -0.50000005960464,
        "y": -0.50000005960464,
        "z": 0.50000005960464
      },
      {
        "x": 0.50000005960464,
        "y": 0.50000005960464,
        "z": 0.50000005960464
      },
      {
        "x": -0.50000005960464,
        "y": 0.50000005960464,
        "z": 0.50000005960464
      },
      {
        "x": -0.37352555990219,
        "y": 0.50000005960464,
        "z": 0.42035791277885
      },
      {
        "x": -0.37352555990219,
        "y": 0.50000005960464,
        "z": 0.42035791277885
      },
      {
        "x": -0.50000005960464,
        "y": 0.50000005960464,
        "z": 0.50000005960464
      },
      {
        "x": -0.37352555990219,
        "y": 0.50000005960464,
        "z": 0.37352558970451
      },
      {
        "x": 0.50000005960464,
        "y": 0.50000005960464,
        "z": 0.50000005960464
      },
      {
        "x": -0.37352555990219,
        "y": 0.50000005960464,
        "z": 0.42035791277885
      },
      {
        "x": -0.18421119451523,
        "y": 0.50000005960464,
        "z": 0.42035791277885
      },
      {
        "x": 0.42035186290741,
        "y": 0.50000005960464,
        "z": 0.42035788297653
      },
      {
        "x": 0.50000005960464,
        "y": 0.50000005960464,
        "z": 0.50000005960464
      },
      {
        "x": -0.15699678659439,
        "y": 0.50000005960464,
        "z": 0.42035791277885
      },
      {
        "x": -0.15699678659439,
        "y": 0.50000005960464,
        "z": 0.42035791277885
      },
      {
        "x": 0.50000005960464,
        "y": 0.50000005960464,
        "z": 0.50000005960464
      },
      {
        "x": -0.18421119451523,
        "y": 0.50000005960464,
        "z": 0.42035791277885
      },
      {
        "x": -0.50000005960464,
        "y": 0.50000005960464,
        "z": 0.50000005960464
      },
      {
        "x": -0.50000005960464,
        "y": 0.50000005960464,
        "z": -0.50000005960464
      },
      {
        "x": -0.37352555990219,
        "y": 0.50000005960464,
        "z": -0.23107296228409
      },
      {
        "x": -0.37352555990219,
        "y": 0.50000005960464,
        "z": -0.23107296228409
      },
      {
        "x": -0.50000005960464,
        "y": 0.50000005960464,
        "z": -0.50000005960464
      },
      {
        "x": -0.37352550029755,
        "y": 0.50000005960464,
        "z": -0.37349510192871
      },
      {
        "x": -0.37352561950684,
        "y": 0.50000005960464,
        "z": -0.2071897983551
      },
      {
        "x": -0.50000005960464,
        "y": 0.50000005960464,
        "z": 0.50000005960464
      },
      {
        "x": -0.37352555990219,
        "y": 0.50000005960464,
        "z": -0.23107296228409
      },
      {
        "x": -0.37352555990219,
        "y": 0.50000005960464,
        "z": 0.37352558970451
      },
      {
        "x": -0.50000005960464,
        "y": 0.50000005960464,
        "z": 0.50000005960464
      },
      {
        "x": -0.37352561950684,
        "y": 0.50000005960464,
        "z": -0.2071897983551
      },
      {
        "x": -0.50000005960464,
        "y": -0.50000005960464,
        "z": -0.50000005960464
      },
      {
        "x": -0.50000005960464,
        "y": -0.50000005960464,
        "z": 0.50000005960464
      },
      {
        "x": -0.37352555990219,
        "y": -0.50000005960464,
        "z": 0.42035788297653
      },
      {
        "x": -0.50000005960464,
        "y": -0.50000005960464,
        "z": 0.50000005960464
      },
      {
        "x": 0.47551500797272,
        "y": -0.50000005960464,
        "z": 0.47555482387543
      },
      {
        "x": -0.37352555990219,
        "y": -0.50000005960464,
        "z": 0.42035788297653
      },
      {
        "x": -0.37352555990219,
        "y": -0.50000005960464,
        "z": 0.42035788297653
      },
      {
        "x": 0.47551500797272,
        "y": -0.50000005960464,
        "z": 0.47555482387543
      },
      {
        "x": 0.28442740440369,
        "y": -0.50000005960464,
        "z": 0.42035788297653
      },
      {
        "x": -0.37352555990219,
        "y": -0.50000005960464,
        "z": -0.36582762002945
      },
      {
        "x": -0.50000005960464,
        "y": -0.50000005960464,
        "z": -0.50000005960464
      },
      {
        "x": -0.37352555990219,
        "y": -0.50000005960464,
        "z": -0.35160928964615
      },
      {
        "x": 0.28442740440369,
        "y": -0.50000005960464,
        "z": 0.42035788297653
      },
      {
        "x": 0.47551500797272,
        "y": -0.50000005960464,
        "z": 0.47555482387543
      },
      {
        "x": 0.3675816655159,
        "y": -0.50000005960464,
        "z": 0.42038732767105
      },
      {
        "x": -0.37352555990219,
        "y": -0.50000005960464,
        "z": -0.3735203742981
      },
      {
        "x": -0.50000005960464,
        "y": -0.50000005960464,
        "z": -0.50000005960464
      },
      {
        "x": -0.37352555990219,
        "y": -0.50000005960464,
        "z": -0.36757624149323
      },
      {
        "x": 0.3790095448494,
        "y": -0.50000005960464,
        "z": 0.42035788297653
      },
      {
        "x": 0.47551500797272,
        "y": -0.50000005960464,
        "z": 0.47555482387543
      },
      {
        "x": 0.42032033205032,
        "y": -0.50000005960464,
        "z": 0.42035788297653
      },
      {
        "x": -0.37352555990219,
        "y": -0.50000005960464,
        "z": -0.36757624149323
      },
      {
        "x": -0.50000005960464,
        "y": -0.50000005960464,
        "z": -0.50000005960464
      },
      {
        "x": -0.37352555990219,
        "y": -0.50000005960464,
        "z": -0.36582762002945
      },
      {
        "x": 0.3675816655159,
        "y": -0.50000005960464,
        "z": 0.42038732767105
      },
      {
        "x": 0.47551500797272,
        "y": -0.50000005960464,
        "z": 0.47555482387543
      },
      {
        "x": 0.3790095448494,
        "y": -0.50000005960464,
        "z": 0.42035788297653
      },
      {
        "x": -0.50000005960464,
        "y": -0.50000005960464,
        "z": -0.50000005960464
      },
      {
        "x": -0.37352555990219,
        "y": -0.50000005960464,
        "z": 0.42035788297653
      },
      {
        "x": -0.37352555990219,
        "y": -0.50000005960464,
        "z": 0.23756521940231
      },
      {
        "x": -0.37352555990219,
        "y": -0.50000005960464,
        "z": -0.35160928964615
      },
      {
        "x": -0.50000005960464,
        "y": -0.50000005960464,
        "z": -0.50000005960464
      },
      {
        "x": -0.37352555990219,
        "y": -0.50000005960464,
        "z": 0.23756521940231
      },
      {
        "x": -0.50000005960464,
        "y": -0.50000005960464,
        "z": 0.50000005960464
      },
      {
        "x": 0.50000005960464,
        "y": -0.50000005960464,
        "z": 0.50000005960464
      },
      {
        "x": 0.47551500797272,
        "y": -0.50000005960464,
        "z": 0.47555482387543
      },
      {
        "x": 0.42032009363174,
        "y": -0.4500375688076,
        "z": 0.42035788297653
      },
      {
        "x": 0.46871972084045,
        "y": -0.50000005960464,
        "z": 0.46875947713852
      },
      {
        "x": 0.420320302248,
        "y": -0.44342005252838,
        "z": 0.42035785317421
      },
      {
        "x": 0.46871972084045,
        "y": -0.50000005960464,
        "z": 0.46875947713852
      },
      {
        "x": 0.47551500797272,
        "y": -0.50000005960464,
        "z": 0.47555482387543
      },
      {
        "x": 0.420320302248,
        "y": -0.44342005252838,
        "z": 0.42035785317421
      },
      {
        "x": 0.420320302248,
        "y": -0.44342005252838,
        "z": 0.42035785317421
      },
      {
        "x": 0.47551500797272,
        "y": -0.50000005960464,
        "z": 0.47555482387543
      },
      {
        "x": 0.42031824588776,
        "y": -0.43299841880798,
        "z": 0.42035788297653
      },
      {
        "x": -0.37352550029755,
        "y": 0.50000005960464,
        "z": -0.37349510192871
      },
      {
        "x": -0.50000005960464,
        "y": 0.50000005960464,
        "z": -0.50000005960464
      },
      {
        "x": -0.37352550029755,
        "y": 0.37035113573074,
        "z": -0.37352031469345
      },
      {
        "x": -0.37352553009987,
        "y": 0.36944174766541,
        "z": -0.3735203742981
      },
      {
        "x": -0.50000005960464,
        "y": 0.50000005960464,
        "z": -0.50000005960464
      },
      {
        "x": -0.37352553009987,
        "y": 0.36257570981979,
        "z": -0.3735203742981
      },
      {
        "x": 0.42032033205032,
        "y": -0.50000005960464,
        "z": 0.42035788297653
      },
      {
        "x": 0.46871972084045,
        "y": -0.50000005960464,
        "z": 0.46875947713852
      },
      {
        "x": 0.42032009363174,
        "y": -0.4500375688076,
        "z": 0.42035788297653
      },
      {
        "x": -0.37352553009987,
        "y": 0.36257570981979,
        "z": -0.3735203742981
      },
      {
        "x": -0.50000005960464,
        "y": 0.50000005960464,
        "z": -0.50000005960464
      },
      {
        "x": -0.37352555990219,
        "y": -0.50000005960464,
        "z": -0.3735203742981
      },
      {
        "x": -0.50000005960464,
        "y": 0.50000005960464,
        "z": -0.50000005960464
      },
      {
        "x": -0.50000005960464,
        "y": -0.50000005960464,
        "z": -0.50000005960464
      },
      {
        "x": -0.37352555990219,
        "y": -0.50000005960464,
        "z": -0.3735203742981
      },
      {
        "x": 0.42031824588776,
        "y": -0.43299841880798,
        "z": 0.42035788297653
      },
      {
        "x": 0.47551500797272,
        "y": -0.50000005960464,
        "z": 0.47555482387543
      },
      {
        "x": 0.4203545153141,
        "y": -0.40611112117767,
        "z": 0.42035794258118
      },
      {
        "x": 0.47551500797272,
        "y": -0.50000005960464,
        "z": 0.47555482387543
      },
      {
        "x": 0.50000005960464,
        "y": -0.50000005960464,
        "z": 0.50000005960464
      },
      {
        "x": 0.4203545153141,
        "y": -0.40611112117767,
        "z": 0.42035794258118
      },
      {
        "x": 0.4203545153141,
        "y": -0.40611112117767,
        "z": 0.42035794258118
      },
      {
        "x": 0.50000005960464,
        "y": -0.50000005960464,
        "z": 0.50000005960464
      },
      {
        "x": 0.42035189270973,
        "y": -0.34070962667465,
        "z": 0.42035794258118
      },
      {
        "x": 0.42035189270973,
        "y": -0.34070962667465,
        "z": 0.42035794258118
      },
      {
        "x": 0.50000005960464,
        "y": -0.50000005960464,
        "z": 0.50000005960464
      },
      {
        "x": 0.42035186290741,
        "y": 0.50000005960464,
        "z": 0.42035788297653
      },
      {
        "x": 0.50000005960464,
        "y": -0.50000005960464,
        "z": 0.50000005960464
      },
      {
        "x": 0.50000005960464,
        "y": 0.50000005960464,
        "z": 0.50000005960464
      },
      {
        "x": 0.42035186290741,
        "y": 0.50000005960464,
        "z": 0.42035788297653
      },
      {
        "x": 0.23130548000336,
        "y": -0.50000005960464,
        "z": 0.42035788297653
      },
      {
        "x": 0.28442740440369,
        "y": -0.50000005960464,
        "z": 0.42035788297653
      },
      {
        "x": -0.37352555990219,
        "y": 0.50000005960464,
        "z": 0.42035791277885
      },
      {
        "x": -0.37352555990219,
        "y": 0.50000005960464,
        "z": 0.42035791277885
      },
      {
        "x": 0.28442740440369,
        "y": -0.50000005960464,
        "z": 0.42035788297653
      },
      {
        "x": -0.18421119451523,
        "y": 0.50000005960464,
        "z": 0.42035791277885
      },
      {
        "x": -0.37352555990219,
        "y": -0.50000005960464,
        "z": 0.42035788297653
      },
      {
        "x": 0.23130548000336,
        "y": -0.50000005960464,
        "z": 0.42035788297653
      },
      {
        "x": -0.37352555990219,
        "y": 0.50000005960464,
        "z": 0.42035791277885
      },
      {
        "x": 0.36378252506256,
        "y": -0.5,
        "z": 0.42038598656654
      },
      {
        "x": 0.3675816655159,
        "y": -0.50000005960464,
        "z": 0.42038732767105
      },
      {
        "x": -0.18421119451523,
        "y": 0.50000005960464,
        "z": 0.42035791277885
      },
      {
        "x": -0.18421119451523,
        "y": 0.50000005960464,
        "z": 0.42035791277885
      },
      {
        "x": 0.3675816655159,
        "y": -0.50000005960464,
        "z": 0.42038732767105
      },
      {
        "x": -0.16028505563736,
        "y": 0.50000005960464,
        "z": 0.42036637663841
      },
      {
        "x": 0.28442740440369,
        "y": -0.50000005960464,
        "z": 0.42035788297653
      },
      {
        "x": 0.36378252506256,
        "y": -0.5,
        "z": 0.42038598656654
      },
      {
        "x": -0.18421119451523,
        "y": 0.50000005960464,
        "z": 0.42035791277885
      },
      {
        "x": -0.16028505563736,
        "y": 0.50000005960464,
        "z": 0.42036637663841
      },
      {
        "x": 0.3790095448494,
        "y": -0.50000005960464,
        "z": 0.42035788297653
      },
      {
        "x": -0.15699678659439,
        "y": 0.50000005960464,
        "z": 0.42035791277885
      },
      {
        "x": 0.3675816655159,
        "y": -0.50000005960464,
        "z": 0.42038732767105
      },
      {
        "x": 0.3790095448494,
        "y": -0.50000005960464,
        "z": 0.42035788297653
      },
      {
        "x": -0.16028505563736,
        "y": 0.50000005960464,
        "z": 0.42036637663841
      },
      {
        "x": 0.3790095448494,
        "y": -0.50000005960464,
        "z": 0.42035788297653
      },
      {
        "x": 0.42032033205032,
        "y": -0.50000005960464,
        "z": 0.42035788297653
      },
      {
        "x": -0.15699678659439,
        "y": 0.50000005960464,
        "z": 0.42035791277885
      },
      {
        "x": 0.42032009363174,
        "y": -0.4500375688076,
        "z": 0.42035788297653
      },
      {
        "x": -0.15699678659439,
        "y": 0.50000005960464,
        "z": 0.42035791277885
      },
      {
        "x": 0.42032033205032,
        "y": -0.50000005960464,
        "z": 0.42035788297653
      },
      {
        "x": -0.15699678659439,
        "y": 0.50000005960464,
        "z": 0.42035791277885
      },
      {
        "x": 0.42032009363174,
        "y": -0.4500375688076,
        "z": 0.42035788297653
      },
      {
        "x": 0.420320302248,
        "y": -0.44342005252838,
        "z": 0.42035785317421
      },
      {
        "x": 0.42031824588776,
        "y": -0.43299841880798,
        "z": 0.42035788297653
      },
      {
        "x": -0.15699678659439,
        "y": 0.50000005960464,
        "z": 0.42035791277885
      },
      {
        "x": 0.420320302248,
        "y": -0.44342005252838,
        "z": 0.42035785317421
      },
      {
        "x": 0.4203545153141,
        "y": -0.40611112117767,
        "z": 0.42035794258118
      },
      {
        "x": -0.15699678659439,
        "y": 0.50000005960464,
        "z": 0.42035791277885
      },
      {
        "x": 0.42031824588776,
        "y": -0.43299841880798,
        "z": 0.42035788297653
      },
      {
        "x": 0.42035189270973,
        "y": -0.34070962667465,
        "z": 0.42035794258118
      },
      {
        "x": -0.15699678659439,
        "y": 0.50000005960464,
        "z": 0.42035791277885
      },
      {
        "x": 0.4203545153141,
        "y": -0.40611112117767,
        "z": 0.42035794258118
      },
      {
        "x": -0.15699678659439,
        "y": 0.50000005960464,
        "z": 0.42035791277885
      },
      {
        "x": 0.42035189270973,
        "y": -0.34070962667465,
        "z": 0.42035794258118
      },
      {
        "x": 0.42035186290741,
        "y": 0.50000005960464,
        "z": 0.42035788297653
      },
      {
        "x": -0.37352555990219,
        "y": -0.5,
        "z": 0.19760140776634
      },
      {
        "x": -0.37352555990219,
        "y": -0.50000005960464,
        "z": 0.23756521940231
      },
      {
        "x": -0.37352550029755,
        "y": 0.50000005960464,
        "z": -0.37349510192871
      },
      {
        "x": -0.37352550029755,
        "y": 0.50000005960464,
        "z": -0.37349510192871
      },
      {
        "x": -0.37352555990219,
        "y": -0.50000005960464,
        "z": 0.23756521940231
      },
      {
        "x": -0.37352555990219,
        "y": 0.50000005960464,
        "z": -0.23107296228409
      },
      {
        "x": -0.37352550029755,
        "y": 0.37035113573074,
        "z": -0.37352031469345
      },
      {
        "x": -0.37352555990219,
        "y": -0.5,
        "z": 0.19760140776634
      },
      {
        "x": -0.37352550029755,
        "y": 0.50000005960464,
        "z": -0.37349510192871
      },
      {
        "x": -0.37352555990219,
        "y": -0.5,
        "z": 0.19760140776634
      },
      {
        "x": -0.37352550029755,
        "y": 0.37035113573074,
        "z": -0.37352031469345
      },
      {
        "x": -0.37352555990219,
        "y": -0.50000005960464,
        "z": -0.3735203742981
      },
      {
        "x": -0.37352555990219,
        "y": -0.50000005960464,
        "z": 0.40721660852432
      },
      {
        "x": -0.37352555990219,
        "y": -0.50000005960464,
        "z": 0.42035788297653
      },
      {
        "x": -0.37352555990219,
        "y": 0.50000005960464,
        "z": 0.37352558970451
      },
      {
        "x": -0.37352555990219,
        "y": 0.50000005960464,
        "z": 0.37352558970451
      },
      {
        "x": -0.37352555990219,
        "y": -0.50000005960464,
        "z": 0.42035788297653
      },
      {
        "x": -0.37352555990219,
        "y": 0.50000005960464,
        "z": 0.42035791277885
      },
      {
        "x": -0.37352555990219,
        "y": -0.50000005960464,
        "z": 0.23756521940231
      },
      {
        "x": -0.37352555990219,
        "y": -0.50000005960464,
        "z": 0.24426680803299
      },
      {
        "x": -0.37352555990219,
        "y": 0.50000005960464,
        "z": -0.23107296228409
      },
      {
        "x": -0.37352555990219,
        "y": 0.50000005960464,
        "z": -0.23107296228409
      },
      {
        "x": -0.37352555990219,
        "y": -0.50000005960464,
        "z": 0.24426680803299
      },
      {
        "x": -0.37352561950684,
        "y": 0.50000005960464,
        "z": -0.2071897983551
      },
      {
        "x": -0.37352555990219,
        "y": -0.50000005960464,
        "z": 0.24426680803299
      },
      {
        "x": -0.37352555990219,
        "y": -0.50000005960464,
        "z": 0.40721660852432
      },
      {
        "x": -0.37352561950684,
        "y": 0.50000005960464,
        "z": -0.2071897983551
      },
      {
        "x": -0.37352561950684,
        "y": 0.50000005960464,
        "z": -0.2071897983551
      },
      {
        "x": -0.37352555990219,
        "y": -0.50000005960464,
        "z": 0.40721660852432
      },
      {
        "x": -0.37352555990219,
        "y": 0.50000005960464,
        "z": 0.37352558970451
      }
    ]
  }
}