{
  "__OBJ_TYPE": "SkillSystemCfg",
  "AntiClockwise": false,
  "attackBound": {
    "__OBJ_TYPE": "AttackBound",
    "angle": {
      "__OBJ_TYPE": "ValueRange",
      "max": 360,
      "min": 0
    },
    "height": 1,
    "height_c": 1.5,
    "memory": {
      "__OBJ_TYPE": "BoundingVolumeMemory",
      "Capsule": "",
      "Cylinder": "",
      "Sector": "",
      "Sphere": ""
    },
    "position": {
      "__OBJ_TYPE": "Vector3",
      "x": 0.0,
      "y": 0.0,
      "z": 0.0
    },
    "preview_dialog": {
      "__OBJ_TYPE": "CollisionboxPreview",
      "preview": false
    },
    "radius": 0.5,
    "radius_c": 0.5,
    "rotate": {
      "__OBJ_TYPE": "Vector3",
      "x": 0.0,
      "y": 0.0,
      "z": 0.0
    },
    "size": {
      "__OBJ_TYPE": "Vector3",
      "x": 1,
      "y": 1,
      "z": 1
    },
    "type": "Box"
  },
  "attackBoundSkillSystemCfg": {
    "__OBJ_TYPE": "BoundPreview",
    "angle": {
      "__OBJ_TYPE": "ValueRange",
      "max": 360,
      "min": 0
    },
    "height": 1,
    "height_c": 1.5,
    "memory": {
      "__OBJ_TYPE": "BoundingVolumeMemory",
      "Capsule": "",
      "Cylinder": "",
      "Sector": "",
      "Sphere": ""
    },
    "position": {
      "__OBJ_TYPE": "Vector3",
      "x": 0.0,
      "y": 0.0,
      "z": 0.0
    },
    "radius": 0.5,
    "radius_c": 0.5,
    "rotate": {
      "__OBJ_TYPE": "Vector3",
      "x": 0.0,
      "y": 0.0,
      "z": 0.0
    },
    "size": {
      "__OBJ_TYPE": "Vector3",
      "x": 1,
      "y": 1,
      "z": 1
    },
    "type": "Box"
  },
  "attackTarget": {
    "__OBJ_TYPE": "AttackTarget",
    "attackEntity": "hitAllConfigEntity",
    "attackTeam": "hitAllTeam",
    "entityList": [],
    "targetType": "hitAllEntitys",
    "teamList": []
  },
  "castAction": {
    "__OBJ_TYPE": "SkillReleaseAction",
    "castAction": "fly_idle",
    "castActionTime": {
      "__OBJ_TYPE": "Time",
      "value": 20
    },
    "custom_time": false
  },
  "castEffect": {
    "__OBJ_TYPE": "EntityEffect",
    "effect": {
      "__OBJ_TYPE": "Resource_Effect",
      "asset": "asset/Actor/Gray Armor Warrior/g2021_25_A.effect",
      "selector": ""
    },
    "once": true,
    "pos": {
      "__OBJ_TYPE": "Vector3",
      "x": 0,
      "y": 0,
      "z": 0
    },
    "scale": {
      "__OBJ_TYPE": "Vector3",
      "x": 1,
      "y": 1,
      "z": 1
    },
    "selfOnly": true,
    "yaw": 0
  },
  "castInterval": {
    "__OBJ_TYPE": "Time",
    "value": 60
  },
  "castSound": {
    "__OBJ_TYPE": "CastSound",
    "loop": false,
    "selfOnly": false,
    "sound": {
      "__OBJ_TYPE": "Resource_Sound",
      "asset": "",
      "selector": ""
    },
    "volume": {
      "__OBJ_TYPE": "Percentage",
      "value": 1
    }
  },
  "cdAnimation": "",
  "cdTime": {
    "__OBJ_TYPE": "Time",
    "value": 0
  },
  "damage": 0,
  "enableCdMask": false,
  "enableCdTip": false,
  "FillPosition": "",
  "FillType": "Horizontal",
  "hitEntitySound": {
    "__OBJ_TYPE": "CastSound",
    "loop": false,
    "selfOnly": false,
    "sound": {
      "__OBJ_TYPE": "Resource_Sound",
      "asset": "",
      "selector": ""
    },
    "volume": {
      "__OBJ_TYPE": "Percentage",
      "value": 1
    }
  },
  "hurtDistance": 0,
  "isLimit": false,
  "isShowCdPoint": false,
  "isTouch": true,
  "lifeTime": {
    "__OBJ_TYPE": "Time",
    "value": 2
  },
  "maxAttackNumber": 1,
  "missile": "34ef9724-c1ce-4439-a5c7-132439d05abe",
  "name": {
    "__OBJ_TYPE": "Text",
    "value": "skill_system_645e302f-fe0e-4fb3-b494-6fedf955903f"
  },
  "preKillTime": {
    "__OBJ_TYPE": "Time",
    "value": 0
  },
  "skill1": "645e302f-fe0e-4fb3-b494-6fedf955903f",
  "skill2": "7a5e7fee-d53c-43e6-aded-7a4563c4be7f",
  "skillIcon": {
    "__OBJ_TYPE": "Resource_SkillTexture",
    "asset": "asset/Texture/Skill/common/icon_落地.png",
    "selector": ""
  },
  "skillIconPos": {
    "__OBJ_TYPE": "SkillIconPos",
    "area_number": 7
  },
  "skillIconPushed": {
    "__OBJ_TYPE": "Resource_SkillTexture",
    "asset": "asset/Texture/Skill/common/icon_飞.png",
    "selector": ""
  }
}