{
  "antiGravity": 0.065,
  "continueDamage": 0,
  "continueHeal": 0,
  "damage": 0,
  "damagePct": 0,
  "deadRemove": false,
  "deDmgPct": 0,
  "dropDamageRatio": 0,
  "dropDamageStart": 0,
  "effect": {
    "effect": "asset/Actor/Gray Armor Warrior/g2021_33_C.effect",
    "once": true,
    "pos": {
      "x": 0,
      "y": 0,
      "z": 0
    },
    "scale": {
      "x": 2,
      "y": 2,
      "z": 2
    },
    "selfOnly": true,
    "yaw": 0
  },
  "gravity": 0.0,
  "hide": 0,
  "jumpSpeed": 0.0,
  "maxHp": 0,
  "moveAcc": 0.0,
  "moveFactor": 0,
  "moveSpeed": 0.0,
  "needSave": false,
  "reachDistance": 0,
  "skin": [],
  "sync": "all",
  "unassailable": 0,
  "undamageable": 0
}